image_id,dataset_source,dataset_subset,image_file,file_md5,width,height,roi_method,roi_x,roi_y,roi_w,roi_h,n_sample_patches,pH_actual,brightness,contrast,blur_score,roi_pixels,roi_brightness,roi_colourless_frac,roi_quality,quality_reasons,R_mean,R_std,G_mean,G_std,B_mean,B_std,rn_mean,rn_std,gn_mean,gn_std,bn_mean,bn_std,H_mean,H_std,S_mean,S_std,V_mean,V_std,L_mean,L_std,a_mean,a_std,blab_mean,blab_std,n_R_mean,n_R_std,n_G_mean,n_G_std,n_B_mean,n_B_std,n_rn_mean,n_rn_std,n_gn_mean,n_gn_std,n_bn_mean,n_bn_std,n_H_mean,n_H_std,n_S_mean,n_S_std,n_V_mean,n_V_std,n_L_mean,n_L_std,n_a_mean,n_a_std,n_blab_mean,n_blab_std,ref_B,ref_G,ref_R,reference_source,has_reference,phone_id,lighting,sample_id
A_pH_test_dataset/benchmark_test/1.jpg,A_pH_test_dataset,benchmark_test,1.jpg,0ec7ea7a184e39b244ecbce40faec236,282,501,dataset_annotation,126,195,8,15,1,5.005,131.1109766283037,81.88233699557833,614.1125511966258,120,205.9,0.0,GOOD,,253.80833333333334,1.292902634471066,210.65,1.5091388272786568,56.875,1.8283075051350999,0.4868550324577188,0.001978826003257838,0.4040662296971547,0.00219263114968217,0.10907873592686768,0.002845092643606714,23.208333333333332,0.40611643103370676,197.94166666666666,1.644667308471703,253.80833333333334,1.292902634471066,219.15833333333333,1.0645486784966147,128.925,0.8959399161402137,203.91666666666666,0.6135054106435321,,,,,,,,,,,,,,,,,,,,,,,,,,,,none,0,,,
A_pH_test_dataset/benchmark_test/2.jpg,A_pH_test_dataset,benchmark_test,2.jpg,07fffdf5a03e5f5abc841c156af65ab8,282,501,dataset_annotation,126,197,8,15,1,5.005,130.7447374754038,82.0102468207539,610.8121044823876,120,205.04166666666666,0.0,GOOD,,253.475,1.284279953904132,209.875,1.8644145640566818,52.891666666666666,2.136179741709224,0.49101679651221875,0.0031548924964734776,0.4065445098074246,0.0022569637937720115,0.10243869174318228,0.003641650579580853,23.358333333333334,0.4795107460271934,201.89166666666668,2.224094697224518,253.475,1.284279953904132,218.56666666666666,1.3767917618708923,128.99166666666667,0.9873857177190459,204.875,0.6266644503506907,,,,,,,,,,,,,,,,,,,,,,,,,,,,none,0,,,
A_pH_test_dataset/benchmark_test/3.jpg,A_pH_test_dataset,benchmark_test,3.jpg,acfd8ca8fb7edd887449599d9ba89137,282,501,dataset_annotation,125,195,8,15,1,5.005,129.8218456703614,81.52822040901624,603.9463198471574,120,204.65,0.0,GOOD,,253.06666666666666,1.6265163865007803,208.86666666666667,2.012185103038209,55.84166666666667,2.4765427290658417,0.4887834925507871,0.0028373339766253353,0.40340095493124334,0.0018734771125590393,0.10781555058641246,0.0037573070414845225,23.075,0.2633913438213185,198.80833333333334,2.2483172719960045,253.06666666666666,1.6265163865007803,217.74166666666667,1.7535479906622329,129.54166666666666,0.7291071404274013,203.80833333333334,0.6493051841947839,,,,,,,,,,,,,,,,,,,,,,,,,,,,none,0,,,
A_pH_test_dataset/benchmark_test/4.jpg,A_pH_test_dataset,benchmark_test,4.jpg,c46e89adea4fac79f83e1cccf184e638,282,501,dataset_annotation,123,195,8,15,1,5.005,130.5060092580796,81.64220368857255,610.771151415662,120,203.78333333333333,0.0,GOOD,,253.21666666666667,1.089214803832967,207.65833333333333,1.2144671899872617,53.9,2.0305992547357374,0.49191042788251643,0.0028690644211315556,0.4034004559100989,0.00174942641706428,0.10468911426471864,0.0034047899602536406,23.025,0.15612494995995993,200.86666666666667,2.0245712852080286,253.21666666666667,1.089214803832967,217.15833333333333,0.9128328920941056,130.06666666666666,0.7930251502246881,203.99166666666667,0.4377181995556299,,,,,,,,,,,,,,,,,,,,,,,,,,,,none,0,,,
A_pH_test_dataset/benchmark_test/5.jpg,A_pH_test_dataset,benchmark_test,5.jpg,973f8ecffa1cc1c7053e7131cb66467a,282,501,dataset_annotation,126,196,8,15,1,5.311,130.36500757350547,81.72444214152456,609.0160967965029,120,207.025,0.0,GOOD,,253.15,1.2223611032205934,213.79166666666666,1.1964937200930987,51.45,1.6219843813469146,0.48834608585401834,0.001674978945457517,0.4124197069015214,0.0015650562084521167,0.09923420531532547,0.002507497164611239,24.0,0.0,203.23333333333332,1.364632632697248,253.15,1.2223611032205934,220.90833333333333,1.0877793383259717,126.95,0.4974937185533099,205.9,0.30000000000000004,,,,,,,,,,,,,,,,,,,,,,,,,,,,none,0,,,
A_pH_test_dataset/benchmark_test/6.jpg,A_pH_test_dataset,benchmark_test,6.jpg,23bd3ba493ac034f31eafc8e766b4869,282,501,dataset_annotation,126,196,8,15,1,5.311,131.12538044478418,81.99147573840479,613.2414384073711,120,206.98333333333332,0.0,GOOD,,253.54166666666666,1.2442925254492567,213.09166666666667,1.1546704676611803,52.74166666666667,2.5215598126732766,0.48818263567936726,0.002861843667158727,0.4102939789206166,0.001824101648420366,0.10152338347452045,0.004236780415335393,24.0,0.0,202.03333333333333,2.4864074931962024,253.54166666666666,1.2442925254492567,220.59166666666667,0.926425328285496,127.24166666666666,0.516330535821989,205.65,0.7147260547463855,,,,,,,,,,,,,,,,,,,,,,,,,,,,none,0,,,
A_pH_test_dataset/benchmark_test/7.jpg,A_pH_test_dataset,benchmark_test,7.jpg,ea2b01301d0a3a78ee1d223b5bd39ab3,282,501,dataset_annotation,126,195,8,15,1,5.311,131.15551874973457,81.85985882530436,612.9553644644596,120,207.88333333333333,0.0,GOOD,,253.36666666666667,1.3597385369580761,214.49166666666667,1.6881737338187546,53.90833333333333,2.0655743080853375,0.48560666825360976,0.002207299224588553,0.4110935302885211,0.0022913652356181284,0.10329979954118655,0.0033456038432794623,24.091666666666665,0.28855482821967976,200.83333333333334,1.8900323336446447,253.36666666666667,1.3597385369580761,221.375,1.2718916358453394,126.525,0.6826724446370065,205.55,0.6171169527191206,,,,,,,,,,,,,,,,,,,,,,,,,,,,none,0,,,
A_pH_test_dataset/benchmark_test/8.jpg,A_pH_test_dataset,benchmark_test,8.jpg,b6306c48d8bafdb4212a73b55f7564e5,282,501,dataset_annotation,125,195,8,15,1,5.311,131.5756784303733,82.08754910355366,609.090219774459,120,207.45833333333334,0.0,GOOD,,253.56666666666666,1.1382247385975917,214.25,1.7090445673923584,51.06666666666667,1.569146972791976,0.48869001081887437,0.0022992895157908813,0.41290630501507797,0.0016887353190862511,0.09840368223873798,0.0024840171722600073,24.041666666666668,0.19982631347136331,203.78333333333333,1.4616391103445776,253.56666666666666,1.1382247385975917,221.4,1.3928388277184118,126.70833333333333,0.7788435158760855,206.25833333333333,0.5243382072246457,,,,,,,,,,,,,,,,,,,,,,,,,,,,none,0,,,
A_pH_test_dataset/benchmark_test/9.jpg,A_pH_test_dataset,benchmark_test,9.jpg,89848dd9311fdb56e32bafd48c4d71b3,282,501,dataset_annotation,125,196,8,15,1,5.609,131.19415070568084,81.67922791646248,526.6393972173063,120,210.025,0.0,GOOD,,252.11666666666667,1.654203400095916,219.74166666666667,1.6608021823470998,50.675,1.6184483309639515,0.4824988025442136,0.0017691405410393817,0.42053684163666694,0.0015411495335238062,0.0969643539052325,0.0024498285601868785,25.033333333333335,0.17950549357115014,203.79166666666666,1.4135996211406145,252.11666666666667,1.654203400095916,224.61666666666667,1.4559265854507302,123.26666666666667,0.6018490028422596,207.43333333333334,0.5587684871413403,,,,,,,,,,,,,,,,,,,,,,,,,,,,none,0,,,
A_pH_test_dataset/benchmark_test/10.jpg,A_pH_test_dataset,benchmark_test,10.jpg,9d4be4877412b9a46f9e49574994775a,282,501,dataset_annotation,126,195,8,15,1,5.609,130.34566328336234,81.64116566311762,611.6205131096916,120,211.075,0.0,GOOD,,251.99166666666667,1.2006653248187948,221.28333333333333,1.533967260261951,51.875,2.014789070845879,0.479863717174751,0.002454349913071537,0.4213773527643229,0.0012581690003975806,0.0987589281565825,0.003102047752784307,25.216666666666665,0.41197356981027583,202.45833333333334,1.7601885946934464,251.99166666666667,1.2006653248187948,225.375,1.1623431793866503,122.66666666666667,0.674948557710553,207.275,0.46480282557947805,,,,,,,,,,,,,,,,,,,,,,,,,,,,none,0,,,
A_pH_test_dataset/benchmark_test/11.jpg,A_pH_test_dataset,benchmark_test,11.jpg,ecf375b218273da159584360180f99b8,282,501,dataset_annotation,125,196,8,15,1,5.943,131.17891168018573,82.0341861482973,612.9352507818492,120,212.625,0.0,GOOD,,249.48333333333332,2.0206572088198325,225.85833333333332,1.849755989913865,46.44166666666667,2.0322230575297473,0.4781478247165863,0.0023222958040236786,0.4328708427270465,0.0024531159935056632,0.08898133063968643,0.003190812125264268,26.566666666666666,0.4955356249106168,207.53333333333333,1.829996964174774,249.48333333333332,2.0206572088198325,227.79166666666666,1.548632909662225,119.08333333333333,1.0131085276952756,209.59166666666667,0.5700268024887563,,,,,,,,,,,,,,,,,,,,,,,,,,,,none,0,,,
A_pH_test_dataset/benchmark_test/12.jpg,A_pH_test_dataset,benchmark_test,12.jpg,2f36915d958b0d36edeef603ccb02dce,282,501,dataset_annotation,125,195,8,15,1,5.943,131.73376650953412,82.04095531976142,617.0663016517716,120,213.425,0.0,GOOD,,249.575,1.50367605110498,226.825,1.358077685554107,48.06666666666667,1.9947152400502908,0.47587262322798884,0.00211638868132193,0.43249382772028255,0.00175165922850606,0.0916335471449321,0.003371867037801108,26.891666666666666,0.31080093664952524,205.93333333333334,1.9779338265529063,249.575,1.50367605110498,228.50833333333333,1.1180029318188551,118.65,0.5575242894559244,209.44166666666666,0.5290846393116658,,,,,,,,,,,,,,,,,,,,,,,,,,,,none,0,,,
A_pH_test_dataset/benchmark_test/13.jpg,A_pH_test_dataset,benchmark_test,13.jpg,b8ede63bac4d77a02f1a5e281fc7287f,282,501,dataset_annotation,126,193,8,15,1,8.4,130.12480004529948,81.90222845141795,617.0400309473628,120,95.76666666666667,0.0,GOOD,,47.21666666666667,4.741981536118512,114.825,4.480815587963126,123.64166666666667,4.521791373142089,0.16485972202353538,0.008938823788139996,0.4021051485834521,0.004078842391669663,0.43303512588454607,0.005663107730288973,93.81666666666666,0.5161287522400674,157.83333333333334,6.477310827461929,123.64166666666667,4.521791373142089,113.825,4.480815587963126,109.74166666666666,0.5985514922618511,117.06666666666666,0.5436502143433364,,,,,,,,,,,,,,,,,,,,,,,,,,,,none,0,,,
A_pH_test_dataset/benchmark_test/14.jpg,A_pH_test_dataset,benchmark_test,14.jpg,be03dcf349f660865d52e6fd431813ea,282,501,dataset_annotation,123,194,8,15,1,8.4,129.93011848643138,81.84233007851137,621.6813395849302,120,99.575,0.0,GOOD,,51.516666666666666,4.8217965761967,118.74166666666666,4.784516404217068,126.24166666666666,4.849391428027049,0.1733884156940866,0.008347731894530657,0.40063396922635724,0.004456880149264434,0.42597761169922,0.00540962251115285,92.99166666666666,0.7691535751865307,151.125,6.213644260818284,126.24166666666666,4.849391428027049,117.74166666666666,4.787998596026899,109.30833333333334,0.7505090864798966,117.48333333333333,0.8463975950396414,,,,,,,,,,,,,,,,,,,,,,,,,,,,none,0,,,
A_pH_test_dataset/benchmark_test/15.jpg,A_pH_test_dataset,benchmark_test,15.jpg,a2af0e246da69de3286d3c624a1dd5d3,282,501,dataset_annotation,126,196,8,15,1,8.062,131.99430925383277,82.26514808148924,580.065037711482,120,121.63333333333334,0.0,GOOD,,70.30833333333334,3.618922107785994,152.925,3.4524447859451715,96.08333333333333,3.5037678132103576,0.22006349722308025,0.005086517994948208,0.4790651454656692,0.005272901455520866,0.3008713541763758,0.0028273748859134386,69.40833333333333,0.5985514922618512,137.81666666666666,3.8535337318132066,152.925,3.4524447859451715,145.54166666666666,3.227217153455211,89.70833333333333,0.47250808341116124,150.38333333333333,0.6730940168769558,,,,,,,,,,,,,,,,,,,,,,,,,,,,none,0,,,
A_pH_test_dataset/benchmark_test/16.jpg,A_pH_test_dataset,benchmark_test,16.jpg,15055e7ce77374705acebca70c6e44e4,282,501,dataset_annotation,126,195,8,15,1,8.062,129.93355133704222,81.57859089494572,595.3545751047302,120,115.11666666666666,0.0,GOOD,,63.05,3.528101472463625,145.975,3.3552508599705826,94.18333333333334,3.6832579177799762,0.20778803286971595,0.0049009933978346075,0.4816301413321058,0.006926727032725817,0.3105818224963476,0.0038202652616279808,71.25,0.5041494487418058,144.81666666666666,3.9664915927751,145.975,3.3552508599705826,138.95833333333334,3.320130101199182,90.36666666666666,0.9122621455602673,148.11666666666667,1.1341908520566055,,,,,,,,,,,,,,,,,,,,,,,,,,,,none,0,,,
A_pH_test_dataset/benchmark_test/17.jpg,A_pH_test_dataset,benchmark_test,17.jpg,fd985d3a88bd34f563a0182c70105d73,282,501,dataset_annotation,125,194,8,15,1,7.74,130.41614643054317,81.79229293821716,603.393168690043,120,132.16666666666666,0.0,GOOD,,86.175,3.6915726097875057,165.11666666666667,3.6541832952871367,85.91666666666667,3.6345181554398955,0.2554679395694893,0.0028042476262653514,0.4898207951388619,0.005215992044070933,0.2547112623230287,0.0030826200414695117,59.88333333333333,0.41197356981027583,122.51666666666667,2.762798500715453,165.11666666666667,3.6541832952871367,156.49166666666667,3.296452217494169,87.04166666666667,0.19982631347136331,161.475,0.6186342484322488,,,,,,,,,,,,,,,,,,,,,,,,,,,,none,0,,,
A_pH_test_dataset/benchmark_test/18.jpg,A_pH_test_dataset,benchmark_test,18.jpg,5910a57da23ec70788edb499d10c68ac,282,501,dataset_annotation,125,198,8,15,1,7.74,131.63826248212794,82.01002749192348,573.1391513610629,120,136.54166666666666,0.0,GOOD,,91.83333333333333,3.0285676849332956,168.73333333333332,2.8158282775923835,87.75,2.969988776634237,0.2636105147747474,0.004077738840633052,0.48451136164145286,0.004187090621505866,0.2518781207112306,0.003664349732301584,58.4,0.9255628917943214,122.44166666666666,2.657680170541386,168.73333333333332,2.8158282775923835,159.93333333333334,2.6512051766864233,87.60833333333333,0.6867293660695035,162.40833333333333,0.6645278189979877,,,,,,,,,,,,,,,,,,,,,,,,,,,,none,0,,,
A_pH_test_dataset/benchmark_test/19.jpg,A_pH_test_dataset,benchmark_test,19.jpg,4479ea548298a2dfbf1c6a28d848f3c4,282,501,dataset_annotation,123,195,8,15,1,7.423,131.19639444515224,81.88821657192378,615.2290463878761,120,156.1,0.0,GOOD,,121.13333333333334,2.729265265394496,189.65,2.920188350089768,75.025,2.9677783497649104,0.31396555458284064,0.0013832677275735894,0.4916342490252506,0.004254502757903954,0.1944001937987994,0.004330433718898923,48.00833333333333,0.20395397084200695,154.075,3.0826463198578806,189.65,2.920188350089768,179.59166666666667,2.730982220536942,86.45,0.6171169527191205,177.875,1.0997158723961387,,,,,,,,,,,,,,,,,,,,,,,,,,,,none,0,,,
A_pH_test_dataset/benchmark_test/20.jpg,A_pH_test_dataset,benchmark_test,20.jpg,135694847a84c1d47d7a36215e109f08,282,501,dataset_annotation,125,196,8,15,1,7.423,130.45248510072054,81.78380343087674,614.0481743696699,120,146.55,0.0,GOOD,,110.49166666666666,3.596284734123383,179.51666666666668,3.3837438174634644,71.89166666666667,3.630417407896171,0.3052840031047291,0.0026854405025074288,0.4961849674004004,0.00561043209620682,0.1985310267294173,0.004662822481153306,49.18333333333333,0.40790794168401395,152.96666666666667,3.4081601422990024,179.51666666666668,3.3837438174634644,170.3,3.197915988056388,87.03333333333333,0.6315765107165473,175.24166666666667,0.6324006289968058,,,,,,,,,,,,,,,,,,,,,,,,,,,,none,0,,,
A_pH_test_dataset/benchmark_test/21.jpg,A_pH_test_dataset,benchmark_test,21.jpg,b3515b0c5133bf0bf1f0808f3fa5cc7f,282,501,dataset_annotation,126,194,8,15,1,7.423,130.81626817287412,81.86071179074791,599.9259443061818,120,149.09166666666667,0.0,GOOD,,113.85,3.470470669328105,182.35833333333332,3.2858175880931406,68.95833333333333,2.989971664674359,0.3117420030110755,0.0020473855911571893,0.4994971406808427,0.004831994008071337,0.18876085356770525,0.003685123170155384,48.06666666666667,0.28087165910587863,158.6,2.742869543622761,182.35833333333332,3.2858175880931406,172.75,2.9247507016268357,86.73333333333333,0.5436502143433364,177.60833333333332,0.7884143721560524,,,,,,,,,,,,,,,,,,,,,,,,,,,,none,0,,,
A_pH_test_dataset/benchmark_test/22.jpg,A_pH_test_dataset,benchmark_test,22.jpg,3dbc3b00a363c9ac3016e6e853bf2390,282,501,dataset_annotation,126,196,8,15,1,7.423,130.85263515522146,81.95684252998544,608.0682098402166,120,151.51666666666668,0.0,GOOD,,116.01666666666667,4.029026626315041,185.59166666666667,4.0589321940081176,69.41666666666667,4.019915698397446,0.31267147238997933,0.0016082048487371023,0.5003855356365942,0.0054764343939186924,0.18694298927536845,0.0049048717698040945,47.983333333333334,0.22298480267099421,159.68333333333334,3.5378508856209425,185.59166666666667,4.0589321940081176,175.58333333333334,3.8135358337841216,85.93333333333334,0.334995854037363,178.81666666666666,0.42784992176644787,,,,,,,,,,,,,,,,,,,,,,,,,,,,none,0,,,
A_pH_test_dataset/benchmark_test/23.jpg,A_pH_test_dataset,benchmark_test,23.jpg,6169d6ac52c7cf8df19463ae3527745a,282,501,dataset_annotation,125,194,8,15,1,7.146,131.27416089806204,81.7431246383668,614.5193318881132,120,170.825,0.0,GOOD,,150.05,2.4216041515216036,202.66666666666666,2.2298480267099414,60.99166666666667,2.5771296479265886,0.36270141892928875,0.0012816810163540486,0.4899291913081438,0.003358356969772686,0.14736938734472158,0.003980341946367401,41.0,0.0,178.275,2.5624288608011474,202.66666666666666,2.2298480267099414,193.18333333333334,1.8796424009783232,90.15833333333333,0.3650532685634919,189.91666666666666,0.6135054106435321,,,,,,,,,,,,,,,,,,,,,,,,,,,,none,0,,,
A_pH_test_dataset/benchmark_test/24.jpg,A_pH_test_dataset,benchmark_test,24.jpg,19ecd190ed0989eba53ff96c4b7721eb,282,501,dataset_annotation,124,196,8,15,1,7.146,130.8600175535454,81.72482679740602,622.8334644144401,120,176.59166666666667,0.0,GOOD,,156.8,2.515286597321797,208.4,2.4166091947189146,64.64166666666667,2.6451081683406112,0.3647933239432194,0.0012070949724740597,0.48487933410766715,0.0033869841391600047,0.15032733962199604,0.0038035912987189552,40.9,0.3,175.99166666666667,2.508305647687742,208.4,2.4166091947189146,198.49166666666667,2.2839871326743992,90.23333333333333,0.5436502143433364,190.85833333333332,0.4338938682314938,,,,,,,,,,,,,,,,,,,,,,,,,,,,none,0,,,
A_pH_test_dataset/benchmark_test/25.jpg,A_pH_test_dataset,benchmark_test,25.jpg,0f2992790e9ceb9f436923cc5c2a091a,282,501,dataset_annotation,125,193,8,15,1,7.146,130.1034880593423,81.52963855575456,609.6367728529209,120,174.175,0.0,GOOD,,153.80833333333334,2.9869042874223846,206.15833333333333,2.886739317792462,62.3,2.824299323136035,0.36425190242713396,0.001761309298929601,0.48827641340857053,0.0030698297075954233,0.1474716817951922,0.004072567708175077,40.99166666666667,0.09090593428863097,177.95833333333334,2.5768062704742776,206.15833333333333,2.886739317792462,196.28333333333333,2.70241661398748,90.01666666666667,0.12801909579781012,190.79166666666666,0.5611867385777711,,,,,,,,,,,,,,,,,,,,,,,,,,,,none,0,,,
A_pH_test_dataset/benchmark_test/26.jpg,A_pH_test_dataset,benchmark_test,26.jpg,c7b7340ed6f018472e52c94c677dc60d,282,501,dataset_annotation,125,195,8,15,1,7.146,131.3269914072564,81.80547664547984,599.012008534497,120,176.63333333333333,0.0,GOOD,,156.63333333333333,2.741451359326945,208.45,2.6797076955021293,64.74166666666666,3.2339239151360517,0.3644272078774539,0.0011847486896500146,0.48503071799932784,0.0037020282527863283,0.15054207179581466,0.004772082436646182,41.0,0.0,175.81666666666666,3.057731548423148,208.45,2.6797076955021293,198.45833333333334,2.6041499999466664,90.18333333333334,0.38693955887479664,190.89166666666668,0.6027137702831162,,,,,,,,,,,,,,,,,,,,,,,,,,,,none,0,,,
A_pH_test_dataset/benchmark_test/27.jpg,A_pH_test_dataset,benchmark_test,27.jpg,444efdfb240b490c7f0f43736044717d,282,501,dataset_annotation,126,194,8,15,1,6.842,131.67480641553772,82.1517680381205,596.4356477956462,120,194.06666666666666,0.0,GOOD,,192.96666666666667,1.7508727982225196,222.08333333333334,1.552328000849763,55.083333333333336,1.630865482565077,0.41045566218393115,0.0010759301398818259,0.4723985670565634,0.0017118692290772539,0.11714576863224034,0.0024570774147992035,35.05,0.21794494717703367,191.84166666666667,1.5437823320950688,222.08333333333334,1.552328000849763,214.08333333333334,1.552328000849763,97.95,0.21794494717703367,200.76666666666668,0.4229525846816507,,,,,,,,,,,,,,,,,,,,,,,,,,,,none,0,,,
A_pH_test_dataset/benchmark_test/28.jpg,A_pH_test_dataset,benchmark_test,28.jpg,737b2214d485e8f10fa9a3f862f3b8d3,282,501,dataset_annotation,125,193,8,15,1,6.842,130.52606135247237,81.95475047416141,608.8861513145998,120,193.0,0.0,GOOD,,190.93333333333334,2.0030532250098156,221.18333333333334,2.183206103163164,53.93333333333333,2.438350991050213,0.4096985993172393,0.002341699111016126,0.47461140562204707,0.002758162021829244,0.11568999291470569,0.004169535659059689,35.53333333333333,0.4988876515698588,192.83333333333334,2.514402955419481,221.18333333333334,2.183206103163164,213.075,1.8848629481565318,97.39166666666667,0.6987588202583841,200.68333333333334,0.7956478841520007,,,,,,,,,,,,,,,,,,,,,,,,,,,,none,0,,,
A_pH_test_dataset/benchmark_test/29.jpg,A_pH_test_dataset,benchmark_test,29.jpg,329bc171d2693d6c9d6c5aae4305e0f1,282,501,dataset_annotation,125,195,8,15,1,6.842,131.99221415325377,82.17131594485049,601.5226068902905,120,195.9,0.0,GOOD,,194.7,2.7916542288280137,224.1,2.919474838619667,55.3,3.664241622309679,0.4107117231596249,0.0027532511662900117,0.4727405247382858,0.003485654068248874,0.1165477499920881,0.005830918528619502,35.13333333333333,0.33993463423951903,192.11666666666667,3.601350055496164,224.1,2.919474838619667,215.96666666666667,2.588221182373888,97.65,0.653834841531101,201.375,0.7195195156028316,,,,,,,,,,,,,,,,,,,,,,,,,,,,none,0,,,
A_pH_test_dataset/benchmark_test/30.jpg,A_pH_test_dataset,benchmark_test,30.jpg,f388ef4576312eed4a4f2aa6e3401b7d,282,501,dataset_annotation,126,194,8,15,1,6.842,130.32989340468,81.94755644206,605.1534889075032,120,192.19166666666666,0.0,GOOD,,190.19166666666666,2.2071695046421387,220.56666666666666,1.7451520150277902,52.44166666666667,1.957020836770921,0.41060975437201086,0.0019215645670513442,0.4762057323568285,0.002520780269854709,0.11318451111196005,0.002977774318780118,35.5,0.5,194.50833333333333,1.9790394695968603,220.56666666666666,1.7451520150277902,212.5,1.6532795690182993,97.48333333333333,0.5320296566504122,200.875,0.33071891388307384,,,,,,,,,,,,,,,,,,,,,,,,,,,,none,0,,,
A_pH_test_dataset/benchmark_test/31.jpg,A_pH_test_dataset,benchmark_test,31.jpg,5de4ab21101d9d30f4ad7118e5ce5fe0,282,501,dataset_annotation,124,196,8,15,1,6.293,131.30962896901232,81.85787975353911,608.2490822491425,120,210.05833333333334,0.0,GOOD,,232.25,1.4902460646931208,230.15,1.5687043486053491,48.30833333333333,2.777276343630372,0.4547792305313031,0.002482832310175605,0.45066664337135054,0.002587452445557443,0.09455412413909843,0.0046870976953524955,29.883333333333333,0.3210226714043037,201.9,2.9591665493288253,232.26666666666668,1.4985177861992682,227.15833333333333,1.3662346878271763,109.925,0.4858411949049469,208.25833333333333,0.6769519103222096,,,,,,,,,,,,,,,,,,,,,,,,,,,,none,0,,,
A_pH_test_dataset/benchmark_test/32.jpg,A_pH_test_dataset,benchmark_test,32.jpg,76777171aad09195fe4b157a1b2865a1,282,501,dataset_annotation,126,193,8,15,1,6.293,130.92044988038108,81.96366661365573,615.2488229664513,120,211.2,0.0,GOOD,,233.2,1.6051998837112673,231.05833333333334,1.5668218008298058,51.291666666666664,2.4474334629475742,0.45234929734796314,0.0017961180413383915,0.44819664272647197,0.002086405870083401,0.09945405798568258,0.0038366769745468974,30.0,0.0,198.81666666666666,2.3769144330880363,233.2,1.6051998837112673,228.01666666666668,1.4943411777621451,110.0,0.0,207.88333333333333,0.4506168611531925,,,,,,,,,,,,,,,,,,,,,,,,,,,,none,0,,,
A_pH_test_dataset/benchmark_test/33.jpg,A_pH_test_dataset,benchmark_test,33.jpg,0a645531c559cc427f9ff19bed13e6db,282,501,dataset_annotation,126,193,8,15,1,6.293,131.02663467391457,81.90662944430609,604.0268910196204,120,209.58333333333334,0.0,GOOD,,232.05,1.7216755404740656,229.28333333333333,1.7135894750169562,50.5,1.707825127659933,0.453380973598465,0.0017851603030558279,0.4479757115726402,0.0018690213763321443,0.09864331287496374,0.002452561941467764,29.766666666666666,0.42295258468165065,199.50833333333333,1.602060305426179,232.05,1.7216755404740656,226.51666666666668,1.581050986597909,110.29166666666667,0.5685630034471895,207.55833333333334,0.496585563847986,,,,,,,,,,,,,,,,,,,,,,,,,,,,none,0,,,
A_pH_test_dataset/benchmark_test/34.jpg,A_pH_test_dataset,benchmark_test,34.jpg,386809cd36807e5e1776286d2504db2a,282,501,dataset_annotation,127,193,8,15,1,6.293,131.05045228691554,82.14221646974083,559.3971290384817,120,210.44166666666666,0.0,GOOD,,233.19166666666666,1.539999098123834,230.06666666666666,1.9524912860809962,50.44166666666667,2.163314714865952,0.45396220923314473,0.0021160578269650665,0.44787316531290317,0.0022612496814306752,0.09816462350710359,0.0033326592698435437,29.625,0.4841229182759271,199.71666666666667,1.99241617696259,233.19166666666666,1.539999098123834,227.375,1.5387359530905014,110.36666666666666,0.4988876515698589,207.99166666666667,0.4563593856697688,,,,,,,,,,,,,,,,,,,,,,,,,,,,none,0,,,
A_pH_test_dataset/benchmark_test/35.jpg,A_pH_test_dataset,benchmark_test,35.jpg,d73a9f0c66c943d0ee0e573d0bcbd3dc,282,501,dataset_annotation,125,195,8,15,1,5.943,131.929870754944,82.12161680389661,611.8821256443388,120,213.91666666666666,0.0,GOOD,,249.95,1.6168384788427899,227.48333333333332,1.5915575878853885,47.958333333333336,2.712304780481394,0.475761210059911,0.0024843829920986726,0.4329974940426569,0.0025202333711599042,0.09124129399389572,0.004288608433327564,26.891666666666666,0.3108009366495253,206.09166666666667,2.626771888755389,249.95,1.6168384788427899,228.95833333333334,1.2206271156891262,118.475,0.7066647012551284,209.59166666666667,0.5700268024887564,,,,,,,,,,,,,,,,,,,,,,,,,,,,none,0,,,
A_pH_test_dataset/benchmark_test/36.jpg,A_pH_test_dataset,benchmark_test,36.jpg,733b748b54b018cdfc4ab4240da33963,282,501,dataset_annotation,124,194,8,15,1,5.943,130.9987896547331,82.00501916224015,608.7163124467058,120,213.21666666666667,0.0,GOOD,,248.03333333333333,1.7220788470785984,227.04166666666666,1.781365736980727,50.86666666666667,2.414999424890661,0.4716188435966138,0.0022219208628558762,0.4317001715005449,0.0016809882840964116,0.0966809830012765,0.003668374358556462,27.0,0.0,202.75833333333333,2.1679323226419123,248.03333333333333,1.7220788470785984,228.225,1.6044858989720037,117.975,0.4370831347314452,208.625,0.4841229182759271,,,,,,,,,,,,,,,,,,,,,,,,,,,,none,0,,,
A_pH_test_dataset/benchmark_test/37.jpg,A_pH_test_dataset,benchmark_test,37.jpg,e5cb3ccacc59b1fc683b5f4b3c3c87ce,282,501,dataset_annotation,126,194,8,15,1,5.609,130.7915870386886,81.93333556042674,615.1814671425462,120,209.825,0.0,GOOD,,252.15,1.1302654555457314,219.21666666666667,1.2327701416818229,50.59166666666667,1.2416107369953846,0.48308728639958504,0.0014096905327575732,0.41998986461987814,0.0015517018531582263,0.09692284706463108,0.00217053223975821,25.0,0.0,203.71666666666667,1.2726830800408333,252.15,1.1302654555457314,224.25,1.1492751338706209,123.60833333333333,0.581604581213808,207.28333333333333,0.5654398484562458,,,,,,,,,,,,,,,,,,,,,,,,,,,,none,0,,,
A_pH_test_dataset/benchmark_test/38.jpg,A_pH_test_dataset,benchmark_test,38.jpg,6d58f419a152e687d84041ab1f329764,282,501,dataset_annotation,124,194,8,15,1,5.609,130.66527937033734,82.06865041825714,612.1787367445434,120,210.81666666666666,0.0,GOOD,,252.54166666666666,1.3958022384596211,220.93333333333334,1.27627931460511,50.09166666666667,1.4548529899004305,0.48235449775523165,0.002070146362873065,0.42198171265642803,0.0017440824139171945,0.09566378767829435,0.002331280863995986,25.266666666666666,0.4422166387140533,204.40833333333333,1.4053222248137809,252.54166666666666,1.3958022384596211,225.40833333333333,0.8803014004053132,122.8,0.7916228058025278,207.975,0.5394827769879837,,,,,,,,,,,,,,,,,,,,,,,,,,,,none,0,,,
A_pH_test_dataset/benchmark_test/39.jpg,A_pH_test_dataset,benchmark_test,39.jpg,b5ef88f94f535e29d52ac72b1f7190a4,282,501,dataset_annotation,124,196,8,15,1,6.516,130.5028736852536,81.9534445689802,610.8354582277009,120,209.3,0.0,GOOD,,222.35,4.574658457196559,231.225,4.384560981443866,61.666666666666664,5.120763831912406,0.4316223725244768,0.0032208076838665454,0.44886921455616174,0.003918101461707013,0.11950841097711683,0.006788520274454637,31.816666666666666,0.38693955887479664,187.05833333333334,4.410774371417739,231.225,4.384560981443866,225.96666666666667,3.8921573566453977,105.74166666666666,0.7011399448200211,203.81666666666666,0.4651761912317621,,,,,,,,,,,,,,,,,,,,,,,,,,,,none,0,,,
A_pH_test_dataset/benchmark_test/40.jpg,A_pH_test_dataset,benchmark_test,40.jpg,049a21f391abffff081dc4ed55980c00,282,501,dataset_annotation,125,196,8,15,1,6.516,131.99308475248085,82.11654597807245,620.3067986015873,120,207.51666666666668,0.0,GOOD,,220.58333333333334,1.4409680388158819,231.16666666666666,1.946506842754191,52.916666666666664,2.174025963250873,0.43710528478426414,0.002275279381255447,0.45806855727156254,0.0019463910411505361,0.10482615596247205,0.003397046686319836,31.908333333333335,0.28855482821967976,196.69166666666666,2.0808485181664613,231.16666666666666,1.946506842754191,225.425,1.5311351997782559,104.41666666666667,0.626941429126801,206.18333333333334,0.5161287522400674,,,,,,,,,,,,,,,,,,,,,,,,,,,,none,0,,,
A_pH_test_dataset/benchmark_test/41.jpg,A_pH_test_dataset,benchmark_test,41.jpg,948f352131f5fa9809dab068959c1bb0,282,501,dataset_annotation,124,194,8,15,1,6.516,131.32672951968402,81.91111561039072,613.665483031514,120,207.125,0.0,GOOD,,220.65833333333333,2.3291480321258144,230.68333333333334,2.496608811078651,50.31666666666667,2.469761571938114,0.43987777661531485,0.0017479451066510754,0.4598642761236597,0.00250020325243134,0.1002579452672653,0.003713476381332188,31.583333333333332,0.4930066485916346,199.44166666666666,2.3302211387667815,230.68333333333334,2.496608811078651,225.1,2.146314670934033,104.59166666666667,0.49152540343528756,206.925,0.5190134873006674,,,,,,,,,,,,,,,,,,,,,,,,,,,,none,0,,,
A_pH_test_dataset/benchmark_test/42.jpg,A_pH_test_dataset,benchmark_test,42.jpg,fd86bdf2027f613a45ec69258c5df2f8,282,501,dataset_annotation,127,193,8,15,1,6.516,130.2896901232995,81.6181416970561,590.5137321498155,120,202.11666666666667,0.0,GOOD,,215.6,1.9974984355438181,225.01666666666668,2.408261244595823,49.25833333333333,2.135009107448699,0.4401287979910444,0.0017034605585777723,0.45934832541862025,0.0024082344132156553,0.10052287454869961,0.003381852426048633,31.625,0.4841229182759271,199.11666666666667,2.1991791397903193,225.01666666666668,2.408261244595823,220.325,2.078310612011592,105.33333333333333,0.6236095644623236,205.30833333333334,0.5446074019164835,,,,,,,,,,,,,,,,,,,,,,,,,,,,none,0,,,
A_pH_test_dataset/benchmark_test/44.jpg,A_pH_test_dataset,benchmark_test,44.jpg,6b4a71867daa0ba89a3509f5e9f8d833,282,501,dataset_annotation,124,194,8,15,1,7.74,130.21841423535906,81.76556649053332,610.5989733824745,120,128.61666666666667,0.0,GOOD,,82.38333333333334,3.0934967629241545,161.18333333333334,3.271042986911395,83.39166666666667,2.998043343397305,0.251903187495961,0.002894168216103613,0.4930900559304782,0.005399978123978723,0.2550067535128001,0.0034673847475411063,60.43333333333333,0.5120763831912405,124.74166666666666,2.752259173035046,161.18333333333334,3.271042986911395,152.91666666666666,3.0347524153087386,87.39166666666667,0.744936611770126,161.05833333333334,1.0746769540450543,,,,,,,,,,,,,,,,,,,,,,,,,,,,none,0,,,
A_pH_test_dataset/benchmark_test/45.jpg,A_pH_test_dataset,benchmark_test,45.jpg,842b74851f339b28e10f8749b61a759a,282,501,dataset_annotation,125,194,8,15,1,7.74,130.65590804207187,81.90968175315989,604.0294938797964,120,132.09166666666667,0.0,GOOD,,85.53333333333333,4.895462751932197,165.1,3.9673668849754744,84.425,4.204486690826044,0.2551130842302616,0.006008390841485836,0.4930238263731704,0.008151928004111506,0.25186308640778515,0.003596624707921445,59.6,0.8,125.11666666666666,3.6152070787469732,165.1,3.9673668849754744,156.3,3.885013942488924,86.86666666666666,1.0241527663824812,162.30833333333334,0.8245790171690979,,,,,,,,,,,,,,,,,,,,,,,,,,,,none,0,,,
A_pH_test_dataset/benchmark_test/46.jpg,A_pH_test_dataset,benchmark_test,46.jpg,c3e6cdf4c4d267106d3185ae01b00f85,282,501,dataset_annotation,127,193,8,15,1,8.4,129.74078084964822,81.76259982746635,610.9122067045271,120,95.33333333333333,0.0,GOOD,,47.208333333333336,4.71503947196863,114.28333333333333,4.9026920042859,123.08333333333333,4.84180292407235,0.16546817564125532,0.008485305614404947,0.40175737135974166,0.0039069072503437,0.43277444947582056,0.005734856399774104,93.63333333333334,0.682316316348624,157.39166666666668,6.203891028128145,123.08333333333333,4.84180292407235,113.33333333333333,4.882508462756506,109.85833333333333,0.6231082481310041,116.83333333333333,0.7110243002567179,,,,,,,,,,,,,,,,,,,,,,,,,,,,none,0,,,
A_pH_test_dataset/benchmark_test/47.jpg,A_pH_test_dataset,benchmark_test,47.jpg,81425ee55340bd0ec09d15668fd41bfd,282,501,dataset_annotation,124,194,8,15,1,8.4,130.38834387961666,81.76419480999911,616.3531816562822,120,98.81666666666666,0.0,GOOD,,50.65833333333333,4.4599996885899245,117.95,4.4042593020847445,125.71666666666667,4.115384415688149,0.1717908305021542,0.007919706455236484,0.4008638023768763,0.004267574875167366,0.42734536371702314,0.005817508589132397,93.075,0.9051933495115837,152.40833333333333,5.905500025870422,125.71666666666667,4.115384415688149,116.98333333333333,4.3855507699211,109.375,0.8950093109385324,117.30833333333334,0.955648412800905,,,,,,,,,,,,,,,,,,,,,,,,,,,,none,0,,,
A_pH_test_dataset/benchmark_test/48.jpg,A_pH_test_dataset,benchmark_test,48.jpg,8c1366c8b31967a9102e3fe2dd1f73a5,282,501,dataset_annotation,126,194,8,15,1,8.062,130.29882787616256,81.75617929414254,611.3588735398899,120,117.59166666666667,0.0,GOOD,,66.99166666666666,5.195343802119569,147.75833333333333,5.5901637324460856,96.85833333333333,5.290393547637915,0.21470755545543477,0.00591927410960791,0.47450960421765204,0.0069770908774765125,0.31078283710941706,0.002049948782696839,71.13333333333334,0.33993463423951903,139.61666666666667,4.9128798976658175,147.75833333333333,5.5901637324460856,140.91666666666666,5.278230974694289,91.325,0.7206767652699787,147.69166666666666,0.6297596543303027,,,,,,,,,,,,,,,,,,,,,,,,,,,,none,0,,,
A_pH_test_dataset/benchmark_test/49.jpg,A_pH_test_dataset,benchmark_test,49.jpg,23ba670379d51fd10e5e43c6dc9924d7,282,501,dataset_annotation,127,195,8,15,1,8.062,132.26816579606745,82.274017299067,597.1245872126567,120,119.98333333333333,0.0,GOOD,,68.04166666666667,4.450460338237183,150.89166666666668,3.9280950288346586,98.38333333333334,3.8257533753352275,0.21423431353832137,0.007213806796135019,0.47573202697876554,0.006812422046488613,0.3100336563272555,0.0025852500630332187,71.0,0.6324555320336759,140.06666666666666,5.464633768352845,150.89166666666668,3.9280950288346586,143.65833333333333,3.756096895567111,90.36666666666666,0.9994442900376634,148.29166666666666,0.6244441973111413,,,,,,,,,,,,,,,,,,,,,,,,,,,,none,0,,,
A_pH_test_dataset/benchmark_train/1.jpg,A_pH_test_dataset,benchmark_train,1.jpg,7a2cf3014cfca3330208a3df262bddc8,282,501,dataset_annotation,124,194,8,15,1,5.005,132.69146812757464,82.77680557139465,610.2450167550855,120,206.58333333333334,0.0,GOOD,,254.475,0.7066647012551284,211.6,1.0279429296739515,55.05,1.5267066952539814,0.48832734528367155,0.001881014842654988,0.4060471372146001,0.0010843964892549688,0.10562551558274753,0.002412281790417836,23.616666666666667,0.4861984048604941,199.95,1.5267066952539814,254.475,0.7066647012551284,219.775,0.7467987234411515,128.84166666666667,0.547659160021592,204.925,0.41155194082885826,210.41576790336498,0.5843143560852577,169.5197845067806,0.8235192056880744,57.446953312865816,1.5931816211570413,0.48109089799880506,0.00213064312037854,0.3875820727069233,0.0012209592827434922,0.13132702700786272,0.00291271013461682,22.0,0.0,185.84166666666667,1.7841703643119087,209.875,0.33071891388307384,181.225,0.5076498136839344,131.825,0.4012999709278169,188.58333333333334,0.6529846008053245,191.6550724637681,249.6463768115942,241.87826086956522,background_blank_patch,1,,,
A_pH_test_dataset/benchmark_train/2.jpg,A_pH_test_dataset,benchmark_train,2.jpg,b077760fb0596c0c6798a6f9be3d1636,282,501,dataset_annotation,125,194,8,15,1,5.0,130.92814371257484,81.87857944383254,610.9133443356098,120,204.20833333333334,0.0,GOOD,,253.51666666666668,0.9035424112286533,208.25833333333333,1.1364845895225426,54.15833333333333,1.683230194860135,0.4913812252225482,0.0016522976405452811,0.40365739487895913,0.0018671810357786048,0.10496137796020474,0.0028666104977922388,23.008333333333333,0.09090593428863095,200.73333333333332,1.569146972791976,253.51666666666668,0.9035424112286533,217.51666666666668,0.9308001336962135,129.95,0.5894913061275798,204.18333333333334,0.6053006599111626,216.22291442627406,0.770626152640603,168.26492974238874,0.9182369634315676,56.16142412720361,1.7454858570965806,0.49070028108527314,0.0019182853116257385,0.38186263129946346,0.0020057683304679384,0.1274370853458107,0.0033909085737642308,21.0,0.0,189.10833333333332,2.4145249130119892,215.525,0.8847080497731064,182.14166666666668,0.6744854005503422,134.825,0.5724581498531865,189.425,0.726435360739917,192.86666666666667,247.53623188405797,234.49565217391304,background_blank_patch,1,,,
A_pH_test_dataset/benchmark_train/3.jpg,A_pH_test_dataset,benchmark_train,3.jpg,6f022236269bd4989bc7b205fc38b5e4,282,501,dataset_annotation,125,195,8,15,1,5.005,131.0719695361051,81.7998473864348,619.468154445569,120,204.9,0.0,GOOD,,253.70833333333334,1.1647305363139675,209.28333333333333,1.4501915582279314,54.175,1.2692681618423536,0.4905807937395247,0.001484110763658283,0.4046739684527252,0.0014179143751923444,0.10474523587405779,0.001963395062137112,23.108333333333334,0.3108009366495253,200.68333333333334,1.1760338241545418,253.70833333333334,1.1647305363139675,218.175,1.2427288521636568,129.6,0.5972157622389639,204.325,0.485841194904947,216.33624671356495,0.9931618301547516,169.10645747761095,1.1717930576213882,56.34343988790825,1.3200726235053164,0.4896940507414053,0.0016355614450894145,0.3827812915256429,0.001483038229651585,0.12752465546931094,0.002329028990838503,21.016666666666666,0.12801909579781012,188.65,1.3456720749622966,215.75,1.0665364503850772,182.64166666666668,0.99829716128126,134.45833333333334,0.5901388725451738,189.40833333333333,0.5081967029496441,192.30277777777778,247.51666666666668,234.55,background_blank_patch,1,,,
A_pH_test_dataset/benchmark_train/4.jpg,A_pH_test_dataset,benchmark_train,4.jpg,01bea3a1a9423ab639dbf9cfd7ede318,282,501,dataset_annotation,123,196,8,15,1,5.005,131.13312382327544,82.07996542737399,545.8073558371431,120,205.575,0.0,GOOD,,253.46666666666667,1.0482790129010926,210.675,2.025514337972786,54.016666666666666,3.2041206108523577,0.4892092662721871,0.004378239285948288,0.4065919148593688,0.002081004110082318,0.10419881693833168,0.005153954231080666,23.391666666666666,0.48812282152024905,200.83333333333334,3.1180478223116177,253.46666666666667,1.0482790129010926,219.01666666666668,1.3037339537736303,128.59166666666667,1.0367885780406514,204.69166666666666,0.7393221369756369,215.56343019135366,0.8915200676692532,170.11831996859755,1.6355860745139992,56.41918356689007,3.3466313282468714,0.48764057138742584,0.004901130436119361,0.3848089433670899,0.002285792611503176,0.1275504829832674,0.006146033152139051,21.275,0.4465142774872938,188.675,3.6881849646314286,215.275,0.8161137584103496,183.1,1.2476644848141931,133.7,0.8020806277010643,189.56666666666666,1.0225241100118645,191.48333333333332,247.68055555555554,235.16666666666666,background_blank_patch,1,,,
A_pH_test_dataset/benchmark_train/5.jpg,A_pH_test_dataset,benchmark_train,5.jpg,50da49b01cac67496f788d369ed13170,282,501,dataset_annotation,126,195,8,15,1,6.013,132.400022649736,82.32293673695192,626.4448583601855,120,214.84166666666667,0.0,GOOD,,248.96666666666667,1.521694961401777,229.8,1.4236104336041748,47.86666666666667,1.6069294390925264,0.4727601765606681,0.0015549034651167202,0.4363643803497805,0.0013814702921856345,0.09087544119057676,0.002402105603123943,27.025,0.15612494995995996,206.13333333333333,1.5702087617751836,248.96666666666667,1.521694961401777,230.275,1.1102739902084227,117.03333333333333,0.48189440982669873,210.05833333333334,0.3487079325484613,210.40859100333546,1.2860263466277444,184.22121510111592,1.1412499734951618,49.300319971436025,1.6550585414787284,0.47397935104402783,0.0017870023074289003,0.4149876657199965,0.0015220679484791323,0.11103298098320732,0.0028689674143394686,25.008333333333333,0.09090593428863095,195.71666666666667,1.5285250697613333,209.89166666666668,1.3771700048368112,190.79166666666666,1.168302424698141,123.63333333333334,0.590668171555645,194.975,0.3017311165038612,194.184,249.48266666666666,236.65066666666667,background_blank_patch,1,,,
A_pH_test_dataset/benchmark_train/6.jpg,A_pH_test_dataset,benchmark_train,6.jpg,3b4ce7b83ed5bdcab4a6692f43564639,282,501,dataset_annotation,124,195,8,15,1,6.013,130.80239520958085,81.94644908915356,606.7974316526984,120,213.85,0.0,GOOD,,247.98333333333332,1.499907404549435,228.675,1.4897566915439582,49.15833333333333,2.6583072099029903,0.47162748275308164,0.002124059892845689,0.4349092488549522,0.0028045593148699755,0.09346326649003546,0.004501784193459322,27.033333333333335,0.17950549357115014,204.475,2.6043633259077605,247.98333333333332,1.499907404549435,229.43333333333334,1.1883695646650592,117.13333333333334,0.6944222218666554,209.375,0.8272696053887149,210.9190958529859,1.2757273215838385,184.38152831225946,1.2011965260753945,51.31350034794711,2.774850949794353,0.47228034431592636,0.00261652112856454,0.41286289956979566,0.0031242246552386863,0.11485675387502577,0.005402416910780369,25.033333333333335,0.17950549357115014,193.1,3.3896902513356584,210.375,1.1479147761629926,191.35833333333332,0.9899144182986505,123.86666666666666,0.669991708074726,194.3,0.9092121131323905,191.6,248.04545454545453,235.14545454545456,background_blank_patch,1,,,
A_pH_test_dataset/benchmark_train/7.jpg,A_pH_test_dataset,benchmark_train,7.jpg,4ca55ae3c8969ffe417c9ae083de9c87,282,501,dataset_annotation,125,196,8,15,1,6.013,130.93879616653217,81.98589836740948,604.9347028350904,120,211.925,0.0,GOOD,,246.24166666666667,1.914836082337656,226.65833333333333,1.9599992913830917,46.1,2.6969118141558384,0.4744782961089161,0.0026025326825158427,0.43674011261704127,0.002345521567127854,0.08878158934700586,0.0042472628864446945,27.041666666666668,0.19982631347136331,207.21666666666667,2.543564864952774,246.24166666666667,1.914836082337656,227.65833333333333,1.6757875428851021,117.25,0.673918887305191,209.575,0.5109223685323111,209.3433204951502,1.6279054195288751,182.9454567689862,1.5819977159261822,47.781773638833485,2.795297827069197,0.47573601894551437,0.0030329538047954327,0.41574321527878694,0.0026168297039695794,0.10852076350298585,0.0050762148367912265,25.041666666666668,0.19982631347136331,197.53333333333333,3.095516470998373,208.78333333333333,1.533967260261951,189.93333333333334,1.4302291968616625,123.9,0.7118052168020874,195.11666666666667,0.6348665651580304,192.96060606060607,247.78787878787878,235.25151515151515,background_blank_patch,1,,,
A_pH_test_dataset/benchmark_train/8.jpg,A_pH_test_dataset,benchmark_train,8.jpg,a388714279575fb34244ab3d3d572d4b,282,501,dataset_annotation,124,194,8,15,1,6.013,130.04869693237637,81.7091696649465,608.0745709578978,120,211.525,0.0,GOOD,,244.95833333333334,2.150177641240111,226.11666666666667,2.086397746249635,49.34166666666667,2.3434157169017666,0.47071563125767113,0.0020183578031480946,0.4345089068078727,0.0021809730664645037,0.09477546001265078,0.00347896522004392,27.0,0.0,203.65833333333333,2.0836499759369906,244.95833333333334,2.150177641240111,226.93333333333334,1.7451520150277902,117.1,0.8103497187428811,208.525,0.4993746088859545,210.57114915034632,1.848336289001445,184.26239769466065,1.7002048408728232,51.91325363666861,2.4655497616148008,0.4713684877395715,0.0023552402025606473,0.41247584740090903,0.0023946494813233327,0.11615566262076052,0.0041625721364933485,25.0,0.0,192.73333333333332,2.4004629183185107,210.05833333333334,1.9117872673379632,191.20833333333334,1.611913114559494,123.825,0.6279928343540234,194.15833333333333,0.48297400436140336,190.0927536231884,245.42898550724638,232.66086956521738,background_blank_patch,1,,,
A_pH_test_dataset/benchmark_train/9.jpg,A_pH_test_dataset,benchmark_train,9.jpg,746923a3505d4e87ae3be92debd5a4f2,282,501,dataset_annotation,123,197,8,15,1,6.516,130.81103749946914,82.01056184240069,620.896195748565,120,210.05833333333334,0.0,GOOD,,223.35833333333332,1.7068286055983737,233.48333333333332,1.5274343048247787,55.975,2.4168247074760445,0.4355611627000458,0.0014921345009298065,0.4553152502241211,0.0028491192371862457,0.109123585125646,0.0038696024917517337,31.8,0.4,193.875,2.5676269848506683,233.48333333333332,1.5274343048247787,227.64166666666668,1.3771700048368112,104.6,0.7681145747868607,205.98333333333332,0.6706133179576904,190.5832997558721,1.456372918431452,188.24662381581598,1.2314983981028893,57.98348344027854,2.5035447146760745,0.43631750112452006,0.001839172764360656,0.4309786667368008,0.0031055239888130577,0.1327038298491345,0.004577792366290921,29.683333333333334,0.46517619123176207,177.65,3.397670770787933,190.10833333333332,1.383207825631741,189.66666666666666,1.2064640713902572,113.31666666666666,0.48275827859867465,190.71666666666667,0.8677877364629876,193.07222222222222,248.0611111111111,234.39444444444445,background_blank_patch,1,,,
A_pH_test_dataset/benchmark_train/10.jpg,A_pH_test_dataset,benchmark_train,10.jpg,8a338d8befa5b5abe378204e44e28dcd,282,501,dataset_annotation,125,196,8,15,1,6.516,130.33388542064807,81.84348138265682,616.8359987484815,120,205.625,0.0,GOOD,,218.86666666666667,2.1638443156156644,228.66666666666666,2.0221001184137464,53.25833333333333,2.4545733958379725,0.4370572083853512,0.0017107076614873572,0.4566346514422425,0.0024896059705108325,0.1063081381752597,0.0036835692842291257,31.825,0.37996710383926663,195.61666666666667,2.3529532270933244,228.66666666666666,2.0221001184137464,223.45,1.8113070786957501,105.10833333333333,0.4795107460271934,205.31666666666666,0.4651761912317621,187.93150650837507,1.8580011669962029,185.57768080827088,1.6410640685306952,55.06263204423201,2.5377300276123425,0.43852807037070607,0.0020321880325239196,0.43304365599102,0.002723074187593702,0.12842827130453624,0.004336685237706704,29.625,0.4841229182759271,181.1,2.727636339397171,187.51666666666668,1.8119204054139784,187.15,1.5091388272786568,113.35833333333333,0.5130924759620715,190.98333333333332,0.7301065371269838,193.4463768115942,246.4376811594203,232.9217391304348,background_blank_patch,1,,,
A_pH_test_dataset/benchmark_train/11.jpg,A_pH_test_dataset,benchmark_train,11.jpg,61b66e5906dd11c4535027d426247e58,282,501,dataset_annotation,123,196,8,15,1,6.516,130.6266261802636,81.90606732294832,595.0332091201153,120,206.88333333333333,0.0,GOOD,,220.35833333333332,2.159459165830391,230.18333333333334,2.4999444438271468,52.85,2.731452604994883,0.4377720271806697,0.002098597501141433,0.4572878765468568,0.002596938620937294,0.10494009428557778,0.0041704681063586685,31.816666666666666,0.3869395588747966,196.45833333333334,2.6705050500274705,230.18333333333334,2.4999444438271468,224.75,2.165063509461097,104.84166666666667,0.6707686304200247,205.98333333333332,0.7069103353482833,188.5974323989085,1.8482099037744648,186.63732828822899,2.027005800586062,55.106157914620326,2.8480578729829524,0.438283379959116,0.002491207541476535,0.4337261520969348,0.0028859495116045847,0.1279904656197196,0.004952177807439786,29.575,0.4943429983321297,180.68333333333334,3.2015187368219826,188.21666666666667,1.889370853544169,188.0,1.8027756377319946,113.39166666666667,0.5522051752343106,191.0,0.7302967433402214,191.81159420289856,246.66376811594202,233.68115942028984,background_blank_patch,1,,,
A_pH_test_dataset/benchmark_train/12.jpg,A_pH_test_dataset,benchmark_train,12.jpg,052bdc97b0b25d27110936efe8cd1cc5,282,501,dataset_annotation,122,195,8,15,1,6.516,130.42281394657493,81.88036315452395,613.2953045752306,120,207.23333333333332,0.0,GOOD,,220.56666666666666,1.8829645656664802,230.725,2.4595477226514633,52.875,2.5805764859813785,0.437511448512155,0.0021223629356694135,0.4576523652591344,0.0023095221392023186,0.10483618424492436,0.004020149920445937,31.925,0.2633913438213185,196.64166666666668,2.584556162197981,230.725,2.4595477226514633,225.10833333333332,2.0808485181664604,104.55833333333334,0.5887250820393354,206.14166666666668,0.7449366117701262,188.11656005685862,1.6059399280737534,185.98230659170142,1.9825868832206544,55.12980919612137,2.690622965260535,0.438297026566225,0.0025241938976332486,0.4333161200652408,0.0026002517319182765,0.12838685103835565,0.00479204731789309,29.608333333333334,0.48812282152024905,180.4,3.147485769096767,187.68333333333334,1.6732370490227086,187.60833333333332,1.9845059558713567,113.43333333333334,0.5436502143433363,190.975,0.7241374178980119,191.82,248.115,234.5,background_blank_patch,1,,,
A_pH_test_dataset/benchmark_train/13.jpg,A_pH_test_dataset,benchmark_train,13.jpg,d14fa3d35d1f9308a4e780ea880c5acd,282,501,dataset_annotation,124,195,8,15,1,7.0,130.45309381237524,81.90133339351415,614.3363313402788,120,180.925,0.0,GOOD,,166.65833333333333,2.6910215945291522,211.9,2.690724809414742,60.483333333333334,2.726363063782143,0.37961091878375003,0.0014549862199994257,0.48268994396178133,0.002758952188684282,0.13769913497603478,0.0038689484429174905,39.0,0.0,182.15833333333333,2.4832634218347076,211.9,2.690724809414742,202.55833333333334,2.337362592515096,92.19166666666666,0.39361218928731817,194.21666666666667,0.5193478816960961,142.1692125706616,2.2955973064944613,171.2535425264814,2.1745925227756757,62.886433581944715,2.834685859423582,0.377821736807012,0.0017642754398870884,0.4551427255140292,0.0030369069038019185,0.16703553502061066,0.004529127225578109,38.00833333333333,0.09090593428863095,161.73333333333332,2.900383116455863,170.7,2.15096877398689,167.725,2.125098036954217,101.96666666666667,0.2560381915956203,178.90833333333333,0.6324006289968058,192.35733333333334,247.46933333333334,234.45066666666668,background_blank_patch,1,,,
A_pH_test_dataset/benchmark_train/14.jpg,A_pH_test_dataset,benchmark_train,14.jpg,79099c7865f2394351735f101d56c2e7,282,501,dataset_annotation,124,196,8,15,1,7.002,130.25197123483528,81.72960277727245,618.5770156902396,120,180.11666666666667,0.0,GOOD,,165.7,2.770679820308847,210.94166666666666,2.7089230127282855,60.025,2.6629009870189817,0.37947341291316344,0.0017604031789027145,0.48311476155610944,0.003065473737305024,0.13741182323996362,0.004228972724530285,39.0,0.0,182.475,2.7109730725331818,210.94166666666666,2.7089230127282855,201.68333333333334,2.3978578402862465,92.20833333333333,0.44526833357975154,193.98333333333332,0.8463975950396415,141.7679297688721,2.370510212296777,171.11622520838475,2.1974827811078463,62.8286130368168,2.787278228550987,0.3773452142789816,0.002074862373933026,0.4554936721566897,0.003365025931554654,0.1671611109018483,0.004963619839489853,38.041666666666664,0.19982631347136331,162.275,3.339067983734383,170.60833333333332,2.1729236577068742,167.71666666666667,2.0823997908396192,101.95833333333333,0.48982706698951983,179.025,0.9079509898667438,191.07536231884058,246.54782608695652,233.76231884057972,background_blank_patch,1,,,
A_pH_test_dataset/benchmark_train/15.jpg,A_pH_test_dataset,benchmark_train,15.jpg,cc6a84b181b3e31c7f0c7068bd3b4e9b,282,501,dataset_annotation,125,196,8,15,1,7.002,131.05859911382908,81.85078840508537,619.2696934601965,120,181.91666666666666,0.0,GOOD,,167.83333333333334,2.9107081994288295,212.86666666666667,2.84292494136272,60.766666666666666,3.4754695925714683,0.3801981201285299,0.0017897751959830013,0.48225236518601916,0.003749002605353902,0.13754951241933047,0.005248554124428843,38.99166666666667,0.09090593428863095,182.26666666666668,3.4174389371119553,212.86666666666667,2.84292494136272,203.43333333333334,2.4890872936792623,92.13333333333334,0.38586123009300755,194.43333333333334,0.6155395104206461,143.2228701464941,2.4838926463622504,172.1947811592249,2.299734598168127,63.41972516959472,3.627207784906733,0.378097195128119,0.0022417593866446484,0.45461954229793466,0.004140904616808867,0.16728325993305218,0.006158373297176025,37.983333333333334,0.12801909579781015,161.80833333333334,4.0461830435883925,171.70833333333334,2.2597781356191193,168.73333333333332,2.257333727111602,101.95,0.4627814458971607,179.19166666666666,0.8494687882566505,191.63333333333333,247.23939393939395,234.36666666666667,background_blank_patch,1,,,
A_pH_test_dataset/benchmark_train/16.jpg,A_pH_test_dataset,benchmark_train,16.jpg,34d7e31c7b62fbac1084b8b6d9b2c9c3,282,501,dataset_annotation,123,196,8,15,1,7.002,131.66520151186987,81.98817427153686,607.081626495664,120,180.54166666666666,0.0,GOOD,,166.1,2.696911814155838,211.30833333333334,2.485946611565815,61.38333333333333,2.846586649929272,0.3785471315444171,0.0018524835769015771,0.48161506077436184,0.003446819168790548,0.13983780540159746,0.004652762367733706,39.0,0.0,180.90833333333333,2.9410764280371144,211.30833333333334,2.485946611565815,202.09166666666667,2.2546094759157045,92.25833333333334,0.4742684425044066,193.70833333333334,0.8793542453919746,141.42735505844107,2.2963100824920035,169.7710230316015,1.9972790130416336,65.318263897846,3.0290648603013675,0.3756364518911245,0.00223342279525302,0.45095464615213565,0.0038068937930151848,0.17340889929998174,0.005540601054691716,38.1,0.3,157.45,4.267805837507918,169.29166666666666,2.0016486260635813,166.91666666666666,1.8911342863183693,102.36666666666666,0.5312459150169743,177.325,1.1340377712698402,187.95151515151514,248.93333333333334,234.8909090909091,background_blank_patch,1,,,
A_pH_test_dataset/benchmark_train/17.jpg,A_pH_test_dataset,benchmark_train,17.jpg,422266dd9f6b92eba416029729becff3,282,501,dataset_annotation,126,193,8,15,1,8.062,130.38443680015854,81.8607376008359,606.8331561121388,120,115.00833333333334,0.0,GOOD,,63.541666666666664,4.596911704853839,144.95833333333334,4.371109381177988,95.875,4.348491117617696,0.20852379277766053,0.006983127143500296,0.47651795961189575,0.007039442324108774,0.3149582443190472,0.00183903493986517,71.93333333333334,0.24944382578492938,143.325,5.403953028416637,144.95833333333334,4.371109381177988,138.225,4.223865725454192,91.4,0.7118052168020873,146.84166666666667,0.5163305358219891,54.4070523215838,3.9360694920973165,117.37948887825586,3.5394900948108403,99.92341218456872,4.532110251125412,0.20001387672955506,0.006636198136728467,0.4322585089821643,0.006572634085943259,0.36772761060103887,0.001990678988170726,81.7,0.7023769168568492,137.475,5.6817874241591735,116.88333333333334,3.5874395078136474,114.28333333333333,3.601350055496164,103.15833333333333,0.9219167834222108,131.46666666666667,0.8259674462242579,191.8969696969697,246.9909090909091,233.5787878787879,background_blank_patch,1,,,
A_pH_test_dataset/benchmark_train/18.jpg,A_pH_test_dataset,benchmark_train,18.jpg,12e89f0cfe1dd86d665f854a5dc69802,282,501,dataset_annotation,125,194,8,15,1,8.062,131.5195778655455,82.08967690657376,616.4544093715951,120,119.65833333333333,0.0,GOOD,,68.825,3.8915774436595756,150.10833333333332,3.904689132597142,96.70833333333333,3.9799410241303272,0.21790109030150615,0.00490806912511368,0.47575803851828546,0.005641341019212936,0.3063408680077844,0.002251244287539589,70.05,0.3378855822118881,138.175,4.0013799702935815,150.10833333333332,3.904689132597142,143.05833333333334,3.8238197162290772,90.58333333333333,0.49300664859163473,148.94166666666666,0.41424295072121897,58.549192454691166,3.310551641135629,120.54087867326156,3.13556648413387,99.5015880589893,4.094894810327491,0.21002245821516005,0.004661710939775766,0.4328658786176637,0.005366945306309868,0.35711165957270763,0.0024091179005316307,79.80833333333334,0.6744854005503422,131.975,4.300121122325122,120.06666666666666,3.1536574886242095,117.09166666666667,3.2041531209076477,102.45,0.5454356057317856,133.675,0.8282763226524508,194.38550724637682,249.05797101449275,235.1014492753623,background_blank_patch,1,,,
A_pH_test_dataset/benchmark_train/19.jpg,A_pH_test_dataset,benchmark_train,19.jpg,616cb700b02d463c0c23ccb4ec3224bb,282,501,dataset_annotation,126,194,8,15,1,8.062,130.29233731119322,81.86399267072319,606.817561830201,120,117.675,0.0,GOOD,,67.14166666666667,4.097348397303906,147.90833333333333,3.902981410266886,95.675,3.6927011342195932,0.21589439651199047,0.005602631198513761,0.4762067516985307,0.005906073146144414,0.30789884856680866,0.002469049421048564,70.5,0.5627314338711378,139.43333333333334,4.306455103162642,147.90833333333333,3.902981410266886,140.89166666666668,3.8227299000699606,90.98333333333333,0.6706133179576903,148.50833333333333,0.5772901254039331,57.596376302997214,3.5148430453359567,119.82116335874116,3.161821667557961,99.55304356051647,3.8423792722334116,0.20777338706555232,0.00534483020529999,0.4328000003052105,0.005583214771319081,0.3594266090137266,0.0026642892133029606,80.125,0.7252872993970504,133.14166666666668,4.619335870976356,119.33333333333333,3.1499559079806536,116.38333333333334,3.1890001916309476,102.73333333333333,0.6548960901462832,133.16666666666666,0.9339283817414601,192.20909090909092,246.88181818181818,233.14545454545456,background_blank_patch,1,,,
A_pH_test_dataset/benchmark_train/20.jpg,A_pH_test_dataset,benchmark_train,20.jpg,20dd6ef1292d7641c2aaa8b1caa5c4b1,282,501,dataset_annotation,127,194,8,15,1,8.062,129.90913209042907,81.6341768179608,582.7133097137008,120,118.04166666666667,0.0,GOOD,,67.91666666666667,5.098338509314143,147.91666666666666,5.142281162631576,97.125,5.2544623892459255,0.21674964377356115,0.006064017369208816,0.47297770619826607,0.007304335515670702,0.31027264682519784,0.002407975912057692,71.04166666666667,0.37407292812439064,138.10833333333332,5.0823154718647245,147.91666666666666,5.142281162631576,141.05,4.914010581999188,91.49166666666666,0.6582278396489235,147.65833333333333,0.689152055467845,58.32368791148613,4.378216992652999,120.19938523866166,4.178697697843374,101.32637324422807,5.481756676967733,0.20815976626681845,0.005712184127239102,0.4298399989661115,0.006937858409582675,0.3620002311849185,0.0025440764000348305,81.025,0.8312891594786176,132.075,5.3606008680619635,119.66666666666667,4.153980687913168,117.025,4.354045054123044,103.075,0.7870038119348596,132.15,1.0460242189675468,191.70724637681158,246.11884057971014,232.89565217391305,background_blank_patch,1,,,
A_pH_test_dataset/benchmark_train/21.jpg,A_pH_test_dataset,benchmark_train,21.jpg,9c420c710bddbc56f7251685db0ef77f,282,501,dataset_annotation,126,191,8,15,1,8.552,130.29696635098597,81.8245680552518,616.0200829887491,120,92.50833333333334,0.0,GOOD,,43.90833333333333,4.279789389937573,110.68333333333334,4.218971701993533,125.825,4.130501381995491,0.15621947069617517,0.00868100374710564,0.3948254360067377,0.0032614211893156053,0.4489550897238324,0.0064730198248297765,95.50833333333334,0.5626697274798266,166.19166666666666,6.105046864866986,125.825,4.130501381995491,110.6,4.194043395102153,112.075,0.6475916923494308,113.35,0.7599342076785331,37.91501370343024,3.6956145006781953,90.1564160075552,3.4365369783680064,131.04001267847977,4.301696431274925,0.14599045193537533,0.008262528019986589,0.3480306396631057,0.0027250382745353267,0.5059789045347762,0.006710823882300088,103.16666666666667,0.4149966532662911,182.325,5.12699148299143,130.68333333333334,4.389349483566885,93.16666666666667,3.828257509044494,125.01666666666667,0.7069103353482832,99.84166666666667,0.8563082907977062,192.04057971014493,245.53623188405797,231.61449275362318,background_blank_patch,1,,,
A_pH_test_dataset/benchmark_train/22.jpg,A_pH_test_dataset,benchmark_train,22.jpg,be13685bc9e5626be7247104d111b402,282,501,dataset_annotation,124,194,8,15,1,8.552,130.12135303860364,81.8407351852467,621.7645586213689,120,96.09166666666667,0.0,GOOD,,47.88333333333333,5.082950805279242,114.43333333333334,5.25314720482451,127.20833333333333,4.956302104952397,0.1649314674718782,0.009399196202596665,0.39537523541606484,0.004529930677080719,0.4396932936489838,0.008207216875171798,94.96666666666667,0.7738791177495933,159.24166666666667,7.014266216473079,127.20833333333333,4.956302104952397,114.01666666666667,5.087539243637886,111.225,1.083685840084662,114.69166666666666,1.3711055960631024,41.05639221721447,4.358251762248883,92.6901851412295,4.255011829210452,131.8696601480919,5.137917124176969,0.15414869162912528,0.00897852841967433,0.34905976006600525,0.004118446286418598,0.49679154453049723,0.00847152903831754,102.9,0.6110100926607787,176.225,5.909684847773188,131.25,5.048514633038118,95.6,4.581484475582124,124.23333333333333,1.1010096376609164,101.1,1.2675435561221027,192.93040293040292,246.91575091575092,233.25641025641025,background_blank_patch,1,,,
A_pH_test_dataset/benchmark_train/23.jpg,A_pH_test_dataset,benchmark_train,23.jpg,4ced23d2f735d284430ffba0abe8d96a,282,501,dataset_annotation,125,195,8,15,1,8.552,130.8769482311972,82.10060771472929,620.1495722986738,120,99.35,0.0,GOOD,,50.93333333333333,7.742451521033603,117.8,7.463913182774838,130.55833333333334,7.305016351035013,0.16920992290770437,0.013502647540373012,0.3939329570662154,0.004953711559757199,0.4368571166661687,0.009357839820385462,94.925,0.5190134873006673,156.03333333333333,9.896071049776381,130.55833333333334,7.305016351035013,117.13333333333334,7.42847374783153,111.04166666666667,0.6244441973111413,114.58333333333333,0.8811293258590868,43.47352795645718,6.608475444721902,95.00222071577176,6.019425531352577,134.72706199057802,7.538265583211184,0.15822194177323484,0.012866101336138868,0.34799187103210016,0.004003705408630879,0.49378618351468184,0.009767219592731061,103.03333333333333,0.5467073155618908,173.85833333333332,8.271734837518803,134.275,7.657199771021606,98.05833333333334,6.443725414868499,124.33333333333333,0.6871842709362768,100.80833333333334,1.120236830119219,193.81159420289856,247.99420289855072,234.31884057971016,background_blank_patch,1,,,
A_pH_test_dataset/benchmark_train/24.jpg,A_pH_test_dataset,benchmark_train,24.jpg,712baef51212e14fb3024d33a1c21846,282,501,dataset_annotation,124,194,8,15,1,8.552,130.00525190753245,81.61819496743512,619.948403813053,120,100.725,0.0,GOOD,,52.25,4.844670611438237,119.58333333333333,5.139039036845529,129.55833333333334,4.668682600286961,0.17300725994219204,0.007928140204220096,0.396874320093282,0.0035770051752354376,0.43011841663907663,0.005875277128021982,94.13333333333334,0.618241233033047,152.35833333333332,6.049512147456373,129.55833333333334,4.668682600286961,118.70833333333333,5.040495731792879,109.99166666666666,0.8009976418331218,116.26666666666667,0.8825468196582483,44.93549928332538,4.166463019870438,96.82316558897949,4.160931241528005,134.20904970865405,4.836272890017424,0.16249504622761826,0.007591213196082765,0.35092614276028333,0.0031071641689068108,0.48657880738058984,0.0061338310812635135,102.50833333333334,0.5322254117278589,170.28333333333333,5.143253401841636,133.58333333333334,4.739168937928065,99.50833333333334,4.326268279039365,123.275,0.8161137584103496,102.11666666666666,0.7657603338440095,193.06944444444446,247.01388888888889,232.55555555555554,background_blank_patch,1,,,
A_pH_test_dataset/blue/1.jpg,A_pH_test_dataset,blue,1.jpg,b4f51aaa1492dbf87bdec2b68c04aad5,563,1001,dataset_annotation,203,403,16,30,1,5.036,139.7770417859228,79.13540676283799,265.711184144725,480,150.06875,0.0,GOOD,,155.98125,3.5097576038096987,165.25208333333333,3.096536343463272,56.97291666666667,3.1273817312658774,0.4124465014515064,0.003129918798414455,0.4369940538755575,0.003322583083645505,0.15055944202741317,0.005534197225920907,32.610416666666666,0.48765577995367004,166.96666666666667,3.9129769854790726,165.25208333333333,3.096536343463272,166.48125,2.8801878013131943,110.20833333333333,0.6040948233146478,180.76458333333332,0.9962407639332082,245.16705751994886,5.0765845141508565,174.58703379664786,3.2714570633175324,66.7545433463928,3.664318970396838,0.5039648480032968,0.003648375520369697,0.3588943733608109,0.0025271260105379626,0.1371407765793879,0.005200903188222602,18.129166666666666,0.35352883742191227,186.04166666666666,3.1195508045586027,244.675,5.126178726237833,194.2875,3.404753111460506,144.20833333333334,0.9411503009025121,190.75416666666666,1.247490536592919,170.69375,189.30625,127.14791666666666,white_reference_patch,1,,,
A_pH_test_dataset/blue/2.jpg,A_pH_test_dataset,blue,2.jpg,a2f1c5bc16d5eaa5423dbb5d7f946cf2,563,1001,dataset_annotation,201,399,16,30,1,5.036,139.34559756407003,79.06912355584747,266.0603206140815,480,151.94375,0.0,GOOD,,158.11458333333334,3.47511927752927,166.87708333333333,3.368898162068555,59.2625,3.5381624821367375,0.41153414627005325,0.003280683293160585,0.43435352883981027,0.0029498136471898476,0.15411232228596933,0.0057564156535884975,32.541666666666664,0.5147140522227419,164.34375,3.9067999612854507,166.87708333333333,3.368898162068555,168.07708333333332,3.180064175409393,110.29375,0.4907079282356596,180.48125,0.8137250380196004,254.57403624509735,1.3841806836008541,179.520164950302,3.6241354515243467,70.30821325292271,4.197627206370978,0.5048130261914261,0.006835762115553669,0.35589093743849426,0.00231925100905298,0.1392960343869854,0.006140905177813848,17.789583333333333,0.49528593733541654,185.11666666666667,4.036156037067393,254.50833333333333,1.501365119556939,199.96041666666667,2.5528774274771244,146.06666666666666,1.4817407180595248,191.91666666666666,1.041499986664533,168.57916666666668,185.91458333333333,121.10833333333333,white_reference_patch,1,,,
A_pH_test_dataset/blue/3.jpg,A_pH_test_dataset,blue,3.jpg,d95028dd4aac3987eea5a5dd1c105901,563,1001,dataset_annotation,203,396,16,30,1,5.036,138.68020611715104,79.32761187940507,226.07329884594625,480,149.34166666666667,0.0,GOOD,,153.64166666666668,5.471586962562953,164.60625,4.22210977326502,58.9875,3.254460080668784,0.4072563165117572,0.0045136988908702465,0.43643943981825767,0.0034971540753957367,0.1563042410164178,0.005596647244568422,33.12708333333333,0.7762730359795379,163.61458333333334,3.7046417721180847,164.60625,4.22210977326502,165.59583333333333,4.2189038037807345,109.7625,0.7512836237622468,179.45833333333334,1.3127314610722518,238.97030471377062,8.399176179689807,172.64739221282926,4.4283630906512075,70.01591889093241,3.862920331288543,0.49613964706631364,0.004811840608215921,0.3585417773965428,0.003014844235947091,0.14531857345871174,0.005323681824292285,18.2375,0.47636864226493053,180.66666666666666,3.367326667979941,238.5125,8.429601241063144,191.41458333333333,5.1604461040742935,142.82083333333333,1.5629777047531919,188.0375,1.7484070130645593,168.49739583333334,190.68489583333334,128.55729166666666,white_reference_patch,1,,,
A_pH_test_dataset/blue/4.jpg,A_pH_test_dataset,blue,4.jpg,21a9b5f21143fb51757abd9439222152,563,1001,dataset_annotation,201,394,16,30,1,5.312,139.67853815811188,79.16399652171667,298.7161977232324,480,163.14791666666667,0.0,GOOD,,181.14375,3.604129937192424,175.65625,3.0673961711577675,50.60208333333333,2.7068577711168267,0.44466077508523544,0.002534592685876668,0.4312103994995346,0.0025733074419440087,0.12412882295943543,0.004186139627128706,28.870833333333334,0.3353843152100123,183.81041666666667,2.740037985087474,181.14375,3.604129937192424,179.0875,2.9637831257814167,115.48333333333333,0.5120763831912406,189.02083333333334,0.5318827930621141,229.8110215409013,4.57243919612096,173.59659868847737,3.031429522963438,60.29066808980675,3.2251293364677407,0.49564075981041616,0.0028263639049964716,0.37441961978026655,0.0023850419909963736,0.12993961825164402,0.0043520377451532165,20.008333333333333,0.1934697794373983,188.59583333333333,2.628209017351719,229.33125,4.527768777683625,189.06458333333333,3.083895641293474,138.34166666666667,0.8779315969304721,190.95625,0.6259680003802112,167.86041666666668,202.37291666666667,157.64583333333334,white_reference_patch,1,,,
A_pH_test_dataset/blue/5.jpg,A_pH_test_dataset,blue,5.jpg,a8621cfece3c4490953bc721c6cfdbe1,563,1001,dataset_annotation,208,391,16,30,1,5.624,139.46687947931287,79.13534490393175,295.4218705476872,480,140.43958333333333,0.0,GOOD,,130.85416666666666,3.950683397281482,162.54583333333332,3.1816504059301605,51.875,2.8374357555135354,0.3789704050380941,0.0030939298711666944,0.4708843877087246,0.004609148240085338,0.1501452043547234,0.0045834384408408105,38.72708333333333,0.44545837035824365,173.75416666666666,3.177063524528411,162.54583333333332,3.1816504059301605,159.69791666666666,3.2058533434519774,100.80208333333333,0.6773076551481034,179.66666666666666,0.6135054106435321,234.03225603621732,7.061067782356405,175.16894546597516,3.428733514843574,60.44789706864114,3.306352279289912,0.49829552735255933,0.003312037455287468,0.3730761876769211,0.003970988091426482,0.12862828283957758,0.003964373120425549,19.791666666666668,0.5345688813323208,189.56458333333333,2.3039811182072554,233.53958333333333,7.1392763283862015,191.31666666666666,3.987968015028316,139.04166666666666,1.745927801740063,191.93958333333333,0.8958793592827602,171.63541666666666,185.5875,111.825,white_reference_patch,1,,,
A_pH_test_dataset/blue/6.jpg,A_pH_test_dataset,blue,6.jpg,b1145f49c97b2b06aecf836591882656,563,1001,dataset_annotation,206,394,16,30,1,5.917,139.64200098303118,79.10178991508758,266.6328412666603,480,146.61458333333334,0.0,GOOD,,136.53333333333333,3.7520735008199875,170.13125,3.2872009528117787,52.9875,2.8276628305604854,0.3796234178801103,0.0037920622776583764,0.4731218935747904,0.0035834052238900706,0.14725468576282777,0.005061298511221838,38.64791666666667,0.5234061454124851,175.65625,3.216585032426989,170.13125,3.2872009528117787,166.48333333333332,3.1331116942887447,99.475,0.5875443245690773,181.8375,0.9166571969207826,229.23502046241558,6.29960922170623,180.91450851813292,3.495550316466147,62.52366085695322,3.336557335895751,0.48497010996037143,0.00413812778076178,0.3828156669133825,0.003102757912727176,0.13221422100920582,0.004653451660458393,21.241666666666667,0.48297400436140336,185.90208333333334,2.9666191182987336,228.76458333333332,6.391465324403752,193.70416666666668,3.8470745559306345,134.12291666666667,1.4125537723294719,191.82291666666666,1.095395587473108,169.49583333333334,188.07916666666668,119.12083333333334,white_reference_patch,1,,,
A_pH_test_dataset/blue/7.jpg,A_pH_test_dataset,blue,7.jpg,e13efcb91d7d84962afda2820db65007,563,1001,dataset_annotation,206,395,16,30,1,6.276,139.23662305722698,79.03040002490076,278.95412610031207,480,137.4625,0.0,GOOD,,116.02083333333333,3.7421561483840953,164.91041666666666,3.6093477933077542,52.89791666666667,3.0393248690658625,0.34752953129590775,0.0022714492984047914,0.4941225301118937,0.004698212788774764,0.15834793559397403,0.004993324668828199,43.11666666666667,0.3912231531435167,173.36458333333334,3.3195123627407823,164.91041666666666,3.6093477933077542,159.13125,3.369820485451215,93.68333333333334,0.4651761912317621,178.79166666666666,0.8281086214313247,250.71478859228267,4.8423452999731875,188.8692705972179,4.133728474118305,63.890391656077405,3.6709131189099913,0.4980321852956371,0.004291830817094831,0.37515459754138075,0.002441568849333262,0.12681321517567495,0.004716195784079613,20.022916666666667,0.3672757724865003,190.38541666666666,2.9409812409674125,250.43125,5.074801155792543,204.40833333333333,3.838393399443169,139.09791666666666,1.1888351412435432,196.03333333333333,0.9145429945545966,165.58958333333334,174.62916666666666,91.62291666666667,white_reference_patch,1,,,
A_pH_test_dataset/blue/8.jpg,A_pH_test_dataset,blue,8.jpg,5099da510653450fda8a1da4f15f7779,563,1001,dataset_annotation,200,391,16,30,1,6.478,139.91847406589858,79.23574435828375,295.29046632654314,480,143.47083333333333,0.0,GOOD,,120.13958333333333,3.770402254365205,171.84791666666666,3.3153361810011903,59.166666666666664,3.5445576436120896,0.342113939371148,0.004175239014293331,0.48950428334634627,0.005215406373604487,0.16838177443256247,0.006598604042494728,43.70625,0.638326669895595,167.34166666666667,4.271506044580634,171.84791666666666,3.3153361810011903,165.35,3.1328900395641086,92.59375,0.5982287222849356,178.73333333333332,1.0366881026722656,241.33032294522698,7.448729573973519,191.2520287502898,3.6896855248796014,69.73689056955888,4.177798791719487,0.4804118295817952,0.004729462785961587,0.3808392951695334,0.0041958680296989535,0.13874887325633659,0.005658241986101974,21.208333333333332,0.6143537706855517,181.81458333333333,3.5533135699497294,241.21875,7.4459204784118755,203.66041666666666,4.154728209288251,134.29791666666668,1.7274728149493088,193.21875,1.4874693624295818,169.68541666666667,179.70833333333334,99.53958333333334,white_reference_patch,1,,,
A_pH_test_dataset/blue/9.jpg,A_pH_test_dataset,blue,9.jpg,b1164a7e149c29b6b15a253d64eeb9b6,563,1001,dataset_annotation,204,395,16,30,1,6.765,139.2750162803449,79.07626188917031,290.79679885359076,480,136.92916666666667,0.0,GOOD,,108.99583333333334,3.369591860382434,166.82083333333333,3.2127972192813887,56.614583333333336,2.8488659719946265,0.3278499541091071,0.0019114780054731361,0.5019412999994396,0.0046182666008989185,0.17020874288100288,0.004375867027357296,45.86875,0.3728584684568664,168.48958333333334,2.9382349848827425,166.82083333333333,3.2127972192813887,159.78958333333333,3.145680873789047,90.86458333333333,0.37693367195775385,177.12083333333334,0.5755281390939012,222.05810572780712,6.864897149820966,184.9860811107389,3.562641158918061,65.77912254160363,3.3100288449196262,0.46961393915516203,0.0021551265146876556,0.391341734775243,0.0038433401234153125,0.13904432395292973,0.003572816922578678,22.86875,0.5414703169765326,179.86458333333334,2.0321365586632103,221.64583333333334,7.107770346990367,194.68958333333333,4.111657187362401,129.01458333333332,1.4251446685824174,190.66041666666666,0.9592183413534632,172.13541666666666,180.36041666666668,98.16875,white_reference_patch,1,,,
A_pH_test_dataset/blue/10.jpg,A_pH_test_dataset,blue,10.jpg,d767e36b55fb8df319168d0535c9765e,563,1001,dataset_annotation,206,394,16,30,1,7.053,139.01302427590173,79.07508183565241,303.1669279521149,480,129.63958333333332,0.0,GOOD,,97.46666666666667,3.7802851156434687,159.60416666666666,3.6869114407891894,61.06458333333333,3.5936859897681033,0.3063269249734414,0.0026273577063746006,0.5018781875373242,0.005791169586607234,0.191794884342242,0.0052793882518469325,48.96041666666667,0.5005162265656884,157.68958333333333,3.6755804294091505,159.60416666666666,3.6869114407891894,152.61666666666667,3.6547533736522118,90.01875,0.24508183157196015,171.90416666666667,0.638343668323646,175.28662420382167,6.798564464252024,171.24527795784252,3.9558251370874453,70.72008492876358,4.161917834047966,0.4200502554029676,0.0030069002923928593,0.41058778833497356,0.0051344529186733556,0.16936195386245909,0.004622148033605606,28.820833333333333,0.8997588411470167,152.80208333333334,3.081597906885683,175.05833333333334,6.429483951989372,174.6,4.220781918081056,116.44583333333334,1.291471759488203,178.83958333333334,0.7254997080556883,172.69375,186.40416666666667,111.20833333333333,white_reference_patch,1,,,
A_pH_test_dataset/blue/11.jpg,A_pH_test_dataset,blue,11.jpg,8c56d742a1e28a14ac717e83ac2047aa,563,1001,dataset_annotation,207,395,16,30,1,7.668,139.41308070260112,79.17996220428364,295.19294069558254,480,109.42083333333333,0.0,GOOD,,68.175,4.300993102373761,136.67083333333332,4.320973961067368,77.00833333333334,4.434703735563653,0.24170118269619664,0.004382818220719189,0.48521601115887875,0.0070913886833169,0.27308280258965617,0.0035770589650632244,63.791666666666664,0.41121432638251093,127.84166666666667,3.971242109074803,136.67083333333332,4.320973961067368,130.86666666666667,4.117914790549001,92.80625,0.3952352938440595,153.38958333333332,0.5364775481995703,118.79333502740771,7.494379384831034,145.79680190241248,4.609499841789371,90.44176117248384,5.208298878336585,0.3343740410748427,0.005214332256309578,0.4109881616029067,0.006998467227371781,0.25463779449915924,0.002947976712315076,44.62083333333333,1.5417736449369674,97.30833333333334,4.209207829931371,145.36875,4.704105310346839,145.52291666666667,5.10060207162405,108.23541666666667,1.3435012689693382,154.27916666666667,0.5412017235334303,170.29375,187.48125,114.77916666666667,white_reference_patch,1,,,
A_pH_test_dataset/blue/12.jpg,A_pH_test_dataset,blue,12.jpg,34dd54bdf907a23153fdfe9a7bed768d,563,1001,dataset_annotation,199,388,16,30,1,7.942,139.28255048681336,79.09197014254025,301.5432648424206,480,99.83958333333334,0.0,GOOD,,57.25625,4.362119431824397,124.7875,4.3191253454837355,83.96458333333334,4.452620463620895,0.21496429523617822,0.005933526239164884,0.4694394293420365,0.007451286971972435,0.3155962716537931,0.003486180282757015,72.06041666666667,0.5902822712247271,138.17916666666667,5.029618869479299,124.7875,4.3191253454837355,120.25625,4.228741255287046,96.63333333333334,0.7436770505774369,143.94375,0.8678052416873269,109.9166116743656,8.374096935531867,136.01280697571443,4.7076539069954535,97.59659042752843,5.175522326980008,0.31958142689684266,0.0075805946841958766,0.39630844889971356,0.007699684718521099,0.28411012128461893,0.003060164849631351,50.36666666666667,2.928831773174341,72.53125,4.486909489931052,135.53125,4.727034669941964,136.86666666666667,5.314576391606599,111.03125,1.7287587370229929,145.775,0.941740410091868,172.06458333333333,183.49375,104.18125,white_reference_patch,1,,,
A_pH_test_dataset/blue/13.jpg,A_pH_test_dataset,blue,13.jpg,ff21e11f9c2fc7e64bc426ba2eac4cea,563,1001,dataset_annotation,203,393,16,30,1,8.382,138.8322725232139,79.27280870102908,300.0413829260009,480,81.00625,0.0,GOOD,,42.00833333333333,4.659659918444216,95.00833333333334,4.562064286653089,110.82708333333333,4.441904601975999,0.16898350673158502,0.009579241668396452,0.3834852103001947,0.0031960534821183287,0.4475312789213946,0.007189003390069617,96.87708333333333,0.5077481262616557,158.63541666666666,6.9918401721618,110.82708333333333,4.441904601975999,95.81458333333333,4.78941930993611,115.7125,0.5130078784320309,113.98541666666667,0.6501568987987096,70.5639446378891,7.827113299341126,100.0592404063453,4.804596304261979,129.9976784819716,5.210254289184121,0.23401981178982662,0.012271964739764104,0.3330604363175462,0.004051523122807474,0.43291974855468257,0.008732696545519902,105.2125,0.9132417076911602,117.42708333333333,10.01763527450743,129.51666666666668,5.240441033178621,104.86041666666667,5.635388169983403,125.81666666666666,0.9172725270544675,107.93333333333334,0.7525881269917092,170.50625,189.90416666666667,119.06458333333333,white_reference_patch,1,,,
A_pH_test_dataset/blue/14.jpg,A_pH_test_dataset,blue,14.jpg,fd85009dd78ba6b526af3328071fe3fd,563,1001,dataset_annotation,198,389,16,30,1,5.322,139.6144406215454,78.57134922834392,293.1693821692609,480,163.85833333333332,0.0,GOOD,,184.13333333333333,4.3367294384388595,175.20416666666668,4.247546268795145,52.6125,3.768268004003962,0.4470609630947963,0.003862179103540949,0.425367689875881,0.0028424980465254408,0.12757134459968886,0.006320276516248635,28.010416666666668,0.10152910775842668,182.15,4.185590360590328,184.13333333333333,4.3367294384388595,179.44583333333333,3.96195229302704,117.07708333333333,0.6293977224740773,188.48958333333334,0.9486261081456463,219.63941799927935,5.1729728270042665,171.61631312049138,4.160564467888354,63.10581356122793,4.519831182882671,0.4834984939894541,0.004407188401745315,0.37777143086417886,0.0027475368838010966,0.138730072943462,0.006804337978509455,20.98125,0.15021685713216965,182.275,4.22830245685744,219.15833333333333,5.202156337092875,185.44375,4.09890260974406,134.73333333333332,0.5842849380986035,187.9,1.13394591287827,166.74375,204.18125,167.66875,white_reference_patch,1,,,
A_pH_test_dataset/blue/15.jpg,A_pH_test_dataset,blue,15.jpg,4992d968f62bd10183072324180aaeda,563,1001,dataset_annotation,207,388,16,30,1,5.322,139.63373393924016,78.62233146015717,296.6638698617009,480,168.13958333333332,0.0,GOOD,,189.66666666666666,3.3827585718693487,179.25833333333333,3.3310304545123706,54.00625,3.0010349777201863,0.4485042439756721,0.00266622518758973,0.4238843098316452,0.0022197248140960577,0.12761144382706371,0.004572704719734811,27.983333333333334,0.12801909579781015,182.45833333333334,3.063619409928213,189.66666666666666,3.3827585718693487,183.40416666666667,3.071234709182756,117.45625,0.5497750486941605,189.61666666666667,0.7121953539740499,235.08450285979882,4.192798508766054,179.7057257129729,3.33934402975311,65.49933674436232,3.639686158311387,0.4895187717812718,0.0030330071115569966,0.37419665467526086,0.0020959375400207204,0.13628457146033685,0.004839801237104529,20.054166666666667,0.22634628092568448,184.33125,2.928427923676228,234.58125,4.146994707516115,194.61875,3.2317536680312338,137.25833333333333,0.5808877305947816,191.24791666666667,0.8654212806810078,164.90625,199.50208333333333,161.36041666666668,white_reference_patch,1,,,
A_pH_test_dataset/blue/16.jpg,A_pH_test_dataset,blue,16.jpg,e74215078c997df7426f065affd25692,563,1001,dataset_annotation,211,393,16,30,1,5.653,127.66584569959348,78.65916906078618,258.969531186014,480,136.23958333333334,0.0,GOOD,,124.58125,4.279999817464949,158.11875,3.146503101990102,54.8,2.9043071462915213,0.36908782012442026,0.005432803993523156,0.46860071188984687,0.0041785963444636864,0.16231146502054813,0.005868316371417855,39.86666666666667,0.8434387285919996,166.68333333333334,3.6531569300477025,158.11875,3.146503101990102,155.27916666666667,3.161154742424919,100.62708333333333,0.8039588462035161,176.54583333333332,1.0596694322077786,253.65280815924748,3.3562102416548716,182.24319262354126,3.62657035238738,67.265055619486,3.5649339732001795,0.5041842174287265,0.0054871043576828794,0.3621902520588399,0.0023179117933909187,0.13362552852435486,0.005299124634870467,18.470833333333335,0.49914858064063006,187.85625,3.3662173534745694,253.50625,3.5601911377761724,201.43541666666667,3.046855591106273,143.95,1.3820274961085253,193.68125,1.2112590298941015,162.9375,173.525,95.23958333333333,white_reference_patch,1,,,
A_pH_test_dataset/blue/17.jpg,A_pH_test_dataset,blue,17.jpg,0ef1f02d3c676d66760248cbd7618085,563,1001,dataset_annotation,211,385,16,30,1,5.653,129.50768769418858,78.43759219890303,252.7232444838653,480,138.275,0.0,GOOD,,127.19375,3.995044130440447,159.9875,3.5794334398058028,55.983333333333334,2.8054510431578654,0.370633461183469,0.0032229883468375947,0.4663037657249439,0.0038853957430611055,0.1630627701751194,0.004537689191054336,39.46041666666667,0.5576138087621416,165.81666666666666,3.0041175446746786,159.9875,3.5794334398058028,157.22083333333333,3.441351377810112,100.82708333333333,0.5892225044261482,176.87291666666667,0.7627361883741688,247.03305955424352,6.660156903362229,182.23540579022304,4.07719043926622,69.32383974408586,3.473973894476114,0.49547254639394406,0.003319951748473705,0.36555370075459936,0.0028405169497346824,0.13897375084432398,0.0040558624943251055,19.05625,0.40692252026645065,183.80208333333334,2.5166933980368413,246.6875,6.8758522199069985,199.48333333333332,4.293373447017572,141.29583333333332,1.3874374360268966,191.94583333333333,1.2703277682900933,161.5125,175.58333333333334,102.68125,white_reference_patch,1,,,
A_pH_test_dataset/blue/18.jpg,A_pH_test_dataset,blue,18.jpg,f394a36bc35d5a113b45ed49d323789a,563,1001,dataset_annotation,206,392,16,30,1,5.951,127.64041287309493,78.69125363259316,249.00505547135896,480,145.68333333333334,0.0,GOOD,,138.13333333333333,2.7776888874666215,168.13958333333332,2.577809113644548,50.375,2.7372811936908006,0.38733050014114384,0.0025916817921867916,0.4715118316711893,0.0035540289781434767,0.14115766538246916,0.005058562393226274,37.53333333333333,0.5312459150169742,178.68541666666667,3.2607188358380257,168.13958333333332,2.577809113644548,165.14375,2.5466813576692315,100.66041666666666,0.4865865730325443,182.65625,0.6865997894212708,246.95662629701386,4.826560391760687,186.70290902781792,2.8624102123633843,62.49030857497287,3.395603899755995,0.4977716054642337,0.0029475955400913682,0.3763542263240002,0.002774345041379364,0.12587416619533234,0.004600327743232856,20.14375,0.3508360550171547,190.8625,2.7252389039005984,246.52083333333334,4.833432111059617,202.06875,3.1006488736230677,138.61875,1.0116315720162157,195.63125,0.7551645102227725,161.225,180.11458333333334,111.83541666666666,white_reference_patch,1,,,
A_pH_test_dataset/blue/19.jpg,A_pH_test_dataset,blue,19.jpg,6de3109cfac9cd0cd425d5cf434e9e72,563,1001,dataset_annotation,208,392,16,30,1,5.951,134.5604821466278,78.61433865759196,274.01446550927966,480,145.43958333333333,0.0,GOOD,,137.50208333333333,3.4095447877571905,168.09166666666667,2.9937318776997306,50.020833333333336,3.462835924338444,0.38668513681712163,0.0042319039119688056,0.47277165426487905,0.0044107839918127376,0.14054320610422058,0.007068972837926949,37.825,0.6571719714047457,179.24791666666667,4.41151379835262,168.09166666666667,2.9937318776997306,165.0375,2.90306052583591,100.46875,0.6543623645707832,182.50208333333333,1.0082967452039546,222.58532308107382,5.519295488073155,177.91792542283176,3.1687386740520656,59.68479665904345,4.131851555340691,0.4837093261776805,0.004705851015429748,0.3866967543402311,0.0036387387887178197,0.12959391730770473,0.006621638156722374,21.733333333333334,0.5038738819276991,187.02916666666667,4.100201129890527,222.1375,5.520213801716982,190.02708333333334,3.500192827029518,132.7625,1.1751994511571218,191.22916666666666,1.3530764842470002,167.61666666666667,188.95416666666668,123.55,white_reference_patch,1,,,
A_pH_test_dataset/blue/20.jpg,A_pH_test_dataset,blue,20.jpg,0043b940d8d36310a7a9b7fa4eb0d5ff,563,1001,dataset_annotation,201,392,16,30,1,6.313,129.30120501168457,79.08598460729026,254.22177739658514,480,140.25208333333333,0.0,GOOD,,118.68958333333333,3.7184080141536677,167.7625,3.239381692545663,56.49166666666667,3.3460071561323486,0.3460785283004154,0.0026250664990111845,0.4893303615211751,0.0052391767464703455,0.16459110725997603,0.005235272598516695,43.38125,0.5188754868302542,169.27291666666667,3.603600027711486,167.7625,3.239381692545663,161.80625,3.1586459552842157,93.5625,0.5325352101035198,178.38958333333332,0.5703579224681833,247.85127687438612,6.600942085927015,193.14960063323016,3.729589629468995,69.6219269529495,4.123713806902952,0.48540939206298883,0.0034135395075402886,0.3783511904148046,0.0036336476896449456,0.13623941556234198,0.004685559598276139,20.779166666666665,0.5450375878985064,183.75833333333333,2.771870106785109,247.52083333333334,6.774614328916116,206.45,4.11875790338139,135.99166666666667,1.499976851673237,194.51458333333332,0.7553943736368588,162.28125,173.7125,95.44791666666667,white_reference_patch,1,,,
A_pH_test_dataset/blue/21.jpg,A_pH_test_dataset,blue,21.jpg,325032cc3b3c8ecb79aa78bc0e16cca1,563,1001,dataset_annotation,204,390,16,30,1,6.313,139.3082548002619,78.13328860976151,278.1064174134339,480,138.175,0.0,GOOD,,117.225,3.107685365884605,165.17291666666668,3.0539073048127845,54.958333333333336,2.9514003267752225,0.3474856966805996,0.0009692094095686875,0.48971966998132177,0.004143476689373258,0.1627946303717214,0.004505082044981857,43.0,0.0,170.15625,2.996971127238299,165.17291666666668,3.0539073048127845,159.47916666666666,2.720214324685138,94.0125,0.11110243021644485,178.12083333333334,0.33226390949899387,209.56814838265146,5.5557421018067785,179.387508060593,3.3167230579573865,64.76321410158839,3.4779470131149344,0.4618978668364109,0.00112742316275343,0.3954630753659572,0.0034151070971431786,0.1426390555920141,0.003937306918827308,23.789583333333333,0.4324058584118499,176.64791666666667,2.344096270716902,209.05625,5.515788182194212,188.07083333333333,3.541889698859761,126.41875,0.8276865977933112,188.09375,0.3729981289050478,169.72083333333333,184.15208333333334,111.87291666666667,white_reference_patch,1,,,
A_pH_test_dataset/blue/22.jpg,A_pH_test_dataset,blue,22.jpg,9b12b1d7beb22b0346b219ab4577d8c2,563,1001,dataset_annotation,206,388,16,30,1,6.52,127.9740845300348,78.64791324612739,243.61011113044768,480,140.42083333333332,0.0,GOOD,,116.44166666666666,3.870929761985126,168.37916666666666,3.4372323128095696,59.28125,3.180353508259734,0.3383661254074347,0.002761222682540679,0.48946603092609886,0.004883785604994282,0.17216784075780278,0.004671916327220595,44.17916666666667,0.5135490618128796,165.28125,3.2284643053367237,168.37916666666666,3.4372323128095696,162.23125,3.2937223275244882,93.00208333333333,0.43540669845048957,177.4625,0.5833184521911394,220.8166248543152,7.3407197746196795,188.13533677067934,3.840527729951683,72.22447839991878,3.874739032348527,0.45887974026269596,0.0030729327206357074,0.3911127867896308,0.0042543610486388325,0.15000747086751132,0.004076485245570309,23.422916666666666,0.6632431628411677,171.95833333333334,2.5179218724089822,220.29375,7.335072887901887,196.53958333333333,4.208435951719145,127.17083333333333,1.5234224536294,188.67083333333332,0.8440868669093773,164.15833333333333,178.99791666666667,105.46458333333334,white_reference_patch,1,,,
A_pH_test_dataset/blue/23.jpg,A_pH_test_dataset,blue,23.jpg,05d553ac277b3afc8a7add520a66a508,563,1001,dataset_annotation,197,390,16,30,1,6.52,127.80073035312822,78.65181552386238,245.67097232214385,480,140.15208333333334,0.0,GOOD,,117.95416666666667,3.069674136704995,167.93958333333333,2.9394046721043505,56.952083333333334,3.134451678745246,0.34405013302596354,0.0026113323021304917,0.4899454253297905,0.004464844817482321,0.16600443872557638,0.005349239373244426,43.64791666666667,0.47761978573151903,168.62291666666667,3.5802548549494193,167.93958333333333,2.9394046721043505,161.92083333333332,2.873366081599922,93.31666666666666,0.46517619123176207,178.12083333333334,0.6906996251788633,226.81221832749125,5.902628284900941,188.76022994696234,3.3038232607277473,69.75236977405815,3.8389365188822007,0.46734742827717973,0.0029620596589065183,0.3890228554847944,0.0036629284270505947,0.14362971417618045,0.0046932871331769425,22.7875,0.5006766255112508,176.92083333333332,2.925816006784356,226.22708333333333,5.781480475886393,198.28333333333333,3.538910692414954,129.19583333333333,1.2089868922182554,190.70833333333334,0.9073389051996442,163.29791666666668,177.93958333333333,104.01041666666667,white_reference_patch,1,,,
A_pH_test_dataset/blue/24.jpg,A_pH_test_dataset,blue,24.jpg,dc06d624e589f44cab3ee0b8fd919cea,563,1001,dataset_annotation,207,390,16,30,1,6.827,138.40473380970715,78.31187921068569,275.20618927232147,480,134.57708333333332,0.0,GOOD,,106.39791666666666,3.4656041791279177,163.75833333333333,3.2054532527484403,57.74791666666667,3.002255373280043,0.324448381510634,0.002161776434787726,0.4995449938991314,0.00498585774486237,0.1760066215380468,0.004537339812095926,46.23125,0.42163187438807326,164.93541666666667,3.1790321891610693,163.75833333333333,3.2054532527484403,156.92291666666668,3.0277012445729996,90.97083333333333,0.29436254101966774,175.50625,0.658250917837061,198.4457267199005,6.463795170023513,179.2381625602846,3.5084599330040303,67.99538831379091,3.5350109875249482,0.4452317646898118,0.002428644175650728,0.402291084819025,0.00433932610398101,0.15247714824543643,0.0038961428025294674,25.616666666666667,0.6761820925033598,168.10416666666666,2.412982104966568,197.93125,6.511005306722355,185.18958333333333,3.8761417448783897,121.92916666666666,1.35523035147371,185.37083333333334,0.7158789275351586,169.85833333333332,182.72708333333333,107.23125,white_reference_patch,1,,,
A_pH_test_dataset/blue/25.jpg,A_pH_test_dataset,blue,25.jpg,c5e77f475a4b2fd407c48b80e8e4cac7,563,1001,dataset_annotation,207,393,16,30,1,6.827,138.39029531747116,78.3192806024964,273.2906003640675,480,134.8,0.0,GOOD,,106.56666666666666,3.5753399216795536,164.0125,3.6810112401349713,58.02916666666667,3.2124729787017485,0.3242774118573792,0.002015583109353249,0.49925114058101744,0.004851715395408808,0.17647144451554836,0.004784872090597467,46.25833333333333,0.4377181995556299,164.61666666666667,3.245338537382845,164.0125,3.6810112401349713,157.17291666666668,3.4449987653198884,90.92708333333333,0.43408888458727235,175.45625,0.7318373709370137,193.6475487412455,6.496926603846998,178.53724912121555,4.00699715447281,68.3173295071312,3.782021828426327,0.43958576176871145,0.002280829498919898,0.4054267448663146,0.004182438334263167,0.1549874910925734,0.004187209196976194,26.422916666666666,0.6600945586723836,165.60416666666666,2.6554941735118827,193.08958333333334,6.5331124404622205,183.625,4.236375219453536,120.26458333333333,1.1541572653046706,184.3875,0.7636603193392553,169.88125,183.72916666666666,110.0625,white_reference_patch,1,,,
A_pH_test_dataset/blue/26.jpg,A_pH_test_dataset,blue,26.jpg,15a128c1a15d84d3cf879d34425e0f12,563,1001,dataset_annotation,204,391,16,30,1,7.121,138.98816813736886,78.07772359994986,268.41275359115826,480,131.5625,0.0,GOOD,,99.84583333333333,3.1958930894022237,161.09583333333333,2.7769856509452033,63.86666666666667,2.717791178308019,0.30735870389183595,0.0031114384778893524,0.49608520375076814,0.004695166610563554,0.19655608927661264,0.003938273486446416,48.78958333333333,0.5395752895153331,153.97291666666666,2.889149210359725,161.09583333333333,2.7769856509452033,154.10416666666666,2.7571088671932333,90.46666666666667,0.4988876515698588,171.45833333333334,0.5685630034471896,191.18016634421687,6.119347718902471,179.7672877750526,3.0988459994971436,77.25709101447815,3.2876091923938695,0.42649628991026206,0.003570171551316364,0.4011919482856927,0.004314876288523607,0.17231175957130468,0.0034589574072701364,27.045833333333334,0.9048384601070452,152.4,2.477902338672773,190.7,6.260125131869703,184.26875,3.582460528393858,119.19166666666666,1.5016426191193282,180.34791666666666,0.7758032351841685,165.33541666666667,179.22708333333333,104.45208333333333,white_reference_patch,1,,,
A_pH_test_dataset/blue/27.jpg,A_pH_test_dataset,blue,27.jpg,96818ca169be22e0383c50f16911f79a,563,1001,dataset_annotation,206,388,16,30,1,7.121,129.5345347370214,78.46246255553169,251.15103862148922,480,126.62291666666667,0.0,GOOD,,93.38958333333333,3.8622499694334764,156.32291666666666,3.3846922301821705,61.38125,3.32077778602644,0.300127962349818,0.003663912926712923,0.5026873924042147,0.006137070717805034,0.19718464202803035,0.004619200760953012,49.69166666666667,0.4618050334165803,155.025,3.4628083496876734,156.32291666666666,3.3846922301821705,149.40208333333334,3.306999494968547,90.29791666666667,0.46187551683928385,170.5875,0.5851014869234226,184.71269340915174,7.639038199015468,176.80254476908573,3.828115623203207,75.13771294501684,4.065014121423778,0.42293321415520574,0.004217626088496632,0.40509025746166977,0.005666565391871166,0.17197652609026193,0.003958777660785478,28.0,1.1067971810589328,151.63333333333333,2.7346033634798954,184.01458333333332,7.41772903205931,180.66875,4.230920715892306,117.74166666666666,1.766568393493127,179.69375,0.676974350203413,163.38333333333333,176.83333333333334,101.11875,white_reference_patch,1,,,
A_pH_test_dataset/blue/28.jpg,A_pH_test_dataset,blue,28.jpg,004917483196012ea722da746a23602c,563,1001,dataset_annotation,202,390,16,30,1,7.726,127.40371706446307,78.62841284665917,240.6349803804236,480,109.1875,0.0,GOOD,,68.0625,3.710942434207246,136.32916666666668,3.549058462778857,77.17083333333333,3.5508190565307913,0.2415856188760021,0.0042860324477734775,0.4844117185207692,0.006048343624276228,0.2740026590464834,0.002757651061068448,63.96666666666667,0.42687494916218993,127.75833333333334,3.6009161642868364,136.32916666666668,3.549058462778857,130.61041666666668,3.2660335005000927,92.90833333333333,0.35930101895516836,153.14166666666668,0.47074114141662005,134.27039023488072,7.320766777302998,154.44235966061296,4.02059938432129,94.63371016158908,4.354328791300451,0.35006637470806656,0.00525367969533652,0.403119834861614,0.006079905614186017,0.2468137878174235,0.002220701233686979,40.09166666666667,1.7284185128479603,99.18541666666667,3.3461725388452734,153.925,4.040240298134093,155.05416666666667,4.513542508077466,110.575,1.479935246331181,157.025,0.511737237261468,163.09375,176.54375,101.38125,white_reference_patch,1,,,
A_pH_test_dataset/blue/29.jpg,A_pH_test_dataset,blue,29.jpg,2b3aedd5fcfdf88c96a158dd6b9da7fa,563,1001,dataset_annotation,205,386,16,30,1,7.726,129.21951050725474,78.57932204363071,238.93239622902132,480,105.72708333333334,0.0,GOOD,,64.86041666666667,3.7637658215837795,132.66041666666666,3.712492400852679,75.55208333333333,3.7418516797242987,0.2373606558810228,0.004243020517535255,0.486059189339745,0.006386546156555086,0.2765801511112161,0.0026870261285052493,64.84583333333333,0.36110844016106236,130.25208333333333,3.7127308897524776,132.66041666666666,3.712492400852679,127.53333333333333,3.5164691887681245,93.47916666666667,0.5805738301217359,152.1875,0.4211220131980754,126.00117368516906,7.3116846201113574,150.6238838097716,4.215198761479543,93.12328274657833,4.612096670178629,0.34056712909990805,0.00517698638032964,0.407639359701642,0.006406992476269914,0.25179350848891585,0.0020162131953939404,42.802083333333336,1.6634539347561013,97.84583333333333,3.6016754396006068,150.1625,4.221306324271355,150.50625,4.660110256653448,109.00625,1.413462982948852,155.60625,0.6366927078007621,162.2625,176.14791666666667,102.95208333333333,white_reference_patch,1,,,
A_pH_test_dataset/blue/30.jpg,A_pH_test_dataset,blue,30.jpg,85d49080a66081807f7ffce1d8d34df0,563,1001,dataset_annotation,204,388,16,30,1,7.991,129.5036934646171,79.19369940806581,252.86049848400538,480,97.96458333333334,0.0,GOOD,,55.322916666666664,4.272233002352388,122.74791666666667,4.293041345369918,83.69791666666667,4.407663287925045,0.21106710514610325,0.006019981891242106,0.4692385039256973,0.006774893111597317,0.31969438709909,0.002485254198413033,72.86666666666666,0.36362373715452384,140.24583333333334,4.895361679408603,122.74791666666667,4.293041345369918,118.59375,4.169277827653929,97.08541666666666,0.3579394637675793,143.07708333333332,0.4567729119108921,107.94057272930512,8.335556129216291,138.34485835378098,4.838535862445402,102.16017596724772,5.3799147581188365,0.3093985213578592,0.007658202762287025,0.39740121095221353,0.007154750203477567,0.29320026481229344,0.0023652371834062716,55.075,2.9116504483425434,67.33958333333334,3.8669669199156878,137.88125,4.853742381314306,138.58333333333334,5.4142302212677365,109.81875,1.5832661718211922,144.08333333333334,0.5335936864527374,163.85625,177.45208333333332,102.50625,white_reference_patch,1,,,
A_pH_test_dataset/blue/31.jpg,A_pH_test_dataset,blue,31.jpg,5910547781bdad180d1e28a3d76736fb,563,1001,dataset_annotation,203,390,16,30,1,7.991,129.39145756552506,78.98974219628298,257.26258394779717,480,91.78125,0.0,GOOD,,49.71041666666667,3.8742601220175645,115.61458333333333,4.067579623443843,79.91875,3.818221458240298,0.20241016918321356,0.006281853590225104,0.4717113227156922,0.0065567882664021694,0.32587850401435975,0.002387246300588624,73.92916666666666,0.2565462379810357,145.50416666666666,4.844238774622444,115.61458333333333,4.067579623443843,111.61458333333333,4.067579623443843,98.07291666666667,0.6298940331957079,141.71458333333334,0.5914282089898054,90.71588792152986,7.0700865246110025,128.5916210955603,4.5241408361596145,98.94633668218576,4.7272889770446955,0.28465572585928656,0.007857917593522425,0.404384126928382,0.006962198641450379,0.31096014406209826,0.002520028147123297,66.37291666666667,1.791326275804854,75.75,8.073103492461867,128.14375,4.5485989715698905,127.99375,4.960884760218349,108.125,1.2166381275191622,139.84583333333333,0.6870705729560991,161.53958333333333,179.81666666666666,109.59583333333333,white_reference_patch,1,,,
A_pH_test_dataset/blue/32.jpg,A_pH_test_dataset,blue,32.jpg,2ee1368f0e2d8c43c2c1e3187b6d3ff2,563,1001,dataset_annotation,208,388,16,30,1,8.493,128.3345890344114,78.535523812422,244.35280180497813,480,86.25833333333334,0.0,GOOD,,48.88333333333333,5.18922494748065,100.26666666666667,4.836895239257882,111.825,4.478490259004701,0.18679893068284384,0.010162036748736896,0.3843359579390534,0.0029042697998925,0.4288651075347875,0.008305456207431386,95.475,0.5317032380316423,143.75833333333333,8.147592521038892,111.825,4.478490259004701,101.075,5.083736322823992,114.54166666666667,0.5306573491644323,116.10208333333334,1.1954757740702606,83.31942545674059,8.84479866054973,110.5437840941717,5.33266658591739,140.4432350401633,5.624624726764846,0.24855075101729096,0.012584330791472751,0.33085958040980484,0.0035655873662438957,0.4205896655714103,0.009689875877417322,105.80625,1.0635840058500317,104.4625,11.170583112950432,139.91666666666666,5.598859010746942,116.0375,5.9730863392945075,126.28333333333333,1.0382945418115013,108.47083333333333,1.2890497684556463,159.24583333333334,181.40625,117.33958333333334,white_reference_patch,1,,,
A_pH_test_dataset/blue/33.jpg,A_pH_test_dataset,blue,33.jpg,81a200af2514efe02eaee7aea57ea6d5,563,1001,dataset_annotation,207,396,16,30,1,8.493,128.38135044351742,78.61148444633722,255.3302537798148,480,82.32708333333333,0.0,GOOD,,44.37291666666667,6.042944907884087,96.25833333333334,5.740928835030869,110.01666666666667,5.690245064045035,0.17632379451644856,0.010758625536368516,0.38427034357261963,0.004235909986273877,0.43940585790440223,0.007293783060542352,96.075,0.49434299833212964,152.50416666666666,8.046737390948513,110.01666666666667,5.690245064045035,96.94375,5.95914585077705,115.13333333333334,0.5763872155263526,114.98541666666667,0.4849783428727056,74.41088615997344,10.133678815603828,104.2661942748824,6.218524469551754,135.16079906835083,6.990741430853501,0.23615928702340414,0.013338209460175979,0.33254416167026546,0.004975693868541505,0.4312965481047323,0.008894029761100066,105.40416666666667,1.6340081514144562,115.51458333333333,10.977429298021262,134.6125,7.016338818548223,109.28333333333333,7.039097164330728,125.95833333333333,1.4542800815371004,107.4875,0.6581618975095209,162.79375,184.63958333333332,119.26458333333333,white_reference_patch,1,,,
A_pH_test_dataset/iphone6p_test/1.jpg,A_pH_test_dataset,iphone6p_test,1.jpg,2e9d987b43b6d3d2211796ccac7d4c19,563,1001,dataset_annotation,249,375,39,43,1,5.016,73.52876963178917,41.933461387256976,24.61756191723899,1677,106.43828264758497,0.0,GOOD,,119.09719737626715,4.805157536967917,105.42039355992844,3.125159272291843,78.69528920691711,2.571029458695565,0.39270058019660387,0.004079087165383127,0.34773080175383697,0.00280702840868026,0.2595686147478231,0.0035859378553330635,20.14370900417412,1.0667540950662018,86.3840190816935,3.851344096347806,119.09719737626715,4.805157536967917,115.33512224209899,3.5578246806054237,128.9284436493739,0.8364865464263816,144.94812164579608,0.9714120512920882,198.1287699677899,7.993806514968621,149.17316402819935,4.422198409597319,88.84073332907198,2.9024881263297293,0.45418283310446433,0.00417024084910123,0.3420886916923088,0.002872034933925135,0.20372847290771134,0.0030710954040251938,16.645796064400717,0.6595940558989568,140.81633870005962,2.6769441543923658,197.50327966607037,7.988857474375013,165.82587954680977,5.028550379513106,139.39355992844364,1.49821011222923,166.67143709004174,1.552492722468364,177.16037735849056,141.33962264150944,120.22201257861636,background_blank_patch,1,iPhone6P,,
A_pH_test_dataset/iphone6p_test/2.jpg,A_pH_test_dataset,iphone6p_test,2.jpg,50b009134accbf5ced134ab20d98067b,563,1001,dataset_annotation,249,369,41,45,1,5.016,72.02486678507992,41.37671973477936,21.328686406438713,1845,104.99132791327914,0.0,GOOD,,118.18157181571816,4.711525017454535,103.99674796747968,3.5407025842533213,75.79186991869919,2.973421381975009,0.39658373747948933,0.004047554813405334,0.34905191925143675,0.0023044608289375045,0.2543643399085572,0.004006513697867008,20.152845528455284,0.8619941463767978,91.44281842818428,4.12693035028254,118.18157181571816,4.711525017454535,113.89051490514905,3.8162314880131474,128.94037940379403,0.6688750959582368,145.91056910569105,1.1329611781222968,194.1402317600491,7.739756247769227,145.79937187593535,4.963926496481058,85.49851649655281,3.354226744249674,0.4562839416094936,0.004062370793254251,0.3427411951355358,0.0023148962826541695,0.20097486090127703,0.0034382491672629973,16.768563685636856,0.5853573220295657,143.07371273712738,2.8928446505511816,193.6449864498645,7.7915410363216075,162.5327913279133,5.417889974416623,139.3409214092141,1.271015306679132,166.81571815718158,1.5543180823282055,177.294,142.65733333333333,121.74866666666667,background_blank_patch,1,iPhone6P,,
A_pH_test_dataset/iphone6p_test/3.jpg,A_pH_test_dataset,iphone6p_test,3.jpg,89e0d8c2a63ee18a01b4d878cf3dbcf2,563,1001,dataset_annotation,247,371,43,43,1,5.016,72.72850772673152,41.64110331655409,22.987045349017592,1849,105.30827474310438,0.0,GOOD,,117.72147106544078,5.305769872692342,104.43591130340725,3.7572828497334214,77.18280151433207,2.8547127912786556,0.3931813890756697,0.0037867086319858753,0.3489342671115116,0.002590827401019695,0.2578843404669989,0.0034127204466389677,20.378042184964844,0.9780579516534949,87.69875608436993,3.590836780275868,117.72147106544078,5.305769872692342,114.14764737696052,4.157180334327577,128.75662520281233,0.7672590836840577,145.1746890210925,1.0175781825450763,198.08869636220587,8.927963843530634,149.0649693647514,5.36289908231926,87.80151697760343,3.2474606867320266,0.45532718439330394,0.0038589541269526345,0.3427688984182473,0.0026382467481593894,0.2019039148857097,0.002911631116197458,16.730124391563006,0.6065854888816278,142.1627906976744,2.471032829607348,197.54786371011357,8.889077103873154,165.8664142779881,5.926355519085527,139.3537047052461,1.5108543857687906,167.15521903731747,1.6650987618102042,175.812,140.12133333333333,118.85733333333333,background_blank_patch,1,iPhone6P,,
A_pH_test_dataset/iphone6p_test/4.jpg,A_pH_test_dataset,iphone6p_test,4.jpg,305af44fdb309c03d94c2b0e4bc2daf7,563,1001,dataset_annotation,248,368,45,49,1,5.322,70.40192134685918,40.71005006156395,22.173292324032925,2205,101.86303854875284,0.0,GOOD,,111.79501133786849,6.54824568861851,102.40861678004535,4.540312568838954,72.56553287981859,2.970282173457936,0.3896471784913508,0.005448093755736938,0.3571814677094797,0.002875222910898577,0.2531713503037148,0.004843854337236994,22.824943310657595,1.3388369606554629,89.27936507936508,5.363347142167598,111.79501133786849,6.54824568861851,110.98185941043084,5.071876768767044,126.67120181405896,0.8818197313715344,146.35555555555555,1.5186287591567829,192.8981895765147,11.29875763793461,149.57651657611734,6.631513632024987,84.31253959894016,3.4511154735741854,0.4517675453783465,0.005516542312686885,0.35056280675664236,0.0030247544749693158,0.1976696455160285,0.004145384501072639,18.11700680272109,0.6631923908987596,143.86530612244897,3.6767946652753722,192.37233560090704,11.310166647828746,164.3936507936508,7.395785743408787,136.6689342403628,1.8058009316494343,168.3764172335601,2.407807943176174,172.1346153846154,136.93141025641026,115.91089743589744,background_blank_patch,1,iPhone6P,,
A_pH_test_dataset/iphone6p_test/5.jpg,A_pH_test_dataset,iphone6p_test,5.jpg,44dc9726a9a51cad2c1dede3acdf8db0,563,1001,dataset_annotation,247,377,46,34,1,5.322,69.42447428237837,40.33900084297359,22.332358883482797,1564,100.39066496163683,0.0,GOOD,,110.91304347826087,5.123548631933477,100.67966751918159,3.3427894521913237,71.07864450127877,2.532313763415349,0.3922555090930947,0.005231818393709171,0.3562393157122889,0.003275066278700755,0.2515051716518767,0.0041807243731257545,22.345907928388748,1.374285168928983,91.46675191815856,4.6396538848487365,110.91304347826087,5.123548631933477,109.41304347826087,3.7689990931744797,127.13299232736573,1.0711090876705749,146.35485933503836,1.1800919675282182,192.19473120943397,8.878298000594707,147.44623395282196,4.895543735570271,82.9980928331507,2.9569670931869134,0.45461718346745916,0.005350201276511308,0.34894987699728064,0.0034425855664271896,0.19643293716562826,0.003574549150766508,17.695652173913043,0.7497358591908588,145.1886189258312,3.1494485995775428,191.74872122762147,8.908753398290036,162.91368286445012,5.530856664122384,137.42519181585678,1.8325431720080083,168.2653452685422,1.7788329376082703,171.27777777777777,136.56458333333333,115.4173611111111,background_blank_patch,1,iPhone6P,,
A_pH_test_dataset/iphone6p_test/6.jpg,A_pH_test_dataset,iphone6p_test,6.jpg,6b57cd3f748646ce3467613449287a0d,563,1001,dataset_annotation,249,374,43,45,1,5.322,70.77114714770133,40.7576719976624,23.123884179753887,1935,102.13901808785529,0.0,GOOD,,112.42997416020671,5.700186383403077,102.65271317829458,4.263093419910077,72.21447028423772,3.043185706026669,0.39123148718729933,0.004187336643176331,0.3573566279234753,0.0025727420455372184,0.2514118814013892,0.0038601639558998244,22.632558139534883,1.0550111348615285,91.11937984496124,4.101264899468753,112.42997416020671,5.700186383403077,111.2749354005168,4.701736133626122,126.73074935400517,0.808456727874681,146.73591731266148,1.2384982459848326,194.63327370304114,9.867883941148454,149.9717367430002,6.228218468722914,84.02523273676648,3.5409023455220803,0.45396750380844775,0.004244538611457973,0.34994818215199697,0.002628760606122085,0.1960843117016217,0.0032848248290844708,17.933850129198966,0.5387001373713016,145.19328165374677,2.7685678217663843,194.1684754521964,9.924705607557547,165.21653746770025,6.727024091464899,137.0888888888889,1.5172924190188073,168.86511627906978,1.9560804754080183,171.8875816993464,136.89607843137256,115.53006535947712,background_blank_patch,1,iPhone6P,,
A_pH_test_dataset/iphone6p_test/7.jpg,A_pH_test_dataset,iphone6p_test,7.jpg,699c63263ec519e3828d78c2293e29eb,563,1001,dataset_annotation,246,378,42,44,1,5.591,70.912558134583,40.912279688813456,22.396172420072585,1848,103.56222943722943,0.0,GOOD,,110.81060606060606,4.628966774445924,105.62067099567099,3.4814824279443317,74.03463203463204,2.3954077129697016,0.3814075947221647,0.004637285348738952,0.36364522372255004,0.00202456228452865,0.25494717810848705,0.005041788508654178,25.975649350649352,1.0470284226025928,84.4767316017316,5.387123871166046,110.81168831168831,4.626438440900207,113.35281385281385,3.844935765818631,124.82142857142857,0.6008072800450257,146.61201298701297,1.403230138766325,193.06192716941266,8.06490712440403,155.27824910241722,5.118302038757027,86.44648237115756,2.7969960130835045,0.4439438599636306,0.004623059230385799,0.3571671050040781,0.001956786553951892,0.1988890327294641,0.004297905188450973,19.205627705627705,0.5911786011461997,141.07088744588745,3.629165299470576,192.5443722943723,8.097162985608568,168.50865800865802,5.502255611454074,133.85714285714286,1.190303017707731,169.0167748917749,1.991660097756965,171.2843137254902,136.040522875817,114.79281045751634,background_blank_patch,1,iPhone6P,,
A_pH_test_dataset/iphone6p_test/8.jpg,A_pH_test_dataset,iphone6p_test,8.jpg,029297527ead684de24cf4d3714f7eb6,563,1001,dataset_annotation,252,379,43,40,1,5.591,71.38490284138597,41.013370619335326,23.197567318524882,1720,103.10755813953489,0.0,GOOD,,110.07558139534883,7.607836168951547,105.48953488372094,6.5665560169088435,72.97151162790698,3.891672987959501,0.3813020343877169,0.004311042839225355,0.36558850459115994,0.00295437476495444,0.25310945754099384,0.005912242502020842,26.563953488372093,0.8710342410028776,85.63953488372093,5.847903203430278,110.07558139534883,7.607836168951547,112.84127906976744,6.972607082488675,124.42616279069767,0.6064683672508675,146.95348837209303,1.9187385436014988,192.27379334684034,13.288937481164341,155.51769102285047,9.680729286061743,84.94427905762629,4.530197455356454,0.44412254613511126,0.0042207409293357765,0.35939562931623614,0.002567975168804108,0.1964818222277938,0.004981417373017045,19.59011627906977,0.564467219857036,142.64011627906976,3.9188150778502115,191.76162790697674,13.320081609889067,168.396511627907,10.090681260270607,133.12383720930234,1.0747153961870624,169.7639534883721,3.1288385834934984,171.81030303030303,135.66242424242424,114.49878787878788,background_blank_patch,1,iPhone6P,,
A_pH_test_dataset/iphone6p_test/9.jpg,A_pH_test_dataset,iphone6p_test,9.jpg,500c139ebd4310eb2699a4cbf7e9113f,563,1001,dataset_annotation,247,375,48,43,1,5.591,70.78392477859619,40.81594817150367,23.32305348806647,2064,104.71608527131782,0.0,GOOD,,111.72722868217055,5.720789883699706,106.99321705426357,4.501824836648377,74.23498062015504,2.8767507644675674,0.3812501091355055,0.004414228475630462,0.36524448317986624,0.0025818963980714276,0.2535054042645614,0.005375317541546497,26.44331395348837,0.9295346976559753,85.38032945736434,5.472200771792523,111.72722868217055,5.720789883699706,114.53779069767442,4.894183203304752,124.41763565891473,0.6812828692075917,147.11676356589146,1.5778966197278341,186.47622245209138,9.548176389384473,151.62649860541578,6.37980571207332,84.84644234245089,3.287965671061684,0.44075697216465215,0.004380422685479338,0.35853668701234787,0.0023607122400130776,0.20070633845387814,0.004601547229915873,19.742732558139537,0.5891423063717474,139.0610465116279,3.7640118160448224,185.8701550387597,9.55277065085025,164.27906976744185,6.817785387079868,132.7359496124031,1.1376000975550302,167.62693798449612,2.28967414238896,174.98666666666668,141.12733333333333,119.83,background_blank_patch,1,iPhone6P,,
A_pH_test_dataset/iphone6p_test/10.jpg,A_pH_test_dataset,iphone6p_test,10.jpg,54f2fe5d13fc1950f12ba3c4f4f2507b,563,1001,dataset_annotation,243,377,45,44,1,5.905,71.72333527928555,41.20924372054129,22.138318408910163,1980,105.68636363636364,0.0,GOOD,,110.02121212121212,5.592433068144067,109.25757575757575,4.292737369447224,75.9070707070707,2.700626658487964,0.37257548352722175,0.004717246609477298,0.3701674228243555,0.0027976031132169307,0.25725709025490306,0.0051564120978148656,29.504545454545454,1.4447674817134806,79.48383838383839,4.815299839006578,110.3409090909091,5.141281055410746,115.7550505050505,4.572436053363208,122.43939393939394,0.6339420012693354,146.76767676767676,1.4803649756656063,189.22954643178235,9.618632194027347,157.23578144313598,6.177804240438537,86.9199489628101,3.092443551526911,0.4364767475278528,0.00476485953553728,0.36286164038496693,0.0027105505660229238,0.20066160977556088,0.004387520353394108,20.606565656565657,0.5998798896886374,138.06666666666666,3.729435194327268,188.73282828282828,9.601811333790366,168.74141414141414,6.615393894851798,131.19848484848484,1.3125261814695959,168.7550505050505,2.2081345816735385,174.65972222222223,138.97291666666666,116.28333333333333,background_blank_patch,1,iPhone6P,,
A_pH_test_dataset/iphone6p_test/11.jpg,A_pH_test_dataset,iphone6p_test,11.jpg,7c2b3a856f9c1c5b22f568c1ddc3e59e,563,1001,dataset_annotation,243,367,52,43,1,5.905,72.71803329885034,41.641506170134186,21.611205362709356,2236,108.69856887298748,0.0,GOOD,,113.65384615384616,7.449414287137739,112.16815742397138,6.170895563942508,77.81618962432916,4.4376748339465175,0.37414062577294294,0.006565744838535918,0.3694608791382436,0.0027915275178348265,0.2563984917842897,0.007505881957595358,29.062611806797854,1.6927756560622091,80.69499105545617,7.288827431207546,113.96064400715564,6.927510448666375,118.90161001788908,6.464861475823068,122.55903398926655,0.6227670355741867,147.36046511627907,2.031886369013476,183.83566425711416,12.04946484563874,153.53013548770625,8.446411653456531,86.80469525601251,4.950268234228313,0.43321429989075033,0.006560983936289527,0.36201833114109316,0.0025694988878836988,0.20476736660237155,0.006503051182795846,20.652951699463326,0.6835305454854245,134.7844364937388,5.635074892794068,183.35241502683363,12.060823362373684,164.8676207513417,8.801955785226328,130.8175313059034,1.3815084656964502,166.9731663685152,2.8937961819426103,179.2902777777778,146.11875,123.64722222222223,background_blank_patch,1,iPhone6P,,
A_pH_test_dataset/iphone6p_test/12.jpg,A_pH_test_dataset,iphone6p_test,12.jpg,fed9acd042eaef2e99936105825a1b69,563,1001,dataset_annotation,245,376,48,44,1,5.905,68.17346596565069,39.10669021316286,23.07793008723861,2112,100.1122159090909,0.0,GOOD,,104.6188446969697,6.106774444812937,103.50236742424242,5.131416353137002,70.63494318181819,3.590651081094574,0.3751863641587227,0.004507798945340881,0.37135238192642506,0.003094437479331234,0.25346125031736605,0.005161704217133252,29.148674242424242,1.3580770384506362,82.98200757575758,5.0812208238324645,104.77746212121212,5.876789185850453,109.91524621212122,5.45729933555641,122.6747159090909,0.6662628379944026,146.66335227272728,1.4357521432381766,190.39378213053945,11.113598955654867,157.66263621777117,7.8165615908131265,86.11672005813644,4.377650494899245,0.4383890621156138,0.00454611566852625,0.36319661513279716,0.002948418079203006,0.1984143204416819,0.004382536037823138,20.588068181818183,0.6191465740838147,139.81628787878788,3.606123769977749,189.91808712121212,11.152244242479854,169.25473484848484,8.131173431251396,131.36837121212122,1.4307577718102742,169.47727272727272,2.4062840996116974,164.04466666666667,131.296,109.89733333333334,background_blank_patch,1,iPhone6P,,
A_pH_test_dataset/iphone6p_test/13.jpg,A_pH_test_dataset,iphone6p_test,13.jpg,b750525e46b3bd915e354128beffeb2b,563,1001,dataset_annotation,253,368,43,47,1,6.202,68.61303527733368,39.496060432218776,23.59134925543925,2021,101.87431964374072,0.0,GOOD,,100.27709054923305,5.467407333031737,108.56605640771895,5.096225547312386,73.08461157842652,3.793698479640032,0.35560269218096086,0.0035188089725295742,0.38514766432371444,0.003008252726335774,0.2592496399390906,0.004491131388170547,36.836219693221175,1.3421918013076157,83.32953983176645,3.9721025228804083,108.56605640771895,5.096225547312386,113.15338941118259,5.355748518945391,118.19049975259773,0.6130921922878909,146.89856506679862,1.395583235564712,168.85293980416859,9.206368037134267,154.37800231437072,7.246695195254506,84.6362606416806,4.393325029499647,0.4138988568012593,0.0035902325120161236,0.3785686666042289,0.0028200957057785835,0.20753247413625445,0.003865902256840608,24.908955962394852,0.7638699023066701,127.62642256308759,3.4403770833401466,168.3968332508659,9.22133521370983,161.74715487382483,7.27102374593603,123.78278080158337,0.9669554570713021,166.24740227610093,1.9107108269956967,172.70283687943262,140.64964539007093,118.77446808510638,background_blank_patch,1,iPhone6P,,
A_pH_test_dataset/iphone6p_test/14.jpg,A_pH_test_dataset,iphone6p_test,14.jpg,802b4d1a5e9ea6c9ce5c7f49e9633365,563,1001,dataset_annotation,246,372,45,36,1,6.202,68.61291816531603,39.30076035754845,23.938169242680097,1620,101.31481481481481,0.0,GOOD,,100.12222222222222,4.3037307961154,107.9037037037037,4.3846658851677836,72.38333333333334,3.146127347065057,0.3570368307923894,0.0023496422300521946,0.38482489100846423,0.0025093317629414076,0.25813827462673,0.0037348587337748514,36.32530864197531,0.892894566681457,83.94135802469135,3.4204747533763475,107.9037037037037,4.3846658851677836,112.62901234567902,4.493894103082996,118.40987654320988,0.551004680196028,147.05987654320987,1.237079389876489,178.82072780492643,7.686568038109514,161.10958461429456,6.546686306260709,86.32728868937929,3.7521986241349694,0.41948874962892313,0.002350109748622071,0.377980251235405,0.00224147544378927,0.20253099678556744,0.0031491090963880735,24.214197530864197,0.46790408481492873,132.19814814814814,2.5802424094709346,178.32407407407408,7.681983938350882,168.90185185185186,6.359662350519878,124.45555555555555,0.7575952859435904,168.89382716049383,1.7255770678355937,167.6951388888889,133.95069444444445,111.98055555555555,background_blank_patch,1,iPhone6P,,
A_pH_test_dataset/iphone6p_test/15.jpg,A_pH_test_dataset,iphone6p_test,15.jpg,4259f01dbf2c8a266e8ebd1eae286d43,563,1001,dataset_annotation,249,369,43,45,1,6.202,70.15135308740993,40.87591937193511,24.049002118947175,1935,112.11834625322997,0.0,GOOD,,111.27906976744185,3.0392184434605043,119.67131782945737,2.73393433925101,76.99638242894056,2.5648160727083416,0.36135543164849393,0.0029120069761188615,0.38864866491414174,0.002595302035189239,0.2499959001878626,0.0030367227584471817,35.83927648578811,0.9175337652518922,90.99741602067184,2.726175831952166,119.67131782945737,2.73393433925101,124.09819121447029,2.7157635031971195,117.32093023255814,0.688668837499072,150.3152454780362,0.675790381700518,179.70652066143015,4.908087146538434,162.23173088129172,3.706242297795738,82.8336712413161,2.7592612101904623,0.4230572061885277,0.0030246449201829155,0.3819619532476839,0.0025539346713914753,0.19498083820802645,0.0025570355356513406,24.634108527131783,0.6647059683781786,138.13023255813954,2.3266994728311574,179.24031007751938,4.901260493568543,169.7374677002584,3.7487385366122554,124.0062015503876,1.0262511948509472,171.2191214470284,0.9214897797540611,185.906,147.53133333333332,123.84533333333333,background_blank_patch,1,iPhone6P,,
A_pH_test_dataset/iphone6p_test/16.jpg,A_pH_test_dataset,iphone6p_test,16.jpg,c1c6bf21e758bfc53f9af03362db2ec3,563,1001,dataset_annotation,252,369,38,44,1,6.5,52.57898584541569,34.181114792113746,22.57243911520915,1672,76.72428229665071,0.0,GOOD,,70.1238038277512,3.037187045296901,84.22727272727273,2.9385285396353416,54.94019138755981,2.646883508556508,0.3350173917374011,0.0032721944388042433,0.402531239722758,0.004040730579414885,0.2624513637542378,0.004875868497260487,44.7183014354067,1.1856195703496233,88.68361244019138,4.457778467370431,84.22727272727273,2.9385285396353416,86.37739234449761,3.1000912000998624,116.49043062200957,0.5198493582130704,143.35047846889952,0.816479348819291,150.8293195232302,6.532686909457299,154.91330048292073,5.404628927166587,81.82308611042957,3.942035362001574,0.3891237979020935,0.0033956585791948043,0.3997951777346953,0.0037940962212714663,0.2110810217789311,0.0041865612970018,31.627392344497608,0.9391999517754872,121.01315789473684,3.6901289611867045,154.45035885167465,5.471865829924849,158.01375598086125,5.3817587756608,115.4688995215311,1.131958219616214,165.6883971291866,1.432420013779801,134.29019607843136,108.74117647058823,92.9843137254902,background_blank_patch,1,iPhone6P,,
A_pH_test_dataset/iphone6p_test/17.jpg,A_pH_test_dataset,iphone6p_test,17.jpg,3915ca62694c48d5f4545635410d0ab0,563,1001,dataset_annotation,252,379,37,40,1,6.5,49.728656778390345,32.80120516768678,22.057369595994157,1480,62.25743243243243,0.0,GOOD,,50.877702702702706,1.8889551289487754,70.35337837837838,2.5253021103863387,50.605405405405406,1.992817636650116,0.29608554948591836,0.00384208450766595,0.40943599696510324,0.004882994245297614,0.2944784477223071,0.004095707427966974,59.73445945945946,1.3849193965148119,72.71689189189189,3.928789933257311,70.35337837837838,2.5253021103863387,70.88783783783784,2.6804322313157645,115.73986486486487,0.8529947137810967,137.5560810810811,0.8250083006422183,110.87088279217949,4.116343930172002,130.90416574081655,4.698744731571291,76.61411609655603,3.017028725497931,0.34822367933337184,0.004233033202385231,0.41115900923555043,0.004882182066125634,0.24061730828641115,0.003574974736157789,41.04121621621621,1.2596883491698776,106.08378378378379,3.558925856286956,130.41689189189188,4.655262766025681,132.22027027027028,4.376394904414639,110.86148648648648,1.3662447867732022,154.8722972972973,1.2565676623217292,132.1046511627907,107.48837209302326,91.77829457364341,background_blank_patch,1,iPhone6P,,
A_pH_test_dataset/iphone6p_test/18.jpg,A_pH_test_dataset,iphone6p_test,18.jpg,578bc8cea5298296f40d0454cec41498,563,1001,dataset_annotation,253,371,34,47,1,6.5,53.20980085633727,34.392391166571215,24.562207647032544,1598,68.89048811013767,0.0,GOOD,,56.42365456821026,2.6474284234701755,77.66270337922403,3.473950721858108,56.37672090112641,2.7345211222737684,0.29624539130388705,0.0037809489843127456,0.4077880186283943,0.004213646827012441,0.29596658480661775,0.002939943546805907,59.95056320400501,1.0727873270173396,71.35919899874844,3.1908249817687198,77.66270337922403,3.473950721858108,78.51126408010012,3.5101584429291735,114.94305381727159,0.9094889491043859,138.10575719649563,0.6652123950538782,122.54392295491706,5.749827217628902,143.5445714347402,6.420929813884504,85.28958919179223,4.136923528490435,0.34874803331008586,0.004179434251219323,0.4085485819139568,0.004328904107606596,0.24270338192423035,0.002582642829780736,40.792866082603254,1.3289965992392663,103.90675844806007,2.6108835231468857,143.0700876095119,6.435788069648576,144.29724655819774,6.033272777153331,110.15832290362954,1.4267567186740113,156.53504380475596,1.2416271639874352,132.20070921985817,108.20709219858156,92.08723404255319,background_blank_patch,1,iPhone6P,,
A_pH_test_dataset/iphone6p_test/19.jpg,A_pH_test_dataset,iphone6p_test,19.jpg,385386e3e2f379a5001ffb84ccf3a9c0,563,1001,dataset_annotation,254,372,27,36,1,6.804,51.521689677995184,33.89784341405009,23.9471293456245,972,69.25102880658436,0.0,GOOD,,56.23868312757202,2.2974815148580627,78.29629629629629,2.2934570260450706,55.547325102880656,2.176100791697156,0.2958068152985567,0.0023296162245702015,0.411993878398274,0.003151671132414014,0.2921993010358392,0.003356816104455283,59.32098765432099,0.9492534709501771,74.63786008230453,2.7281731532447844,78.29629629629629,2.2934570260450706,79.02572016460906,2.570479170211365,114.20884773662551,0.4698786173975889,138.84156378600824,0.631479436603565,113.25042349377547,4.6265442228897635,134.98349560114048,3.953939854511401,77.85861351383157,3.050159304594583,0.34722716497776307,0.0025134397447128293,0.41403030136782243,0.0030336781089935604,0.2387425305840101,0.0029347333866684452,41.65946502057613,0.7145482052775227,108.2880658436214,2.767637336004874,134.5102880658436,3.91037676178085,135.50720164609052,3.9106467512211833,109.89300411522633,0.40428826347429986,156.1718106995885,0.8948340612019442,142.6876811594203,116.00869565217391,99.31739130434782,background_blank_patch,1,iPhone6P,,
A_pH_test_dataset/iphone6p_test/20.jpg,A_pH_test_dataset,iphone6p_test,20.jpg,b5a3c64b151da7cf35ced1cf236f2ff6,563,1001,dataset_annotation,251,381,30,36,1,6.804,56.10577699387646,35.59295884433651,23.104610431099776,1080,78.9962962962963,0.0,GOOD,,72.18055555555556,2.198861588174803,86.80648148148148,2.106549449452919,57.55925925925926,2.029916849101489,0.3333120473495568,0.002143886084203664,0.4009230742870586,0.0030915111926856165,0.2657648737416968,0.0031442253481837336,45.407407407407405,0.8535008194688621,85.93611111111112,3.1550359020476892,86.80648148148148,2.106549449452919,89.0037037037037,2.2595446085736905,116.19166666666666,0.41200166306748126,143.2138888888889,0.47296510194127533,145.51074922913418,4.4327450056853035,149.52738820476065,3.6286096605363287,81.75536975476534,2.8832303387056517,0.38616228184621737,0.0022745347988180754,0.396893685977325,0.0029533467017206693,0.2169440295203598,0.0027133849746369433,31.624074074074073,0.8058662661741564,116.17037037037036,2.6251370073331852,149.05092592592592,3.694114322018562,153.23611111111111,3.682389480208553,116.35,0.7886345442880653,163.2685185185185,0.9058092502316437,140.80851063829786,116.10780141843972,99.20992907801418,background_blank_patch,1,iPhone6P,,
A_pH_test_dataset/iphone6p_test/21.jpg,A_pH_test_dataset,iphone6p_test,21.jpg,f774a449e9e57412c0e8230aec090d7b,563,1001,dataset_annotation,256,373,32,36,1,6.804,54.23805324338184,34.92582940878023,23.335544659696268,1152,79.52777777777777,0.0,GOOD,,72.52777777777777,2.1840470984836986,87.52777777777777,2.1840470984836986,58.263888888888886,2.0807854790623046,0.332202265264049,0.0010285309209774765,0.4009679392719139,0.0020399987036169645,0.26682979087965886,0.0025204109304906167,45.86805555555556,0.3384303591947557,85.265625,2.4854993961503773,87.52777777777777,2.1840470984836986,89.69097222222223,2.4366961122948503,116.0,0.0,143.13194444444446,0.3384303591947557,150.29544787077828,4.525884383818198,154.9985343307915,3.8676190321415667,83.21067596757636,2.9717131753165646,0.3868446024065348,0.0010221121802745773,0.39900963843282494,0.001838517459241588,0.2141457565844951,0.002149138127803552,32.03472222222222,0.3341281034366502,118.63107638888889,2.1550585406455163,154.52864583333334,3.8549047364810134,158.49479166666666,3.8169906101152953,115.40798611111111,0.4914605215595076,165.10677083333334,0.5847209593134289,140.03945578231293,112.94013605442177,96.51360544217687,background_blank_patch,1,iPhone6P,,
A_pH_test_dataset/iphone6p_test/22.jpg,A_pH_test_dataset,iphone6p_test,22.jpg,c4dd20f864eecf34fd34275be7064290,563,1001,dataset_annotation,253,371,38,42,1,7.1,54.2607463584373,34.75877246238583,22.524883726523118,1596,61.58458646616541,0.0,GOOD,,44.43483709273183,2.924726392708913,71.25375939849624,3.635510210201153,56.88032581453634,3.0229015413061924,0.2573366976760295,0.004147239553003951,0.41300215826276676,0.0059166675852846875,0.32966113824933163,0.004834588078084571,73.87781954887218,1.4823892715477254,96.05952380952381,4.3131890490961124,71.25375939849624,3.635510210201153,70.96491228070175,3.8783212048830062,114.07456140350877,0.9292406664338476,133.62593984962405,0.9543746033921783,94.02609114205248,6.1888510988014,128.06227234117506,6.53399487364772,82.6974296258593,4.394949991903597,0.30832259948582896,0.004708808327089013,0.4202902076314802,0.005945547845223529,0.27138718959176444,0.004269107547478205,52.560776942355886,1.412241645055742,90.65852130325814,4.495674202526297,127.55701754385964,6.4568071074059965,127.18859649122807,6.212014011597884,106.64348370927318,1.3824314398279711,148.97932330827066,1.5520052654850485,137.5625,111.27986111111112,94.51597222222222,background_blank_patch,1,iPhone6P,,
A_pH_test_dataset/iphone6p_test/23.jpg,A_pH_test_dataset,iphone6p_test,23.jpg,83161f471f268f013f5b7813f9f20d64,563,1001,dataset_annotation,253,379,30,30,1,7.1,53.787239403580436,34.742134961773374,22.31650866209105,900,61.355555555555554,0.0,GOOD,,43.855555555555554,2.2133991511856004,71.29,2.194769033659604,56.437777777777775,2.3039858109988334,0.25548260777774273,0.003490988503533671,0.4156169397002689,0.003931665833516178,0.32890044668515894,0.0016464771057543865,73.64777777777778,0.6265829337282545,98.21111111111111,3.5374015712869253,71.29,2.194769033659604,70.85333333333334,2.569184911817581,113.79555555555555,0.5232189070469052,133.9177777777778,0.2747029821371834,94.16788939388518,4.752673265974879,130.09440618993162,4.005150430046236,82.9268133403862,3.385360104713918,0.3064164643547734,0.004001545915995377,0.42364408590292935,0.004192983981656336,0.26993944648197965,0.001441411143768106,52.84444444444444,1.0144633076011846,92.91444444444444,2.1975775102553827,129.61,4.075960691120016,128.69222222222223,4.144842250792015,105.63,0.6496067186297328,149.66555555555556,0.581504009943394,136.11466666666666,109.59733333333334,93.14333333333333,background_blank_patch,1,iPhone6P,,
A_pH_test_dataset/iphone6p_test/24.jpg,A_pH_test_dataset,iphone6p_test,24.jpg,ee099ba5db4b3aa613d77a35971ba3d0,563,1001,dataset_annotation,249,378,41,36,1,7.1,53.55845220498862,34.86967725709808,22.059910669882324,1476,60.01490514905149,0.0,GOOD,,42.81436314363144,2.1538293089228175,69.72018970189701,2.565066329681614,55.31842818428184,2.1973035263358414,0.2549858719396065,0.004072710793084026,0.4154379299365042,0.004634459033140929,0.3295761921567883,0.0023839846364264424,73.90785907859079,0.7849657936587601,98.45189701897019,4.122578511428356,69.72018970189701,2.565066329681614,69.21070460704607,2.790988070321685,113.91192411924119,0.7671040355050812,133.6930894308943,0.535949826881551,79.59056808311348,4.0039016270343835,111.7310732402196,4.110683220643612,74.32651083926912,2.9523236600885623,0.2995110487192381,0.004581677910657529,0.4206808006336205,0.004860797630386673,0.27980814687663763,0.0021491804427862344,55.74728997289973,1.297469697180905,85.81029810298104,2.882627559285444,111.16869918699187,4.1274572957136355,111.30216802168022,4.0225678627278745,108.41937669376694,1.0564698806777753,145.18631436314362,0.9053303272545423,148.85248226950355,124.8,107.58652482269504,background_blank_patch,1,iPhone6P,,
A_pH_test_dataset/iphone6p_test/25.jpg,A_pH_test_dataset,iphone6p_test,25.jpg,4a18607891865b1a12a7d9b2c023be56,563,1001,dataset_annotation,248,367,42,43,1,7.4,55.61355518371504,35.37398029770885,22.71652734761869,1806,56.542635658914726,0.0,GOOD,,35.894241417497234,2.03523776310013,66.23200442967885,2.470623656808032,60.967884828349945,2.2432546014913273,0.21995810422416626,0.004696059634824016,0.40616094859232804,0.003612088338297436,0.3738809410420134,0.002580913902295938,84.7248062015504,0.7005094974510528,116.9579180509413,4.04876160412794,66.23200442967885,2.470623656808032,65.54485049833887,2.7917640213402164,115.21760797342192,0.6510405958074805,127.64174972314507,0.4817902608111098,75.06691546979789,4.256365787106546,118.27215484985688,4.411854755565579,87.3708081184221,3.2147247341690424,0.26726937506827064,0.005393713144176748,0.4214170215110592,0.004091941500304534,0.31131359985217355,0.002489351707444412,68.47397563676634,1.000076645713885,93.32890365448505,4.668088173146254,117.81949058693245,4.460678077370473,116.83388704318936,4.44245637763574,105.85658914728683,0.9994064099680966,140.45957918050942,0.7030030820924212,139.5612244897959,111.99931972789116,95.63265306122449,background_blank_patch,1,iPhone6P,,
A_pH_test_dataset/iphone6p_test/26.jpg,A_pH_test_dataset,iphone6p_test,26.jpg,e854e6547cec9c79bf3b5c68d5d74c63,563,1001,dataset_annotation,246,385,39,36,1,7.4,52.901460883698896,34.43796110503081,22.136638583084533,1404,50.84188034188034,0.0,GOOD,,31.197293447293447,1.7201565462243011,59.816951566951566,2.256039149566755,55.434472934472936,2.0312676052222396,0.21293150655263848,0.005549244532615026,0.40849741108929055,0.004674988042716973,0.3785710755192836,0.0030441680352068143,85.52564102564102,0.9405690687725764,121.84401709401709,4.79336850072612,59.816951566951566,2.256039149566755,58.565527065527064,2.42625881651341,115.91737891737891,0.775522962244593,127.27564102564102,0.4468367158421397,65.69695377079906,3.622399016336448,107.62380408953796,4.059108815994016,81.67141500474834,2.9926594552077193,0.257527841547433,0.006382374232181633,0.4221316188706423,0.005194253305785632,0.3203405356540216,0.002937959897997755,71.3048433048433,1.1015163937772412,99.35897435897436,5.604680896439109,107.07549857549857,4.073575218995322,106.21296296296296,3.897121086046983,107.1531339031339,1.170042798431373,137.89102564102564,0.9067359996888352,135.75,111.15933333333334,94.97333333333333,background_blank_patch,1,iPhone6P,,
A_pH_test_dataset/iphone6p_test/27.jpg,A_pH_test_dataset,iphone6p_test,27.jpg,7cf93726777ac248b0af0ecd139e9ae3,563,1001,dataset_annotation,252,371,40,36,1,7.4,54.64430773489388,35.20490672784616,23.637045134190295,1440,52.75138888888889,0.0,GOOD,,32.68680555555556,1.7618151359613383,61.99652777777778,2.0660924334774666,56.74583333333333,1.8747175713216704,0.21574253399082244,0.00511728902089551,0.4094714643683732,0.004111647937269215,0.37478599502829596,0.0027437601904492736,84.65902777777778,0.7580964093669496,120.49652777777777,4.3187239819837675,61.99652777777778,2.0660924334774666,60.83888888888889,2.2786177313081937,115.4,0.7176350047203661,127.63402777777777,0.5515965708796357,68.61320252767838,3.6982438842054024,110.97230509148766,3.698256145842723,81.69235152684539,2.698878100006703,0.26246963288075853,0.005898502549646316,0.424810660974614,0.0046342784112559975,0.31271970231196555,0.002643395428829234,69.25416666666666,1.0681548862927657,97.21111111111111,5.193466931196549,110.38055555555556,3.675128073690044,109.38958333333333,3.630545925240139,106.43472222222222,0.9894807451697726,139.79930555555555,0.825378408820411,138.92569444444445,111.73333333333333,95.27847222222222,background_blank_patch,1,iPhone6P,,
A_pH_test_dataset/iphone6p_test/28.jpg,A_pH_test_dataset,iphone6p_test,28.jpg,aa3facf24430c37045beae5896397fcc,563,1001,dataset_annotation,244,372,48,36,1,7.703,54.096945683091334,34.88074626941964,22.968581749182725,1728,47.054398148148145,0.0,GOOD,,26.23726851851852,1.9700770670509382,55.070023148148145,2.2700402793418744,59.642361111111114,2.3810812940464725,0.18591764863636492,0.006478740636490826,0.3907984977588907,0.003973462554038251,0.4232838464949405,0.005486295922659678,94.27893518518519,0.5781281860476477,142.96064814814815,5.074293195288959,59.642361111111114,2.3810812940464725,54.030092592592595,2.376636276636922,118.66435185185185,0.658510908748682,121.71585648148148,0.5376375429139811,57.001398066845695,4.280062425022407,101.57982942112064,4.187220036830051,88.1753548420215,3.520194105312412,0.2307192684896859,0.007561223767822639,0.4117902433967793,0.004507394447318216,0.35749048405173944,0.005400131558317552,81.07002314814815,1.1568353621063452,112.61689814814815,5.951306393215065,101.1082175925926,4.222046093058758,100.53414351851852,4.33025969601801,108.90046296296296,0.8508164752484426,130.8466435185185,1.0850308635116352,135.28125,108.42708333333333,92.05833333333334,background_blank_patch,1,iPhone6P,,
A_pH_test_dataset/iphone6p_test/29.jpg,A_pH_test_dataset,iphone6p_test,29.jpg,ebfbb9f2a1b045f4ce4a7c5472a47276,563,1001,dataset_annotation,254,380,38,36,1,7.703,53.69073910104105,34.56087706440855,22.07168938594229,1368,46.21637426900585,0.0,GOOD,,25.625,2.0502861374974066,54.18055555555556,2.6244468614900405,58.83625730994152,2.9000556605652226,0.18461243927920132,0.006787827139408103,0.3909103492875869,0.005160413304471937,0.42447720420028595,0.004640555595871862,94.36111111111111,0.71920760851478,144.0811403508772,4.960958204010496,58.83625730994152,2.9000556605652226,53.13304093567251,2.7415188929550593,118.72587719298245,0.7590602585740519,121.67324561403508,0.5625630500555301,52.92361339758748,4.234480034940317,95.65494580942574,4.633420970704794,84.47460642836485,4.163777095066932,0.22682138372700333,0.007936777349739715,0.410593638238964,0.005812426516408868,0.36258497373068893,0.004593481968547247,82.19152046783626,1.1244952205514507,115.22953216374269,6.412702517839014,95.19005847953217,4.635751671933216,94.62646198830409,4.755123589137333,110.08845029239767,1.0437426732662562,129.77850877192984,0.9334148452402427,139.29927536231884,113.28333333333333,96.83768115942028,background_blank_patch,1,iPhone6P,,
A_pH_test_dataset/iphone6p_test/30.jpg,A_pH_test_dataset,iphone6p_test,30.jpg,7fdef06ba6b431721c8b2599b78182da,563,1001,dataset_annotation,246,378,39,45,1,7.703,55.17765183306924,35.19045745287971,22.62533637585479,1755,47.68034188034188,0.0,GOOD,,26.55954415954416,2.236262607003063,55.92079772079772,2.685403287521817,60.76980056980057,3.0030373446830345,0.18514159389236332,0.00668190147200761,0.39051061911183144,0.004151231147495856,0.4243477799947843,0.004977498273936155,94.3019943019943,0.5597837494259537,143.67350427350428,5.118088026011718,60.76980056980057,3.0030373446830345,54.94245014245014,2.7658053920851775,118.58689458689459,0.6130111451692802,121.45128205128205,0.549843083227906,54.5301548626724,4.591334306829963,98.00511909818947,4.706357558314369,86.72198214764333,4.285506099286562,0.22758965011291185,0.007770465039643171,0.40980328481181844,0.004772521345358318,0.3626070608829359,0.004956544718804614,82.25071225071225,1.0738239070244309,113.594301994302,5.9936881815007315,97.48717948717949,4.703060865372347,96.96581196581197,4.842472863014372,109.93675213675213,0.8486555437933012,129.6974358974359,0.8862155723990953,140.1485507246377,114.11811594202898,97.41231884057972,background_blank_patch,1,iPhone6P,,
A_pH_test_dataset/iphone6p_test/31.jpg,A_pH_test_dataset,iphone6p_test,31.jpg,cca7aa4d48d5e929e3f64f9c6941b4a6,563,1001,dataset_annotation,248,378,39,44,1,8.0,52.83924246268829,34.36016708377949,21.902486013403664,1716,43.98251748251748,0.0,GOOD,,22.657342657342657,1.9736784080349872,50.984848484848484,2.2837224321721608,63.95804195804196,2.980998391617636,0.16438529051673903,0.006682487660009459,0.3706639383907793,0.0037036369169079018,0.46495076380569134,0.005482652792444471,99.4918414918415,0.5976282673792587,164.83100233100234,4.583401610594897,63.95804195804196,2.980998391617636,50.54079254079254,2.7170514538095007,121.73310023310023,0.5802498792367458,116.63344988344988,0.724383821705044,47.583818424592764,4.145020729782742,91.62313847521672,4.103999969795935,93.23237277582149,4.345435613456485,0.2043719310224937,0.007880436639128937,0.39435994833346966,0.004300719351167613,0.401268116329684,0.005582757352771104,90.98426573426573,0.9995847549352946,125.37354312354313,6.425181686718891,92.84032634032634,4.384376360516758,91.25291375291376,4.290054323912292,113.44172494172494,0.6300425921576167,122.34265734265735,0.8509276038623086,137.2013605442177,111.29251700680273,95.2312925170068,background_blank_patch,1,iPhone6P,,
A_pH_test_dataset/iphone6p_test/32.jpg,A_pH_test_dataset,iphone6p_test,32.jpg,f8d435317bf54dd3a81c1864c50f501c,563,1001,dataset_annotation,251,384,34,30,1,8.0,52.641658519100794,34.40165130931172,22.37681153806714,1020,41.022549019607844,0.0,GOOD,,20.13235294117647,1.6974988385283434,47.938235294117646,1.768213018267316,60.23627450980392,2.106027261600655,0.15664413969098306,0.006881419062744097,0.37372061746089336,0.0034649309785784316,0.46963523504030447,0.005078905274413023,99.19607843137256,0.43474616633460667,169.9470588235294,4.562973443227411,60.23627450980392,2.106027261600655,46.9421568627451,2.0588373015412382,121.50098039215686,0.6560420685397879,116.93529411764706,0.43128787047666883,41.14459057108421,3.4691868809477704,83.98701928747309,3.0978808451841546,86.25262047967259,3.015630890073065,0.19431490264898243,0.00813426445549207,0.39746161160458143,0.004195341233519917,0.4082234810064469,0.005258318534067043,91.48039215686275,0.7711767447888914,135.20980392156864,6.901200660014788,85.72647058823529,3.007292654844228,83.49117647058823,3.2332404355315383,113.73039215686275,0.7901711425053999,122.14411764705882,0.7693992473647502,139.67407407407407,114.15629629629629,97.86148148148148,background_blank_patch,1,iPhone6P,,
A_pH_test_dataset/iphone6p_test/33.jpg,A_pH_test_dataset,iphone6p_test,33.jpg,72d4beb5b949ebd0bf46e485f9b226aa,563,1001,dataset_annotation,247,378,43,30,1,8.0,52.67211829023552,34.33854919178973,23.29034208233792,1290,41.62325581395349,0.0,GOOD,,20.601550387596898,1.9646482019788198,48.63565891472868,2.0732253436424375,61.01705426356589,2.183380638496032,0.1578236245866524,0.008176055777682415,0.373470303891722,0.0037189452627301254,0.4687060638278519,0.007315315713423666,99.18604651162791,0.567429152227755,169.1186046511628,5.691476933178996,61.01705426356589,2.183380638496032,47.693023255813955,2.397743966991078,121.55348837209303,0.6903595862968253,116.91937984496124,0.5969012382931912,44.36138493007677,4.230483313170291,88.92079104284366,3.790487096925668,88.87147191634712,3.1800986369914,0.1992533087275855,0.009738681378140037,0.4004081857329293,0.0044260202045990375,0.4003385010272893,0.0074553662869647295,89.92403100775194,1.1548868325241848,129.38682170542634,7.91563931166631,89.00077519379845,3.6883431738474153,88.25038759689923,3.995552256480294,112.83953488372093,0.8453171144469538,123.20232558139534,1.0682859644068592,137.31527777777777,109.39097222222222,92.88055555555556,background_blank_patch,1,iPhone6P,,
A_pH_test_dataset/iphone6p_test/34.jpg,A_pH_test_dataset,iphone6p_test,34.jpg,6c33c22a574385f3764fea11c3a3ba89,563,1001,dataset_annotation,247,377,42,30,1,8.347,53.6013081057486,34.54327606686193,21.799138786489365,1260,40.542857142857144,0.0,GOOD,,19.333333333333332,1.7061978522759635,46.19126984126984,1.8777950528529526,67.83015873015873,2.3623458156210986,0.14472202489056823,0.007213776983879759,0.3464359297219935,0.004231357126407326,0.5088420378748517,0.006521179682352657,103.28650793650793,0.5546131462564731,182.36190476190475,4.342387192617932,67.83015873015873,2.3623458156210986,46.084920634920636,2.2614634768647597,125.64206349206349,0.6334402384213507,111.5531746031746,0.7079129293532345,41.37524618891801,3.65143221646144,84.18877558881918,3.422492320511753,98.65321056624074,3.435831546641003,0.1842027387026875,0.008720512368773298,0.37557926502900035,0.004837891780707185,0.44021799179929955,0.006766400860908868,97.49047619047619,0.8613784238739941,149.18253968253967,6.359346070068957,98.06507936507937,3.439576327276588,84.82063492063492,3.4761618466603905,117.74047619047619,0.9603800976555007,115.1126984126984,0.9536882561914457,137.51231884057972,109.73260869565217,93.4536231884058,background_blank_patch,1,iPhone6P,,
A_pH_test_dataset/iphone6p_test/35.jpg,A_pH_test_dataset,iphone6p_test,35.jpg,867b6c0199002347d39dd790edf22af6,563,1001,dataset_annotation,247,377,41,30,1,8.347,54.13211477687499,34.81195626385445,22.534199755844945,1230,41.03577235772358,0.0,GOOD,,19.889430894308944,2.1051548427351063,46.51219512195122,1.9880367962869399,68.51544715447154,2.5790283832635295,0.1470253369459755,0.008848731714967731,0.3448617090929491,0.004596810614510623,0.5081129465317938,0.0073842191176495126,103.45040650406504,0.6024845555136611,181.06747967479674,5.3326269237706345,68.51544715447154,2.5790283832635295,46.47642276422764,2.4379813487889455,125.7439024390244,0.6553899529912371,111.36666666666666,0.7040148126059307,42.16192724139223,4.462540219622806,84.23744777491738,3.6004997262062104,99.24355222223815,3.735682224476941,0.1863455710894089,0.010663860157906505,0.37350483855346905,0.005454882356060047,0.44014958591375364,0.007727485332322145,97.83252032520325,0.8813788103366585,147.46422764227643,7.611818261689647,98.72439024390243,3.6740762118267662,84.92845528455284,3.8120160964436187,118.15528455284553,0.9599037258663585,114.72195121951219,1.0036143289121073,138.07536231884058,110.43115942028986,94.34782608695652,background_blank_patch,1,iPhone6P,,
A_pH_test_dataset/iphone6p_test/36.jpg,A_pH_test_dataset,iphone6p_test,36.jpg,29bb13d6f9c1bd1083cdef2bae47c0a3,563,1001,dataset_annotation,244,387,43,30,1,8.347,52.09223458601789,34.0116875774892,21.725261710763903,1290,39.20697674418604,0.0,GOOD,,18.420155038759688,1.8880029170323527,45.044186046511626,2.1760645430729424,64.75813953488372,2.8690461822762443,0.14333764066452395,0.00823753073032942,0.3513804022255477,0.004111709164934809,0.5052819492903214,0.007732758212916126,102.55038759689923,0.5128010979392629,182.4496124031008,5.106708219784708,64.75813953488372,2.8690461822762443,44.52713178294574,2.571090075518885,125.15736434108527,0.7840735602452927,112.59689922480621,0.7056733531296392,39.53654757698515,4.052360959919616,82.69153336352518,3.9947911053137055,96.52211737785883,4.2763182258964,0.1803266625295019,0.009853845479480903,0.37815269767859644,0.004685052472740411,0.44152063520735896,0.008035012444033204,97.21162790697674,0.8227509072284465,151.5263565891473,7.31164537182889,95.87519379844962,4.308717160257021,83.10232558139535,4.250535125750293,117.46279069767442,0.9775439693468986,115.50697674418605,1.027692986950947,134.18300653594773,108.94509803921568,93.18039215686275,background_blank_patch,1,iPhone6P,,
A_pH_test_dataset/iphone6p_train/1.jpg,A_pH_test_dataset,iphone6p_train,1.jpg,47b9003095e075ddbc494e77a28c4b29,563,1001,dataset_annotation,246,372,41,50,1,5.016,73.14417376584339,41.43172902258157,25.90367823078203,2050,105.79024390243903,0.0,GOOD,,120.23756097560975,5.5056205341263915,104.02878048780488,3.760598158909033,76.16146341463414,3.1011843221390474,0.40013632529702015,0.004521209638210539,0.34632750771302023,0.0027694283101829735,0.2535361636560063,0.004149239528782366,19.121463414634146,1.0389383910361711,93.39560975609756,4.300547922425182,120.23756097560975,5.5056205341263915,114.60341463414635,4.323987325265204,129.9268292682927,0.9685353262363523,145.99073170731708,1.1040554736944364,201.7016363735552,9.235821668159122,146.78807616155044,5.306329329003687,84.91464557545038,3.457601203707722,0.46529339610711384,0.004567269114710551,0.3387521436346649,0.0028300745283123033,0.1959544579470797,0.0035102416923728148,15.97609756097561,0.47361030625311895,147.9960975609756,2.950979067004117,201.19268292682926,9.296023021777422,165.16829268292682,5.97404708288134,141.9619512195122,1.70980418150263,168.53024390243903,1.790847309753979,179.38357487922704,141.74009661835748,119.2231884057971,background_blank_patch,1,iPhone6P,,
A_pH_test_dataset/iphone6p_train/2.jpg,A_pH_test_dataset,iphone6p_train,2.jpg,632c3b4cfc38a7a8f91e3d1703913ad3,563,1001,dataset_annotation,248,375,41,43,1,5.016,70.85598948121151,40.59273798959135,23.973190166143503,1763,103.07884288145208,0.0,GOOD,,116.77141236528644,4.975885079232664,101.50141803743618,3.536435939987132,74.84515031196824,2.8448963204013,0.39831003368959383,0.003395006217474435,0.3463293990507843,0.002623226342067653,0.25536056384303235,0.003180036398435683,19.35791264889393,0.9464256783761172,91.54792966534316,3.1912653712969177,116.77141236528644,4.975885079232664,111.72263187748156,4.0405886664522725,129.65910380034032,0.7410350505321264,145.2484401588202,0.9325473047378792,189.49952549156248,8.074988923362952,139.34754870631582,4.855042312929745,83.61652364201568,3.1782999892763946,0.4593599774990416,0.003466227059454474,0.3378943242427724,0.0026173408116619925,0.2027456958301007,0.002729484821469186,15.834373227453204,0.5542784563341557,142.8667044809983,2.34897493399116,188.98525241066363,8.03154644298598,157.13499716392514,5.443979156944962,140.72093023255815,1.2800439748939418,165.0391378332388,1.5552409865019596,179.02,145.6809523809524,123.24190476190476,background_blank_patch,1,iPhone6P,,
A_pH_test_dataset/iphone6p_train/3.jpg,A_pH_test_dataset,iphone6p_train,3.jpg,5baad7126572c5813c20aa1bf03614bf,563,1001,dataset_annotation,243,371,54,47,1,5.016,69.90908381139288,40.197208411257186,23.088954732972613,2538,99.38022064617809,0.0,GOOD,,111.43380614657211,9.530412095055782,98.46847911741528,6.501014600131598,72.45035460992908,3.6678616514407896,0.3941786009344659,0.008369252531214287,0.3488180804315528,0.003096319222554516,0.2570033150744209,0.007700935464159998,20.336091410559497,1.4053138524731812,88.59850275807723,8.598382439702576,111.43380614657211,9.530412095055782,107.94129235618597,7.395242985757072,128.83333333333334,1.041778953758847,144.70133963750985,2.3606652710954625,185.84346434154529,15.894322033818593,139.63729584781507,9.219032396621925,83.27157778142731,4.215695401960229,0.4541526853225199,0.00841648057066055,0.3417509088278781,0.0033782410255003754,0.2040964033899342,0.006704068605272849,16.479511426319938,0.7324071612630773,140.7214342001576,5.911484394470173,185.39204097714736,15.892330289427845,156.21591804570528,10.536881769645309,139.0260047281324,2.3242209510144383,164.66115051221433,3.5747444728125664,174.00980392156862,141.0346405228758,119.92222222222222,background_blank_patch,1,iPhone6P,,
A_pH_test_dataset/iphone6p_train/4.jpg,A_pH_test_dataset,iphone6p_train,4.jpg,39bc68ce340334de6bc2f8aae74da9f3,563,1001,dataset_annotation,247,378,42,47,1,6.0,74.10574505423529,41.72653680145457,25.57884275643505,1974,109.96099290780141,0.0,GOOD,,112.84042553191489,4.853096967250142,114.48480243161094,4.365811037443651,78.36372847011145,2.9589254120290622,0.3690804526977738,0.0038923231787947204,0.37452586142083116,0.0024600933402986877,0.25639368260518186,0.004208838334826012,31.552178318135766,1.315507543835671,80.44174265450862,3.511798063086908,114.49392097264437,4.379735217257844,120.46859169199595,4.429199458641421,121.11246200607903,0.8155757765779074,147.78166160081054,1.1792051978588012,188.8413380169272,8.121781892449548,160.54408438438765,6.122254838325284,87.35631214448543,3.2984751612992422,0.4323257238962508,0.0039485019552594185,0.367613880832584,0.002399615226386893,0.2000603929779476,0.0035768538981969284,21.66869300911854,0.6528424437135218,137.40881458966567,3.114261620968898,188.3951367781155,8.083147982909376,170.9164133738602,6.1470995543794755,129.14083080040527,1.0673493186999978,169.57953394123606,1.8097189450838795,179.41171403962102,142.62101636520242,119.50818260120586,background_blank_patch,1,iPhone6P,,
A_pH_test_dataset/iphone6p_train/5.jpg,A_pH_test_dataset,iphone6p_train,5.jpg,97891aa73f99e8e21b5141ce93ab5968,563,1001,dataset_annotation,247,375,42,36,1,6.0,72.82054357720432,41.195712494985564,23.138599527417618,1512,110.59589947089947,0.0,GOOD,,114.22486772486772,3.6351045061817793,114.97156084656085,3.291179601939648,77.50462962962963,2.4067211323411644,0.37240700863299975,0.002893133062422733,0.37487434709871503,0.0021040576911842287,0.25271864100501223,0.003912513892486,30.735449735449734,0.9151068598441345,83.07142857142857,3.405982687126254,114.97156084656085,3.291179601939648,120.98280423280423,3.323154389919515,121.31283068783068,0.6156206726574658,148.63690476190476,1.0564931240137985,190.33072150406102,6.057105402570887,161.25690875634794,4.616145461215693,86.45059221737641,2.6845166306481767,0.4344793508416581,0.0028627916312142137,0.3681452170187738,0.0018707187000303585,0.19737542985468529,0.003304867722692864,21.634920634920636,0.5409648631095865,139.4351851851852,2.7719360973173983,189.70238095238096,6.064799524540337,171.59722222222223,4.6493235223167195,129.32804232804233,0.8170192813788697,170.44246031746033,1.4586437419348197,179.30387205387206,142.5942760942761,120.02777777777777,background_blank_patch,1,iPhone6P,,
A_pH_test_dataset/iphone6p_train/6.jpg,A_pH_test_dataset,iphone6p_train,6.jpg,7af8f45e4bd2406fe04d15ec858e1767,563,1001,dataset_annotation,248,376,47,36,1,6.0,73.45191398299747,41.58154168450257,24.656734412745102,1692,110.38770685579196,0.0,GOOD,,113.80673758865248,5.467494920362517,114.68439716312056,4.487009624398885,77.95271867612293,2.9619551293016504,0.3712742709956417,0.0036868555721986614,0.37428225789408553,0.0023880636628226884,0.254443467841233,0.00400339869786228,30.856382978723403,1.263719290168448,81.68557919621749,3.3877410875614555,114.7127659574468,4.521710450606584,120.69148936170212,4.641456566466767,121.28427895981088,0.7030253015814534,148.23758865248226,1.2666128585300611,179.63182011537572,8.629858695766861,154.09062986913906,6.028772495260157,84.842099130519,3.223729652643059,0.4290491993585476,0.003738628903294545,0.368190754639262,0.0023271144457771595,0.20276004360867383,0.0034507016029593105,22.12825059101655,0.5676303975065198,134.9804964539007,3.0413187290531636,179.13002364066193,8.641377273413898,164.2127659574468,6.273579833986633,128.4710401891253,1.0278569621085645,167.69562647754137,1.932710775885334,183.7595238095238,148.8531746031746,126.71111111111111,background_blank_patch,1,iPhone6P,,
A_pH_test_dataset/iphone6p_train/7.jpg,A_pH_test_dataset,iphone6p_train,7.jpg,2665fc363cbbf44133c51452dc167ffa,563,1001,dataset_annotation,248,367,47,49,1,6.5,72.31872922814308,40.95320391278105,22.648563339711696,2303,98.45158488927486,0.0,GOOD,,88.59748154580981,5.177268587521873,108.39296569691706,5.980695752721569,73.15240990013027,2.7407527487238093,0.32782492535772373,0.004524521771001676,0.40113398321030325,0.004326925395141567,0.27104108772065294,0.007407101888735165,46.91706469821971,2.1347525924735398,82.63873208858011,6.411745121977698,108.39296569691706,5.980695752721569,110.55753365175858,5.844493970055843,113.54407294832826,1.1411987579675043,145.2240555796787,2.02721253780155,150.03323948438523,8.767318938575299,153.33520897471132,8.460431238886317,82.07688166578197,3.0751200041021494,0.38910087370312424,0.004554824219281833,0.3977313541087322,0.003715599783181639,0.2131677695865897,0.0063387495638061245,31.46808510638298,0.9656281897466155,118.77854971775945,5.228311500343002,152.96352583586625,8.486789206891578,156.85801128962223,8.064669405172337,116.05297438124185,1.158992691073965,164.80633955709945,2.9150386001132795,178.25338491295938,141.38039974210187,118.10380399742102,background_blank_patch,1,iPhone6P,,
A_pH_test_dataset/iphone6p_train/8.jpg,A_pH_test_dataset,iphone6p_train,8.jpg,06ced5afdb454e9f95491949b9caf193,563,1001,dataset_annotation,244,368,49,49,1,6.5,68.25516579335407,39.32969546412547,23.170563114021885,2401,95.70470637234486,0.0,GOOD,,85.68054977092878,4.8526810957314055,105.22490628904623,5.430740344834135,72.30112453144523,2.6609996590081715,0.32538108556798084,0.003814573394384578,0.39970785798817715,0.004105385920941409,0.2749110526358104,0.007164006205785928,47.93086214077468,1.8613456722285038,79.52977925864224,6.3090647908542365,105.22490628904623,5.430740344834135,107.32694710537277,5.367631967378832,113.91170345689297,1.0587256948733863,144.10537276134943,1.8698088701530977,154.57200373605926,8.754479779421333,157.70035724820994,8.139039726488816,86.21731816014376,3.173176844918371,0.38774289094194586,0.0037589575764502134,0.395696519161611,0.003384011963288399,0.2165605873808087,0.006118489766558353,31.33194502290712,0.7088539291378988,115.68721366097459,5.073803388425997,157.10745522698875,8.132039168478368,160.94044148271553,7.787646084785142,116.14244064972928,0.9296999864937836,164.68304872969597,2.872393705438287,167.71833333333333,133.44916666666666,110.86166666666666,background_blank_patch,1,iPhone6P,,
A_pH_test_dataset/iphone6p_train/9.jpg,A_pH_test_dataset,iphone6p_train,9.jpg,2b37820b4eef5287f5f4f0acc107d05a,563,1001,dataset_annotation,242,376,51,47,1,6.5,67.8893149479295,39.35676108854957,17.66605789551385,2397,92.85565289945765,0.0,GOOD,,83.10054234459741,4.55315655153563,101.88318731748018,5.277817514609574,70.96328744263663,3.0249118147899363,0.3245859339288435,0.003288208144759275,0.3980123507776109,0.0038805499332036798,0.27740171137679615,0.005961860680326262,48.365456821026285,1.5003628854304032,77.22611597830621,5.398026692546946,101.88318731748018,5.277817514609574,104.12223612849395,5.251425092727404,114.51105548602419,1.0120172854622638,143.28201919065498,1.6100118324382748,150.66501097423495,8.25507707229933,153.68058976044878,7.961059421568219,84.81583343907326,3.615396438031417,0.3870558734886076,0.0033024369032705956,0.3948663710277508,0.0033706823421796412,0.2180777529073768,0.0050733817058576805,31.313725490196077,0.8185578125709142,114.4342928660826,4.234417118063461,153.14518147684606,7.897853218397274,157.18940342094285,7.580083108237098,116.42302878598248,1.0400909773382785,163.58614935335837,2.4380056546666764,167.335,132.59083333333334,110.31166666666667,background_blank_patch,1,iPhone6P,,
A_pH_test_dataset/iphone6p_train/10.jpg,A_pH_test_dataset,iphone6p_train,10.jpg,f910842ebf584df0d78f039bea313c6d,563,1001,dataset_annotation,246,381,50,42,1,7.0,72.47743198187248,41.617543449117484,22.602341112985986,2100,84.09904761904762,0.0,GOOD,,61.67333333333333,4.3092318764577255,96.92809523809524,5.98586200901171,77.85047619047619,3.718105605957442,0.26064615560629484,0.0043049015282323015,0.40985351071173864,0.0046577014361649585,0.3295003294369869,0.006017501066547726,73.82380952380953,1.8450460729580356,92.75,3.4463058206612787,96.92809523809524,5.98586200901171,96.96761904761905,5.967443342450054,110.6595238095238,1.316843181141483,135.01190476190476,1.5066048840502246,104.2979906799619,7.287496909878651,136.49423531708362,8.429296538084854,86.80774994395213,4.14590118777777,0.3181690769954361,0.004733882947529887,0.4166098958045613,0.004464077034065052,0.26522102413549603,0.005346260740871708,49.51714285714286,1.5976743301768739,93.14571428571429,4.642013696281237,136.04857142857142,8.471887564856171,135.82809523809524,8.072497176066175,106.85238095238095,1.521940818453623,151.07809523809524,2.2197374770724987,179.36296296296297,142.0251851851852,118.2637037037037,background_blank_patch,1,iPhone6P,,
A_pH_test_dataset/iphone6p_train/11.jpg,A_pH_test_dataset,iphone6p_train,11.jpg,83a34621f6a03e5922e4a5a880bab419,563,1001,dataset_annotation,245,367,46,50,1,7.0,72.30753793275996,41.465760833393595,22.588782281045113,2300,86.93130434782609,0.0,GOOD,,63.98652173913043,2.829394018230224,99.98478260869565,4.242254701540329,80.90826086956521,2.979031287215349,0.26126249909484106,0.002788854223992436,0.4082782142256246,0.004483795472039897,0.33045928258939283,0.003953396988065432,73.97695652173913,1.3419289645639696,91.71782608695652,3.045728950402427,99.98478260869565,4.242254701540329,100.14695652173913,4.169679827957401,110.49304347826087,1.1330775129193738,134.8704347826087,1.1415834855332938,107.87315783746945,4.769999356384598,140.44384566902974,5.958892433897526,90.60501043028158,3.336064302326565,0.3182441527005605,0.003188392704426399,0.4143667826490932,0.004421314116364622,0.2673890616949991,0.003446138222698953,49.61391304347826,0.9715865068354184,90.88478260869566,3.7057222139083854,139.98478260869564,5.945347738808027,139.5391304347826,5.483075868797255,106.72695652173913,1.4407921576646305,150.9791304347826,1.5164314891374542,178.59555555555556,142.384,118.63288888888889,background_blank_patch,1,iPhone6P,,
A_pH_test_dataset/iphone6p_train/12.jpg,A_pH_test_dataset,iphone6p_train,12.jpg,4d2c696a87dcdb64943896df45841209,563,1001,dataset_annotation,246,369,45,50,1,7.0,72.59604338822811,41.732138000366405,22.274952085288053,2250,85.264,0.0,GOOD,,62.59511111111111,2.9031895274161426,98.07688888888889,4.066103689021782,79.42266666666667,3.039520722453167,0.26066331536013976,0.003592662300254494,0.4084934754530775,0.0046046412671233135,0.3308432050150536,0.003919522926916626,74.17022222222222,1.2500319798378294,92.16755555555555,3.610345108499897,98.07688888888889,4.066103689021782,98.19555555555556,4.0583497223792575,110.65866666666666,1.1289830231968356,134.70666666666668,1.0955262560878118,104.54361568655928,4.848780117678578,136.63526034805048,5.664669245178316,87.9937699706161,3.3675384937020243,0.3175404995335015,0.004089080402498855,0.41509576749759164,0.004656834707091075,0.26736372992597596,0.003440695516010733,49.84977777777778,1.1946593915122399,91.08444444444444,3.5731066815902226,136.10444444444445,5.68883723934887,135.81066666666666,5.316195130604845,107.04888888888888,1.4472383236468342,150.41644444444444,1.383199440195818,180.51884057971014,143.56014492753624,119.74927536231884,background_blank_patch,1,iPhone6P,,
A_pH_test_dataset/iphone6p_train/13.jpg,A_pH_test_dataset,iphone6p_train,13.jpg,e1e1626e0c3cde18ca09ae00e7d79ba1,563,1001,dataset_annotation,248,370,44,52,1,7.5,71.58423104426657,41.36641754365004,22.344428157484334,2288,70.4187062937063,0.0,GOOD,,39.97858391608391,2.804525455343805,83.22945804195804,3.582844133353258,84.62062937062937,3.4097188770741536,0.19218906450034667,0.006213791643167123,0.40053694005796386,0.004542038661413026,0.40727399062019615,0.004301098583758349,91.0270979020979,0.8554432688491825,134.72115384615384,4.907630001851466,84.6923076923077,3.3269786567167094,83.16083916083916,3.621324468229917,113.42744755244755,0.9222284820603732,122.59833916083916,0.8112715804695845,65.07139175991124,4.564803370434045,113.81440398916642,4.899458427545101,92.80882694442255,3.739655584520408,0.23928548870382568,0.0072973165593984346,0.41900381526182,0.005173310885947656,0.34171069234579327,0.0042134876536350785,77.13243006993007,1.0328675730370587,109.91477272727273,6.092683788983547,113.32386363636364,4.86051132978819,112.10096153846153,4.818546532289109,106.15952797202797,1.1532055298049912,134.47246503496504,0.9689825284213529,182.35470085470087,146.25470085470084,122.87606837606837,background_blank_patch,1,iPhone6P,,
A_pH_test_dataset/iphone6p_train/14.jpg,A_pH_test_dataset,iphone6p_train,14.jpg,13bb4d2ce4b1615acb10583f684b59e3,563,1001,dataset_annotation,242,378,48,48,1,7.5,68.22353845089191,39.33926066672724,22.47668934053833,2304,63.693142361111114,0.0,GOOD,,35.401041666666664,2.452804296092649,75.48567708333333,3.7084227133277063,77.63411458333333,3.498298110142447,0.18764996855108884,0.005802661298549847,0.40044290826634005,0.00486883158849304,0.41190711786499473,0.003555435072333168,91.30685763888889,0.8720315842330372,138.82986111111111,4.224047885176662,77.65451388888889,3.4836543571891077,75.26085069444444,3.899576451172766,114.62282986111111,1.012345484888919,122.29123263888889,0.7215624020455986,64.49757349552205,4.468792948155748,112.99143538111997,5.550986909957273,91.12526418752509,4.106227541904461,0.2399424193080669,0.006999263854725982,0.42070890334553634,0.005570728048553742,0.3393486736139653,0.0034703270205906737,76.52604166666667,0.919606436615082,110.11024305555556,6.172716565827003,112.48350694444444,5.569376728664088,111.34505208333333,5.4204587525010375,105.99305555555556,1.4086613413774647,135.13324652777777,0.9947983891509816,170.38988095238096,133.61309523809524,109.77480158730158,background_blank_patch,1,iPhone6P,,
A_pH_test_dataset/iphone6p_train/15.jpg,A_pH_test_dataset,iphone6p_train,15.jpg,98e09bfe23ee8ed0fc65e7b0242a70be,563,1001,dataset_annotation,244,370,51,47,1,7.5,67.69500836641156,39.11768418592749,21.9959661126391,2397,66.49228201919065,0.0,GOOD,,36.1764705882353,2.7363918199697497,79.20525657071339,3.1245200727647986,80.24864413850646,2.875370364379692,0.18469367484485638,0.006820001065500633,0.4049573527786235,0.00424953766451537,0.4103489672553241,0.004275764885631074,90.73591989987484,0.7363944048479416,140.36211931581144,5.072757264408681,80.38881935753025,2.883904404378333,78.79974968710889,3.3359947562442134,113.46516478931999,0.7228152846438255,122.8744263662912,0.6404532500992098,62.97471293660158,4.76341352660035,114.01789398381524,4.497822667725886,90.40000952606621,3.2391015589279766,0.23522354848280252,0.008152152885427378,0.4265407223176805,0.005165603961923813,0.3382357254520918,0.004273080208969928,76.07175636211932,0.9858527659561009,114.92156862745098,6.627689193014359,113.51731330830205,4.555069404408235,111.7747183979975,4.419320230005433,104.80141843971631,1.0292905109371617,135.77304964539007,0.9423381847952659,177.54122938530733,138.93478260869566,114.89205397301349,background_blank_patch,1,iPhone6P,,
A_pH_test_dataset/iphone6p_train/16.jpg,A_pH_test_dataset,iphone6p_train,16.jpg,de70b27333332399da371871ee8be832,563,1001,dataset_annotation,244,372,51,52,1,8.0,71.92448404171317,41.542573787967164,22.043222305569067,2652,59.67684766214178,0.0,GOOD,,27.737179487179485,2.3636109877514415,69.26470588235294,4.377293687498816,93.9524886877828,5.444219178546177,0.14524695407090632,0.008740168223648585,0.3626587522557486,0.004117873879341128,0.4920942884172886,0.007473833754740373,101.17533936651584,0.5881776424933292,179.68061840120663,5.568661090834891,93.9524886877828,5.444219178546177,70.62858220211162,4.631485850937675,122.35633484162896,0.8809753042364168,109.25188536953243,1.1004833322395577,47.79762729505308,4.073052817618111,98.68907779823843,6.236813854447768,105.52946145977768,6.115064390579365,0.1896162475858795,0.010741759970288752,0.3915400969087348,0.005059268196039879,0.4188436515226482,0.007810404108485108,93.5343137254902,0.9087054776802329,140.11463046757166,8.566331379879095,105.01621417797888,6.14414284080745,98.3895173453997,6.113328556650161,113.12066365007541,1.4165297110592758,118.91742081447964,1.1314300336098513,178.05925925925925,140.36954732510287,116.06090534979424,background_blank_patch,1,iPhone6P,,
A_pH_test_dataset/iphone6p_train/17.jpg,A_pH_test_dataset,iphone6p_train,17.jpg,1b27941566370d79a94702d58ab91ede,563,1001,dataset_annotation,245,376,48,45,1,8.0,70.71349609537887,41.115634929834265,22.342733932669002,2160,57.84861111111111,0.0,GOOD,,26.200462962962963,2.2154967189303667,67.28935185185185,3.7596884162535846,91.9875,4.327702671934229,0.14116058316514793,0.007798895665034645,0.36273645250977815,0.004331328027539281,0.49610295891874606,0.0062662606183039584,101.33148148148148,0.6111083052685305,182.3550925925926,4.782812785336131,91.9875,4.327702671934229,68.51342592592593,3.945908021594447,122.55833333333334,0.8324022576366059,109.24861111111112,0.7762373137668342,46.55684776596944,3.9368214071275776,99.16245242578631,5.540548592789956,105.88215762736253,4.981399608360896,0.1848943691684842,0.009662848681606892,0.39409880712296325,0.0052697206395471725,0.42100681972258275,0.006567578700062402,93.34537037037038,0.8965865576832955,143.6486111111111,7.485798153631554,105.38657407407408,5.0093528564884835,98.70925925925926,5.539396561550542,112.60555555555555,1.4003857493253709,118.90138888888889,0.92295716197422,173.75448717948717,135.7153846153846,112.5525641025641,background_blank_patch,1,iPhone6P,,
A_pH_test_dataset/iphone6p_train/18.jpg,A_pH_test_dataset,iphone6p_train,18.jpg,3ada6ae5b18f5a27847d90223f458429,563,1001,dataset_annotation,241,365,47,47,1,8.0,71.67766159240405,40.694252655666254,26.583213046875354,2209,64.76822091444092,0.0,GOOD,,28.63739248528746,2.2317669647258587,75.82661837935717,2.499669044575711,104.10864644635582,3.0939656255981984,0.13711369219079023,0.006190537028346664,0.3636024184586965,0.0031378802271904327,0.4992838845498026,0.0058076239412125094,101.29651425984608,0.5002412997648331,184.9139882299683,3.944824170759022,104.10864644635582,3.0939656255981984,77.69941149841557,2.6436467085920685,122.29017655047532,0.7355048127828058,106.86600271616116,0.7583358409148163,46.914059754806935,3.656102726382774,103.56369230224244,3.4140379898618143,110.9123091465071,3.296161113110172,0.1792270621293837,0.007638090456986633,0.3962935080103,0.0036879912934311694,0.4244794260290654,0.006029933356176644,93.28157537347217,0.7446383324336814,147.81349026708918,6.248337324881323,110.24762335898596,3.3148874732029125,102.9665006790403,3.387426558883369,111.7193300135808,0.6920569220446952,118.18922589406972,0.9990723574895413,187.73145604395606,146.43475274725276,122.08447802197803,background_blank_patch,1,iPhone6P,,
A_pH_test_dataset/iphone6p_train/19.jpg,A_pH_test_dataset,iphone6p_train,19.jpg,a4b7f6a7fe6cfea3378618c8835f87fb,563,1001,dataset_annotation,244,380,44,46,1,8.5,70.95698617545864,41.14344368490441,23.021175097949346,2024,55.8399209486166,0.0,GOOD,,24.347826086956523,2.1962880150046504,63.67786561264822,2.8714184065953376,98.1457509881423,3.5271395168315465,0.13059528982453206,0.00767510170073742,0.3420292857346373,0.0038561337928307736,0.5273754190593819,0.007409761197619471,104.07361660079052,0.6255555343235584,191.79446640316206,4.526955827385607,98.1457509881423,3.5271395168315465,66.14673913043478,3.2004367968826304,127.05978260869566,0.7634713421539985,103.69120553359684,0.8885535439373856,42.35685651614855,3.8207869559872143,91.96803196803198,4.147103507170659,110.95366295046801,3.98742732303394,0.17242682992044,0.009568645734189904,0.37498127561498135,0.004490290686398886,0.4525918903791797,0.007839613795532234,98.31077075098814,0.7125100365524498,158.33152173913044,6.850699919272101,110.4846837944664,4.016980090840841,92.57954545454545,4.181716815449574,117.58547430830039,1.0755118610103418,112.10375494071147,1.0478218190378905,176.91304347826087,138.47826086956522,114.96521739130435,background_blank_patch,1,iPhone6P,,
A_pH_test_dataset/iphone6p_train/20.jpg,A_pH_test_dataset,iphone6p_train,20.jpg,7e0955401533af20a9f7fc8e683ea613,563,1001,dataset_annotation,243,367,50,49,1,8.5,70.98695975427769,41.05598520889809,21.9142965658376,2450,59.26571428571429,0.0,GOOD,,24.80857142857143,2.1099588931095896,67.85551020408164,2.4813467880465514,105.66163265306122,3.4079435099627227,0.12490026725795453,0.006586997545116792,0.3421800112659051,0.003427200441283667,0.5329197164265403,0.00646779528433558,103.95224489795919,0.4586638327288964,195.2069387755102,3.872355294502792,105.66163265306122,3.4079435099627227,70.80530612244898,2.618157244183137,127.22326530612244,0.82186296031092,101.77469387755102,0.904327694897394,41.90762728200881,3.564226627372888,95.62991858476057,3.4970040105479216,116.46477416817255,3.7563812076322156,0.16472890907274332,0.008233234999112786,0.3765670808927087,0.003951354234825978,0.458704006091159,0.006856242049500067,98.45632653061224,0.6980517900134807,164.1987755102041,5.792472114261948,115.97591836734694,3.8018029656012526,96.2865306122449,3.5510766122692634,117.10979591836735,0.9375314738573506,110.89632653061224,1.0762115979591749,181.448224852071,141.91272189349112,118.39644970414201,background_blank_patch,1,iPhone6P,,
A_pH_test_dataset/iphone6p_train/21.jpg,A_pH_test_dataset,iphone6p_train,21.jpg,11ce9ab6dc024dfa1fcf0a500076d787,563,1001,dataset_annotation,249,369,42,47,1,8.5,70.63095873930688,40.87718328943354,21.073973017144596,1974,55.2451874366768,0.0,GOOD,,23.840932117527863,2.0819157509307455,62.529381965552176,2.5087280111724994,99.4209726443769,3.7190582125192377,0.12816104969135445,0.007548992068446779,0.33659337596085376,0.004140575092726401,0.5352455689563668,0.007490842171934113,104.67679837892604,0.5382047185084201,193.90222897669707,4.39282655278447,99.4209726443769,3.7190582125192377,65.22340425531915,2.8388389255985524,128.3181357649443,0.8901722621717194,102.32117527862209,1.2373728734050626,41.52182835043283,3.6259047265460946,90.24040194721545,3.620515939677184,113.50120043243089,4.245759826841713,0.16906501056960793,0.009425286973622745,0.3680000752035395,0.00470206486506945,0.4629349101421871,0.007945625604656895,99.6079027355623,0.7232275673303105,162.274062816616,6.725050781389298,113.01773049645391,4.261130572410182,91.47163120567376,3.6491183198712984,119.16919959473151,0.9376422108578566,109.77659574468085,1.2969605812995673,175.18928833455612,138.58400586940573,114.83565663976522,background_blank_patch,1,iPhone6P,,
A_pH_test_dataset/milk/1.jpg,A_pH_test_dataset,milk,1.jpg,507cf4f835845fe18f45508ae72d4e4e,563,1001,dataset_annotation,204,385,16,30,1,5.943,140.5047865101151,79.01900868210384,304.4386154894653,480,190.07916666666668,0.0,GOOD,,227.97916666666666,2.3308580620783315,200.90416666666667,2.367132436561635,36.2875,2.387609072552149,0.4901306459570988,0.002461326638678136,0.43191354567331053,0.0018721038911424955,0.07795580621938496,0.004081399146025971,26.0,0.0,214.53125,2.4475886305028194,227.97916666666666,2.3308580620783315,206.50208333333333,2.0269013279031505,122.125,0.4575751304430782,204.59791666666666,0.5151818381784133,205.34616864169038,2.0994583833846567,176.42517380168314,2.0787112505480816,44.84725208234098,2.9508151829371165,0.4813809075345735,0.003129090192748862,0.41357424527927417,0.0023928313897408618,0.10504484484154025,0.005339253123385565,24.835416666666667,0.3708040718792368,199.81666666666666,3.157618652648789,204.91041666666666,2.19238640748437,184.70208333333332,2.0363355141991923,125.15208333333334,0.4375545600900025,193.8625,0.5607379809976611,161.82708333333332,227.75,222.04375,white_reference_patch,1,,,
A_pH_test_dataset/milk/2.jpg,A_pH_test_dataset,milk,2.jpg,4942d843280813c62c43e6799715740e,563,1001,dataset_annotation,206,390,16,30,1,5.943,140.5972216061026,78.98926286698274,297.1885498790837,480,189.78958333333333,0.0,GOOD,,227.75625,1.5748553174286628,200.26458333333332,1.6185113509195896,36.954166666666666,2.23652989522211,0.48984475977887715,0.0020880714952929195,0.43071537468977694,0.0022216631377066373,0.07943986338045289,0.004105730631808158,26.0,0.0,213.61666666666667,2.4577541690648306,227.75625,1.5748553174286628,206.1,1.4032699906527846,122.50833333333334,0.5322254117278589,204.25833333333333,0.5950606878480734,203.9037582766017,1.4099236265331667,174.64458635756657,1.411453990973005,45.07521854035373,2.7280299596122495,0.4813624898870484,0.0027534787274713216,0.4122881037889449,0.002732783611488811,0.10634940396308974,0.0053376364508437414,24.475,0.4993746088859545,199.12083333333334,3.0946835011390457,203.63333333333333,1.3855404080077283,183.15833333333333,1.4433516165123759,125.57083333333334,0.5033050488741617,193.34791666666666,0.8227214958430479,163.96666666666667,229.33958333333334,223.39583333333334,white_reference_patch,1,,,
A_pH_test_dataset/milk/3.jpg,A_pH_test_dataset,milk,3.jpg,dde4d348f4b009e2aa3d09a6f124a453,563,1001,dataset_annotation,205,385,16,30,1,5.943,140.78723053145788,78.97325032333268,278.8777344506599,480,191.17916666666667,0.0,GOOD,,228.91666666666666,1.8487984085766505,202.17083333333332,1.5261550725779984,35.1,1.948931331097464,0.4910528570151664,0.002432053627786262,0.43367919032713875,0.0015447893904557575,0.07526795051243461,0.003650020318754983,26.0,0.0,215.79375,2.059824653742805,228.91666666666666,1.8487984085766505,207.43125,1.3195100495385903,121.87708333333333,0.3972507516949744,205.14791666666667,0.6098119871913165,206.26607347337202,1.6658655480783011,177.01772147280673,1.3362782806385172,43.205539171688685,2.3989922783094833,0.4836580873912955,0.003019142367042491,0.4150742002827215,0.0019888778126992586,0.10126770998099356,0.004771598844711129,24.6125,0.48717938174762687,202.05833333333334,2.9511179614210987,205.89375,1.8036890726600674,185.17916666666667,1.3559987606516788,125.70416666666667,0.5243878706538595,194.67916666666667,0.5820074216785288,162.47916666666666,228.41875,221.9625,white_reference_patch,1,,,
A_pH_test_dataset/milk/4.jpg,A_pH_test_dataset,milk,4.jpg,b869f2626d12e9d1790ba236ec6c824a,563,1001,dataset_annotation,205,387,16,30,1,5.978,140.84771533972244,79.10549034768688,295.4061435996164,480,190.18125,0.0,GOOD,,227.88125,3.1649879047952143,201.09375,3.178305775750135,35.94583333333333,3.4624749297126884,0.4902174650705375,0.003730921807621238,0.4325742835596125,0.002417677948427108,0.07720824921808091,0.005881545905459756,26.0,0.0,214.87916666666666,3.482393712982813,227.88125,3.1649879047952143,206.62291666666667,2.799831809184656,121.95416666666667,0.493692858859523,204.61875,0.568681314533896,205.1174827010708,2.84882741257094,176.03450476902592,2.7822420300914876,44.23535444173823,4.260961328706809,0.4822850083914002,0.004691371398743551,0.41388414616532315,0.0031710001838364675,0.10383084309133503,0.007670534477443304,24.664583333333333,0.4721359194012767,200.58958333333334,4.644922836788812,204.7125,2.8810895653091615,184.35625,2.5041969978751006,125.44791666666667,0.5375444103100279,193.98958333333334,0.8074495813293168,162.52083333333334,228.47083333333333,222.19583333333333,white_reference_patch,1,,,
A_pH_test_dataset/milk/5.jpg,A_pH_test_dataset,milk,5.jpg,fdb394e35b2072ed50845f446f3d40b3,563,1001,dataset_annotation,200,399,16,30,1,5.978,140.71481981606317,78.82964088143099,135.7190231829875,480,190.57083333333333,0.0,GOOD,,227.05833333333334,1.7334735520207845,201.90416666666667,1.7521365925317836,35.59583333333333,2.3680123814897778,0.48878608211599894,0.003022411455442128,0.434629716614804,0.002032086526885804,0.07658419911635751,0.00438858093048564,26.0,0.0,215.00833333333333,2.6457381872656174,227.05833333333334,1.7334735520207845,206.99583333333334,1.5041551246094564,121.225,0.4909599440551813,204.62708333333333,0.544380222260957,204.36350418868707,1.5602102081376086,176.94773092437163,1.5355631309477262,43.87672055500244,2.918898303642641,0.480679337925251,0.0037005257288746274,0.41618705558082625,0.002528532158434989,0.10313360414166613,0.005739392559263847,24.960416666666667,0.194978186101819,200.83333333333334,3.446213703311054,204.02916666666667,1.669326003378476,184.79791666666668,1.320825118270983,124.54375,0.6243016932274543,194.425,0.8181534085976787,162.25384615384615,228.2076923076923,222.21025641025642,white_reference_patch,1,,,
A_pH_test_dataset/milk/6.jpg,A_pH_test_dataset,milk,6.jpg,c06bf0ef4e2fbc5c079b89802a980e22,563,1001,dataset_annotation,198,393,16,30,1,5.978,140.6122190420592,78.89684025237129,230.6503265631146,480,191.49791666666667,0.0,GOOD,,228.61458333333334,1.531405887756592,202.3875,1.5013362104028087,37.33125,2.2639986979162923,0.48816741404398534,0.003201223589842884,0.4321556147088026,0.0016444640199344404,0.07967696911178077,0.0041601525337739515,26.0,0.0,213.28541666666666,2.4570891978902374,228.61458333333334,1.531405887756592,207.61458333333334,1.3273547603117346,121.63541666666667,0.6849542513109098,204.53541666666666,0.49874408239318707,208.16260717808635,1.3944055431428106,179.01816975638525,1.3279795470337812,46.68047360400141,2.830993643598192,0.47982457277827933,0.0038490200422343183,0.41263519128333687,0.002085022782819147,0.10754023363321914,0.005446490627882463,24.725,0.4465142774872938,198.14791666666667,3.3863998572312095,207.61875,1.5174205429499983,186.95208333333332,1.3275117048029705,125.43958333333333,0.566877258662657,194.1125,0.7099369103425083,159.94375,226.10833333333332,219.65,white_reference_patch,1,,,
A_pH_test_dataset/milk/7.jpg,A_pH_test_dataset,milk,7.jpg,498e4085d1d51f77844857fb4f1e46ce,563,1001,dataset_annotation,206,392,16,30,1,5.864,140.19470760145717,79.06334352399816,289.43160032672955,480,189.81666666666666,0.0,GOOD,,222.45,3.7602083275620064,201.10416666666666,3.608090349786466,45.1875,3.652945443976226,0.47463929542694816,0.0035517302265780583,0.429083188705928,0.002807448222796994,0.09627751373261528,0.005751201785609616,26.270833333333332,0.44439018766044874,203.23541666666668,3.456394411288864,222.45,3.7602083275620064,205.50833333333333,3.2888595625569392,119.99791666666667,0.7596571549426463,201.49583333333334,0.5845077463606069,200.03184743206663,3.38126059110663,176.828877348208,3.1725576674955893,55.92728679172307,4.521146942844295,0.46229324253382514,0.004403210773551304,0.4086577142603144,0.0034838169151126214,0.12904904089379998,0.007442334814519409,25.045833333333334,0.20912350152216005,184.23333333333332,4.79840830090794,199.49583333333334,3.4520500149267184,183.69166666666666,2.993871054151947,123.26458333333333,0.5541470861202427,189.4875,0.7443187601200623,161.59375,227.45625,222.41458333333333,white_reference_patch,1,,,
A_pH_test_dataset/milk/8.jpg,A_pH_test_dataset,milk,8.jpg,066cf81fe6c0888af341c98c07d2c81e,563,1001,dataset_annotation,207,397,16,30,1,5.864,140.74849129556057,79.04069229017152,293.5396941630014,480,193.44166666666666,0.0,GOOD,,223.10625,3.5921155703614733,206.48125,3.433241680613236,47.89791666666667,3.6067061140402825,0.46731186209272974,0.003429513673117378,0.43248235488314213,0.002634161838481725,0.1002057809288583,0.005548613376659235,27.010416666666668,0.10152910775842668,200.32083333333333,3.444376959464351,223.10625,3.5921155703614733,209.25416666666666,3.1014081703137504,117.57708333333333,0.6537518589308604,202.18125,0.5538337032298895,200.1719642239647,3.222862781471806,180.32148607712395,2.9982734117993837,58.81931563799167,4.42908585798359,0.4557322824962275,0.0042296956135208005,0.4105305648418839,0.003276651318967746,0.1337371503843666,0.0071300568604907456,25.933333333333334,0.2494438257849294,180.58333333333334,4.752338605594326,199.6625,3.1594187888491985,186.25833333333333,2.7643439044775566,121.57708333333333,0.6177039418056374,189.34791666666666,0.8954723109746177,162.86458333333334,229.01458333333332,222.91458333333333,white_reference_patch,1,,,
A_pH_test_dataset/milk/9.jpg,A_pH_test_dataset,milk,9.jpg,e256be934973f79618db2dbf79fb329e,563,1001,dataset_annotation,203,392,16,30,1,5.864,140.37575035976457,79.02254892547346,301.23426418223033,480,188.8375,0.0,GOOD,,220.22083333333333,2.878292197158277,201.42083333333332,2.8310008781740463,43.72083333333333,2.930653960959719,0.47327153500983765,0.002811707534130337,0.43286171854112737,0.0023344256645552084,0.09386674429944897,0.004640709248473174,26.970833333333335,0.16827350421923892,204.37083333333334,2.8379833166450354,220.22083333333333,2.878292197158277,205.17708333333334,2.5149336955585047,118.70833333333333,0.6006362367430798,201.87291666666667,0.3453498125894316,200.60187364740833,2.621871867956783,179.00822856247623,2.515988261363652,54.75386969719776,3.6702101234567417,0.4618953717362768,0.0034995428325658587,0.4121676887565125,0.0028832249724517933,0.12593693720406673,0.006012565157786904,25.6625,0.4728570079844434,185.88125,3.8390079149219445,200.19375,2.735941813008213,185.46875,2.446737304554782,122.38125,0.5148447379226737,190.54583333333332,0.5682422947612713,159.69951923076923,225.0408653846154,219.56009615384616,white_reference_patch,1,,,
A_pH_test_dataset/milk/10.jpg,A_pH_test_dataset,milk,10.jpg,1b2f0921d63f58bac1cfa668fb081bac,563,1001,dataset_annotation,206,386,16,30,1,5.823,140.7582630513359,79.00036387083384,320.85402898934547,480,191.28333333333333,0.0,GOOD,,229.14166666666668,1.9718681215763105,201.36875,1.5940849321266835,39.55625,2.3204171903991746,0.4874849167750947,0.0028855742876131843,0.42839819413293706,0.0017303865475830587,0.08411688696436445,0.004252978835136659,26.0,0.0,211.01875,2.4000135633297295,229.14166666666668,1.9718681215763105,207.18958333333333,1.599314903238953,122.73125,0.5445396564989551,203.94166666666666,0.5957604850571709,208.23173040514956,1.7919286224093722,177.867947443966,1.4080467546663888,48.885169927909374,2.867662851162729,0.47873972620383465,0.00354679082295674,0.4089284171815154,0.0022270580627946337,0.11233185431539176,0.005511714919920813,24.0625,0.24206145913796356,195.72083333333333,3.3980974047578774,207.89166666666668,1.6921181663491731,186.36875,1.5259773166182167,126.01041666666667,0.36784257464603287,193.22708333333333,0.7961468623243383,161.83333333333334,226.425,220.08333333333334,white_reference_patch,1,,,
A_pH_test_dataset/milk/11.jpg,A_pH_test_dataset,milk,11.jpg,c34877112a5292bd4381dd471d637408,563,1001,dataset_annotation,205,390,16,30,1,5.823,140.2897315828044,78.8933034652205,309.44337196521724,480,193.28541666666666,0.0,GOOD,,229.78125,2.4639193244706696,204.15833333333333,2.2462777853348608,41.020833333333336,2.40303266149718,0.48380498587359105,0.00295354115584433,0.4298538991024165,0.0025058124957559433,0.0863411129182628,0.004468421273335279,26.0,0.0,209.52291666666667,2.6187417130603436,229.78125,2.4639193244706696,209.20416666666668,1.9874563237688743,121.45625,0.8527910671241031,204.1875,0.8025025960497989,208.00309940225813,2.230394586882166,179.4712786457089,1.97465535570023,50.57005348787869,2.962433484409106,0.47486889438595903,0.00357372783156334,0.40972887516833545,0.0029556635942544897,0.11540222816246734,0.0057818831364541065,24.65625,0.47495887979908324,193.42083333333332,3.646057135987982,207.65416666666667,2.281534419103853,187.36458333333334,1.8748321684146083,125.24166666666666,0.6054727262414239,193.07708333333332,1.1050527105326493,162.2336956521739,227.5108695652174,220.94021739130434,white_reference_patch,1,,,
A_pH_test_dataset/milk/12.jpg,A_pH_test_dataset,milk,12.jpg,c05528b3aacb550ec58ab76c0bf3777b,563,1001,dataset_annotation,203,383,16,30,1,5.823,140.73167152563244,79.01963137000344,312.6955795469526,480,195.38333333333333,0.0,GOOD,,228.325,1.9447043477094403,206.6875,1.727911190811997,50.235416666666666,2.8615256408174217,0.47055662685022687,0.0036109836118130125,0.4259564007441006,0.0019816779314101264,0.10348697034463239,0.005071633202348991,26.214583333333334,0.41053297844252284,198.89791666666667,3.2203771507473404,228.325,1.9447043477094403,210.52083333333334,1.5677688941790993,119.77291666666666,0.47488576842810903,202.0375,0.8232620583184108,203.87740865332447,1.7364777532370712,179.68757074937736,1.502191300139932,61.68322319334895,3.513619205096643,0.45793390479798224,0.004344851615294045,0.40359099021594236,0.0025520513267946565,0.13847510273980526,0.006527686915442238,24.96875,0.17399263633843817,178.2875,4.379955526790959,203.34583333333333,1.8655828326706794,186.675,1.3064742630453918,123.76875,0.7090651856493871,188.58333333333334,1.3498971154211057,162.88194444444446,230.05208333333334,223.98263888888889,white_reference_patch,1,,,
A_pH_test_dataset/milk/13.jpg,A_pH_test_dataset,milk,13.jpg,9e0609144f2e56ca5d06f4d39a0beb3d,563,1001,dataset_annotation,202,391,16,30,1,6.437,140.73921105537445,78.96504364561024,310.7976415199042,480,187.99583333333334,0.0,GOOD,,216.06666666666666,2.1476084890459486,202.96666666666667,2.1308579388489406,37.108333333333334,2.3149724020433204,0.4737124195664649,0.0022838352832964945,0.444987471668373,0.0018128457777433096,0.08130010657242283,0.00400661556717114,28.0,0.0,211.075,2.3564185395072186,216.06666666666666,2.1476084890459486,205.19583333333333,1.853820192347563,116.05208333333333,0.22219509383022445,203.31875,0.4920858029856175,197.6266584093561,1.9643228444695318,180.29378426519233,1.8928252990307308,46.3439304008456,2.8911274164879597,0.46585227291396436,0.002929526046617038,0.42499030132068116,0.002352803361324376,0.10915742340776505,0.005217289974281973,26.825,0.37996710383926663,195.82291666666666,3.245493002055141,197.08125,2.1024941785492137,185.575,1.7602674986111249,120.0375,0.2006499854639085,193.63333333333333,0.5580223014261069,160.14322916666666,225.15104166666666,218.66145833333334,white_reference_patch,1,,,
A_pH_test_dataset/milk/14.jpg,A_pH_test_dataset,milk,14.jpg,18ec245de20af62d14d02cab5b2b8183,563,1001,dataset_annotation,202,388,16,30,1,6.437,140.14153697102188,78.99972180010884,303.0116415509765,480,188.08125,0.0,GOOD,,215.825,1.686527497552293,203.00208333333333,1.7505938972404638,38.61875,2.988600302956776,0.4718390705176315,0.0033508783866802315,0.44379900494842445,0.0026123097833486634,0.084361922347549,0.005598619047097935,28.0,0.0,209.32708333333332,3.3032963071840156,215.825,1.686527497552293,205.2,1.4265342617687105,116.01666666666667,0.48275827859867465,202.94583333333333,0.5926488326900584,195.5707513529387,1.5282541405013008,178.97326530612244,1.5433807420568983,47.49558731424016,3.6755546628632,0.4634466883765736,0.00419181881954387,0.4241081190621606,0.003306575680431524,0.11244519019133319,0.0072311853552812005,26.86875,0.33767356648100244,193.56458333333333,4.4767915214346194,194.91458333333333,1.5421156440819288,184.11875,1.3449219695456933,119.95208333333333,0.4997872811395754,192.39583333333334,1.0295545827632886,162.62037037037038,226.85185185185185,220.71296296296296,white_reference_patch,1,,,
A_pH_test_dataset/milk/15.jpg,A_pH_test_dataset,milk,15.jpg,6e3b70b6a1299667e77756e2ea8a0b64,563,1001,dataset_annotation,204,389,16,30,1,6.437,140.33888136730056,78.93035339383357,301.87492620362514,480,191.11875,0.0,GOOD,,218.21875,1.734473533237103,206.025,1.7450525302504027,43.97708333333333,2.0283141176164556,0.466077055289741,0.0019027086926002596,0.44003128110930534,0.0017560586935150846,0.0938916614649487,0.0034129901184244385,28.0,0.0,203.67708333333334,2.0640513946416696,218.21875,1.734473533237103,207.97916666666666,1.607140101408572,115.77916666666667,0.4970573128143497,202.67291666666668,0.48228604208383313,194.89300523481623,1.5490729343506409,178.44803115219446,1.511472822620263,53.64020926756354,2.47399748875191,0.4564695746207168,0.0024134653357979325,0.4179509000056851,0.0021717230158129117,0.12557952303122946,0.004405364662583147,26.833333333333332,0.3726779962499649,185.12708333333333,2.8318309435867737,194.26666666666668,1.6405453022970407,183.87083333333334,1.484637769139515,120.09375,0.31218734359355443,190.08333333333334,0.6368324391514267,163.97058823529412,230.9075630252101,223.93697478991598,white_reference_patch,1,,,
A_pH_test_dataset/milk/16.jpg,A_pH_test_dataset,milk,16.jpg,d4e60d52c79ce0cd23b9b1bb5f90a869,563,1001,dataset_annotation,207,393,16,30,1,6.658,131.45132309963572,80.18104069808683,296.9289679286908,480,182.69791666666666,0.0,GOOD,,204.67291666666668,2.6059418949244093,199.31875,2.780224530051485,37.83958333333333,2.503600705594955,0.46327581853807437,0.0023935933807037093,0.45114850386127864,0.0021610819546736076,0.08557567533666059,0.004305659569919001,29.0,0.0,208.02708333333334,2.574978930604201,204.67291666666668,2.6059418949244093,200.34583333333333,2.5366446286821933,113.05416666666666,0.36110844016106236,201.21458333333334,0.5340449354273061,190.1916571568308,2.421563221563278,177.65705629397968,2.4780734669731768,47.364397474608836,3.1337961069209426,0.4581112248792702,0.003052035167191991,0.427911351958981,0.0026909471987502736,0.11397742075250236,0.005559856305092116,27.172916666666666,0.3781752147557473,192.15208333333334,3.444167145535897,189.67708333333334,2.5944443515048756,182.1,2.430363484474425,118.25833333333334,0.45177120561432665,191.54166666666666,0.6757197808427857,159.78070175438597,224.3859649122807,215.2280701754386,white_reference_patch,1,,,
A_pH_test_dataset/milk/17.jpg,A_pH_test_dataset,milk,17.jpg,a9e316c51c722d51d9e05ded01b113f7,563,1001,dataset_annotation,208,384,16,30,1,6.658,140.71081139109558,78.97848017496851,321.8499797173091,480,183.93333333333334,0.0,GOOD,,206.93333333333334,2.321039039357637,200.53958333333333,1.9220474741940055,37.125,1.868878897449841,0.4654533029423457,0.0025252283432440985,0.4510775288198813,0.0020370399895756953,0.0834691659881972,0.00331413973747581,29.0,0.0,209.37291666666667,2.006368982280068,206.93333333333334,2.321039039357637,201.74583333333334,1.721791500798579,113.48125,0.5038006591566416,201.88125,0.5004815389535696,187.13142606598709,2.0989336922832944,176.12258815701932,1.6880257258390468,45.74092741935485,2.302606168452985,0.457562165070421,0.0029325562140786955,0.4306488299573574,0.0023313241497291454,0.11178900252675612,0.004303047422937597,27.60625,0.4885805332798269,193.14583333333334,2.8722057677370927,186.79375,2.1147208493872975,180.07708333333332,1.7993910524736478,117.675,0.781691541892751,191.4,0.6144102863722253,162.3272727272727,227.72727272727272,221.16363636363636,white_reference_patch,1,,,
A_pH_test_dataset/milk/18.jpg,A_pH_test_dataset,milk,18.jpg,96fa56a614a4b5c5a4f6fb222572583d,563,1001,dataset_annotation,207,387,16,30,1,6.658,140.71717625181213,79.19466601328676,310.86594177256416,480,187.2,0.0,GOOD,,209.36041666666668,1.9857030223715617,203.75416666666666,2.0437871641201344,42.54375,2.1129961202441114,0.4594900746842954,0.001900943251381572,0.44718451452493835,0.002084955412094512,0.09332540859576713,0.0035109721046760827,29.0,0.0,203.42083333333332,2.0721323893247963,209.36041666666668,1.9857030223715617,204.37916666666666,1.7648132967037116,113.07916666666667,0.2776075867519154,201.5125,0.49984372557830514,191.331389323118,1.8147046328168446,181.0664094254947,1.816214163819048,52.59393735186133,2.6121530324159212,0.45023146235567957,0.0023703908995467565,0.426075496253713,0.0024842359116207277,0.12369303903714597,0.004500061069989414,27.91875,0.2732186624299299,185.50416666666666,3.121161531474389,190.85,1.605459435800232,184.76041666666666,1.857107919962889,117.06875,0.6963165737172521,190.79791666666668,0.5465763073187697,161.78195488721803,225.06015037593986,218.84586466165413,white_reference_patch,1,,,
A_pH_test_dataset/red/1.jpg,A_pH_test_dataset,red,1.jpg,583f20830a5fc67a12d6add1db5af507,563,1001,dataset_annotation,202,395,16,30,1,5.054,130.55778502137295,79.8613206790341,308.4620654119691,480,153.46666666666667,0.0,GOOD,,236.75,3.1760824926314495,130.13333333333333,3.5394993368491483,56.15833333333333,3.241645244145153,0.5597661580560425,0.005644538523979815,0.30758800234671946,0.0017922539142226713,0.1326458372321372,0.004625508862993721,12.175,0.3799671038392666,194.5875,2.750880540845058,236.75,3.1760824926314495,166.31875,3.1045099083161793,163.6,0.6970174555442161,184.03333333333333,0.46427960923947065,212.06134676247535,2.8448757373438,242.9207330913864,6.280726042152585,104.92635381309749,6.056697121063407,0.37887912639559324,0.005198020961880009,0.4338719068976273,0.0020809849295358646,0.18724896491950493,0.005905628389276174,36.71875,0.8127002958245637,145.2375,3.6892086436885987,242.44375,6.359455108013055,232.51458333333332,4.94382989119322,98.7,1.6206994374857624,189.92291666666668,0.878146623893502,107.04333333333334,107.07888888888888,223.28444444444443,white_reference_patch,1,,,
A_pH_test_dataset/red/2.jpg,A_pH_test_dataset,red,2.jpg,bdd4e2d604d96ba1dee007e56ec38b0c,563,1001,dataset_annotation,201,397,16,30,1,5.332,139.65701616323287,79.33996054154878,329.55295054877865,480,154.48958333333334,0.0,GOOD,,236.15416666666667,3.2865228797148043,133.06041666666667,3.630670253969032,50.80833333333333,3.501894328629705,0.5623823209922775,0.006228944566335465,0.31677388564153125,0.0022171299213009153,0.12084379098400563,0.005582925641416034,13.285416666666666,0.45161265821005897,200.23333333333332,3.1224545188396617,236.15416666666667,3.2865228797148043,167.54375,3.143472486094531,161.74791666666667,0.8926761225227334,186.50833333333333,0.686122357082823,205.66441686624572,2.8622015063921697,236.62139607571217,6.380683792370075,91.65172387875403,6.316968713665298,0.38534595906426755,0.005974510204088056,0.44318667663021777,0.002900747099790482,0.17146736243115387,0.007218832954703407,36.385416666666664,0.8032459106995539,156.68958333333333,4.632032472510193,236.125,6.394089067255789,226.7375,5.056127676723891,98.15625,1.6963694381924397,192.92916666666667,1.1898806546129836,110.87261904761905,112.45595238095238,229.65,white_reference_patch,1,,,
A_pH_test_dataset/red/3.jpg,A_pH_test_dataset,red,3.jpg,257e9070b10d7724fc4e18c7df6c2c6b,563,1001,dataset_annotation,200,398,16,30,1,5.654,139.00133791608036,79.59553203543076,292.45829336217037,480,157.63125,0.0,GOOD,,234.94375,2.4526691455432794,138.8125,2.847193428038683,51.31458333333333,2.7062804719865152,0.5527995183762933,0.004778413151507982,0.3265527016094032,0.0015768524536783344,0.12064777766096713,0.0042906624254423955,14.197916666666666,0.3984289895605266,199.3375,2.43469924562905,234.94375,2.4526691455432794,170.32708333333332,2.336150642914298,158.14791666666667,0.6266609873412862,187.24791666666667,0.431803187870997,205.47144028423068,2.144996246443967,222.4113759262968,4.561896139457135,86.72123932752399,4.573592558942091,0.39937740049035475,0.004722364802483346,0.43221038921783855,0.0019433610034683573,0.16841220834768078,0.00548731320619539,33.75833333333333,0.625777294428475,156.08333333333334,3.4085268893695937,221.88541666666666,4.552631545936432,216.675,3.6105458959368826,104.55,1.1996527275285405,190.6125,0.8290619699395215,118.34375,124.825,228.6875,white_reference_patch,1,,,
A_pH_test_dataset/red/4.jpg,A_pH_test_dataset,red,4.jpg,fd333f345466cd7b060cc9b89c436f08,563,1001,dataset_annotation,204,401,16,30,1,5.962,138.95414354739398,79.22443491354386,332.2399953189253,480,153.59166666666667,0.0,GOOD,,228.04375,3.5349685435894145,135.35625,3.5420336819638893,50.9875,3.460468718251908,0.5504282388093159,0.005138434865858092,0.3266370419076357,0.0032408060580488415,0.12293471686846758,0.005956410214890957,14.383333333333333,0.486198404860494,198.0125,3.238416858590012,228.04375,3.5349685435894145,166.1875,3.1348594466100073,157.19375,0.8353906895379352,185.69791666666666,1.1003767505066415,196.6010708882371,3.047566974433247,225.37463577077838,5.897655638069468,86.28686382678667,5.8561999130896245,0.3869363035809827,0.004965791335454562,0.4434541949299685,0.0046269630313981285,0.16960949952010831,0.007727579935176546,36.172916666666666,0.7139209758245112,157.74791666666667,5.333951380204819,224.92916666666667,5.894487478898305,217.15208333333334,4.739439558258855,99.475,1.5927570436196474,190.86875,1.8227333241133583,118.18137254901961,120.11666666666666,231.98627450980393,white_reference_patch,1,,,
A_pH_test_dataset/red/5.jpg,A_pH_test_dataset,red,5.jpg,cd3475919daf0de505c3f8c118bc173e,563,1001,dataset_annotation,203,396,16,30,1,6.322,138.99103383295213,79.30804328242264,314.9159210219442,480,151.0125,0.0,GOOD,,214.925,3.213026869894908,137.74791666666667,3.4473715581181885,50.229166666666664,3.1207610138483135,0.5335388586197394,0.004823643347390657,0.34187915528348006,0.0027408244449079523,0.12458198361353452,0.005557201935442707,15.902083333333334,0.3488012706239599,195.43333333333334,3.152996810795864,214.925,3.213026869894908,163.26458333333332,3.046650454688814,150.38958333333332,0.7247814565248081,184.11041666666668,1.0115457608970981,184.47343245683837,2.7577903699688964,227.3067931793179,5.688731944089421,84.40990092077163,5.244425608819768,0.371885639013866,0.004563290377872442,0.4581250887156766,0.003991832008917723,0.16998927025380203,0.007107964208189907,39.00208333333333,0.6406343156504255,160.63541666666666,4.734887783927819,226.86875,5.66692363081593,216.54375,4.565514129956596,93.70833333333333,1.4384356858136629,191.08125,1.690556645260174,119.0125,121.2,233.01458333333332,white_reference_patch,1,,,
A_pH_test_dataset/red/6.jpg,A_pH_test_dataset,red,6.jpg,ef87327920bd3780061038b283faa4fd,563,1001,dataset_annotation,205,398,16,30,1,6.54,139.3274114872694,79.2704797411085,332.2709075122369,480,150.225,0.0,GOOD,,206.33333333333334,2.8848262031225067,140.21666666666667,3.078645084376495,53.81041666666667,2.8945883114970865,0.5154540100544401,0.0040537643695099405,0.35022791662171904,0.0018994083487206782,0.13431807082493125,0.004547551627317893,16.925,0.26339134382131846,188.46041666666667,2.7428877409989316,206.33333333333334,2.8848262031225067,162.24375,2.8542662695515983,145.61666666666667,0.7092640943651072,182.01666666666668,0.42784992176644787,179.930418668871,2.5156768328663768,227.10983634216296,4.986501233341377,90.76979845724027,4.882719999713944,0.36153388755264454,0.0038079203917166606,0.45624946071532707,0.0028417016267658613,0.18221664972205773,0.005725666878814905,40.420833333333334,0.6072335949936308,153.40208333333334,3.8066274215358784,226.5625,4.944720458900247,215.66666666666666,4.04471534501777,92.68958333333333,1.1372004336918313,188.00416666666666,1.0206122209515012,118.56458333333333,123.47916666666667,229.34791666666666,white_reference_patch,1,,,
A_pH_test_dataset/red/7.jpg,A_pH_test_dataset,red,7.jpg,e89cabad98e3ae2fb1b5aa0bec824f1b,563,1001,dataset_annotation,203,395,16,30,1,6.835,139.3183353059019,79.096006725979,301.2035091679628,480,142.78333333333333,0.0,GOOD,,184.72708333333333,2.866926314549356,138.74791666666667,3.0271335164456965,53.645833333333336,2.777060671325389,0.4899159216363419,0.0036649615683070863,0.36792338583528555,0.0014484421606114398,0.14216068987533617,0.004260736352123825,19.28125,0.4496092053105675,181.2625,2.7939387520130072,184.72708333333333,2.866926314549356,154.80833333333334,2.8564133493285286,137.01666666666668,0.4229525846816507,178.22708333333333,0.5705405270929976,159.32019768995315,2.472616678369389,201.20686836231286,4.389832075258554,84.7373963406608,4.38656417742591,0.3578950119062844,0.003489098356816404,0.45191983497152377,0.002314149839870638,0.19018515087494142,0.005285401926579806,40.88333333333333,0.5030462757595523,147.98958333333334,3.528735584651943,200.77291666666667,4.38611633373484,193.52916666666667,3.68939687558218,96.13541666666667,0.8064814482608319,180.60416666666666,0.7053244919105595,126.61666666666666,137.9156862745098,231.89411764705883,white_reference_patch,1,,,
A_pH_test_dataset/red/8.jpg,A_pH_test_dataset,red,8.jpg,cc32457ee20879105276854b617325e5,563,1001,dataset_annotation,200,397,16,30,1,7.12,139.1326080668887,79.0388337062173,213.5546984132332,480,126.67291666666667,0.0,GOOD,,155.375,3.014029694611518,125.525,3.1799174517587714,55.989583333333336,2.9014895300613364,0.46129320214574876,0.003551871845602614,0.3726155378083561,0.0018953824688684913,0.16609125707548303,0.004417669629267655,21.002083333333335,0.18818163138013466,163.13541666666666,3.232709749790242,155.375,3.014029694611518,138.1875,3.077175720797671,131.32083333333333,0.5255783851043428,169.33333333333334,0.7701010034765282,134.71212463310002,2.613202534953318,217.22608789703284,5.502975725003459,98.75068895829506,5.117453516183875,0.2989852659958242,0.003016276222959605,0.48204024210324165,0.002971583838370026,0.21897448968027575,0.005345052311189007,50.922916666666666,0.7474232355603855,139.29166666666666,3.5499902190788575,216.73958333333334,5.487570788584163,202.28958333333333,4.59545697688368,81.725,1.0894379284750462,177.95208333333332,0.9594897913590442,113.39583333333333,115.57083333333334,230.67708333333334,white_reference_patch,1,,,
A_pH_test_dataset/red/9.jpg,A_pH_test_dataset,red,9.jpg,0dded5d48d044461393c29dedb3b8041,563,1001,dataset_annotation,202,394,16,30,1,7.732,138.89391780510786,78.97338223633803,285.557917485878,480,103.4875,0.0,GOOD,,99.90625,4.441466830245011,112.00833333333334,4.366531486457212,69.51041666666667,4.2773502108652375,0.3550363878648337,0.0022438494205135073,0.39813877287730864,0.003531999639129297,0.24682483569703867,0.0039760513121416576,38.56458333333333,0.5515091353630408,96.90416666666667,3.800107363249389,112.00833333333334,4.366531486457212,115.44375,4.471316279445387,115.48125,0.5624189756459739,150.11666666666667,0.4642796092394706,85.61252544006855,3.8060200637654935,173.74892950054132,6.773426126648442,113.3206534660191,6.973229973899786,0.22975147321167805,0.001749691960063999,0.46638416729893906,0.004213884389305332,0.3038643568003278,0.00466691491453226,69.44791666666667,0.938413906398569,129.775,1.5081031131855671,173.23541666666668,6.8020214392283584,163.93958333333333,6.040013782521987,87.75208333333333,0.9303873707882229,151.09166666666667,0.8659853090876055,122.67916666666666,128.93125,233.39166666666668,white_reference_patch,1,,,
A_pH_test_dataset/red/10.jpg,A_pH_test_dataset,red,10.jpg,3260d96cf2439fcb036c78d06cc95c1a,563,1001,dataset_annotation,207,394,16,30,1,8.001,137.8771104561513,79.39086523866536,280.72361807779464,480,84.11041666666667,0.0,GOOD,,78.19791666666667,4.176371510420925,90.03958333333334,4.131244747012965,69.43125,3.960674198184782,0.32899420893266135,0.004149054126035728,0.37894910114843133,0.004115102927598386,0.29205668570068016,0.003991252775955068,47.30416666666667,2.230280095762762,58.416666666666664,4.137397195768803,90.03958333333334,4.131244747012965,93.69166666666666,4.437145917015677,119.07083333333334,0.81341828449793,138.38541666666666,0.7270057265172599,67.6568400371315,3.6133967663185644,155.24902562997292,7.123219564869601,122.29194187582564,6.97608841600138,0.19598345257063124,0.0029707873736439217,0.44985359787761825,0.004430264428263656,0.3541629466475614,0.004448887471637993,78.71458333333334,0.8537880258328501,144.3,2.3286262044390034,154.775,7.0883854532138235,148.025,6.403726128851337,93.55625,1.278411489896739,137.41875,1.3251031799448676,113.55,115.99375,231.16041666666666,white_reference_patch,1,,,
A_pH_test_dataset/red/11.jpg,A_pH_test_dataset,red,11.jpg,024432dd5b21645badbeeb01b60cd545,563,1001,dataset_annotation,203,396,16,30,1,8.506,138.81464716455835,79.16209372554545,266.1850150910945,480,77.40625,0.0,GOOD,,61.03958333333333,5.098252951720052,81.96666666666667,4.871145199596862,96.47083333333333,4.619161104091906,0.25455980384497784,0.006729086521372582,0.3423002777131158,0.003294011174803019,0.40313991425151013,0.0060106218553770095,102.37291666666667,0.8829966929282477,93.975,6.526819669640031,96.47083333333333,4.619161104091906,86.04375,5.20538208051692,124.03541666666666,0.8925594245700893,116.97291666666666,0.7700756411259582,52.611826393004,4.394335356759189,135.39350975601363,8.04621527171098,163.47236686494978,7.827290099250225,0.14948484815950014,0.004524098285536268,0.38517060131808134,0.0033481011504726595,0.46534454766832023,0.005453304739733691,97.58333333333333,0.699205898780101,173.58958333333334,3.387522422025015,162.95,7.873849122252724,134.18333333333334,7.433015688280377,112.38125,1.5297271338924034,105.68958333333333,1.0375732069219128,118.02708333333334,121.07916666666667,232.0375,white_reference_patch,1,,,
A_pH_test_dataset/red/12.jpg,A_pH_test_dataset,red,12.jpg,3fd6218d6f0f2f7d51653475f9cce553,563,1001,dataset_annotation,202,392,16,30,1,5.0,139.44415442461624,78.55895650354095,314.66667500910427,480,151.10833333333332,0.0,GOOD,,236.04583333333332,3.6081480899332394,127.3125,4.359645675587257,51.266666666666666,3.6639762857068576,0.5694888007747916,0.007297704540981738,0.3070053140462842,0.0034063500028445183,0.12350588276532877,0.005719529574166482,12.3375,0.5150343839654462,199.66041666666666,3.1981921705429492,236.04583333333332,3.6081480899332394,164.49375,3.5431804362982517,164.60833333333332,1.095793725519949,185.30833333333334,0.6957709552878895,206.98209718670077,3.163885793145702,231.66375862461143,7.913229415439883,95.63375629092747,6.83484684973395,0.387627115105653,0.007104828897755168,0.4335898761179697,0.0037732694561704444,0.1787830069027256,0.007417604120534365,35.39791666666667,1.128234162924031,150.15416666666667,4.80030200149486,231.18333333333334,7.927781670948199,223.5875,6.1658206063751155,101.31666666666666,2.3628490335938848,189.95625,1.382992867238777,107.21458333333334,109.90833333333333,228.08333333333334,white_reference_patch,1,,,
A_pH_test_dataset/red/13.jpg,A_pH_test_dataset,red,13.jpg,6fe8e3024ffef8bcc286340fac409c23,563,1001,dataset_annotation,202,392,16,30,1,5.0,130.23326584605448,79.16861221530434,294.8986356103305,480,150.62708333333333,0.0,GOOD,,234.74375,3.2104910222840783,126.55208333333333,3.0614191686844987,54.16875,3.1196057610163934,0.5651278974888237,0.005171975391562971,0.30459305264675757,0.0011568756100358087,0.13027904745626134,0.004660919295870528,12.0,0.0,196.25208333333333,2.6150597175569223,234.74375,3.2104910222840783,163.64375,2.9226419447992598,164.5,0.6089608635481704,183.65,0.4941322360124531,208.25424402325086,2.8482052484430525,216.16283828265392,5.229191327753175,96.8668504582371,5.578611002488148,0.39963327191529824,0.005133431031732668,0.4146952199322922,0.0015242348859510855,0.18567150623276654,0.005984019871220113,32.11875,0.6711793879681744,141.18125,3.972098325087972,215.67291666666668,5.2673617519958595,213.15208333333334,4.342593770976307,109.28541666666666,1.1953886368271849,184.88541666666666,0.7835521635829715,111.84166666666667,117.08958333333334,225.43958333333333,white_reference_patch,1,,,
A_pH_test_dataset/red/14.jpg,A_pH_test_dataset,red,14.jpg,ebe006b6f25952a5d447958fef215815,563,1001,dataset_annotation,201,389,16,30,1,5.286,135.9625756126644,78.40515415357093,213.0174795059312,480,155.89583333333334,0.0,GOOD,,235.45,2.3473389188611002,135.68333333333334,2.6590516270948097,51.608333333333334,2.4809132503083524,0.5570280806480047,0.004223858737009621,0.3209507066153581,0.0018685118472368525,0.12202121037044616,0.003974961777865466,13.747916666666667,0.4389806294764674,199.15208333333334,2.231356984674473,235.45,2.3473389188611002,168.85208333333333,2.2557786519046785,160.12708333333333,0.6475079096470988,186.63125,0.5356679047382498,205.96672194784134,2.053402855886221,212.4235555048191,4.162966718327141,87.49492273730685,4.206051603171776,0.4072220412074992,0.004237977297967413,0.41991267191394,0.0023907756731739566,0.17286528490106198,0.005184137891540328,31.552083333333332,0.640146332012368,150.42083333333332,3.5352368103927008,211.94166666666666,4.194333147897954,209.90416666666667,3.3496242533885634,109.54166666666667,1.1116491752746858,187.47708333333333,0.9527896723423394,117.96875,127.74791666666667,228.62916666666666,white_reference_patch,1,,,
A_pH_test_dataset/red/15.jpg,A_pH_test_dataset,red,15.jpg,f505a4f9eb9b4fde94045f8e097cf2ba,563,1001,dataset_annotation,203,384,16,30,1,5.286,139.34173641633677,78.25135582200906,290.7603063662731,480,157.37083333333334,0.0,GOOD,,235.33541666666667,3.1214973425781127,137.87916666666666,3.716234560083036,53.52916666666667,3.018550861846716,0.5515847018068563,0.005938492473890729,0.32306943093954804,0.0027643918739457454,0.12534586490913682,0.004432356424919801,13.98125,0.33798190903261865,197.08333333333334,2.6468010041473757,235.33541666666667,3.1214973425781127,170.06458333333333,2.9982626624523,159.01666666666668,1.1971029845237025,186.35625,0.5043172984342298,205.1505107832009,2.7211236766174745,219.91393776271414,5.927304287626834,92.09318996415772,5.193205783822308,0.3968271738555393,0.005833113030413203,0.42523159813934747,0.0027979861340841866,0.17794122607019683,0.005651883148345403,33.43125,1.0038791946743393,148.61458333333334,3.5892483883196986,219.42291666666668,5.929296599068242,215.08125,4.65336599722896,105.87291666666667,1.7942314491323452,187.67083333333332,0.8684177022352525,116.25,125.39375,229.42708333333334,white_reference_patch,1,,,
A_pH_test_dataset/red/16.jpg,A_pH_test_dataset,red,16.jpg,689ddbf58cca88db16b20b0d0108921d,563,1001,dataset_annotation,204,392,16,30,1,5.615,139.3894844054702,78.13794039837,297.4821570316083,480,160.73333333333332,0.0,GOOD,,234.27083333333334,2.716765719053121,143.57708333333332,2.8900504308844774,55.610416666666666,2.7884239562380437,0.540544635766022,0.0042779345904236194,0.33123168607128634,0.0017315622864054886,0.12822367585485406,0.004171813471904803,14.941666666666666,0.2343726851737539,194.53333333333333,2.4475611443956935,234.27083333333334,2.716765719053121,172.88541666666666,2.5235135544954423,155.58541666666667,0.6398208028207759,186.50416666666666,0.5082479436478048,202.7642291082521,2.351393465646381,222.79442666408042,4.484609338973106,92.97943117891913,4.662185411966005,0.39111688833489117,0.004207623645652167,0.4296767680478885,0.0023257078497140706,0.17920634168783336,0.0053570077311061465,34.61875,0.5972702661553925,149.14166666666668,3.616042572881145,222.34375,4.549331738929722,216.60625,3.6800648912983407,103.57916666666667,1.1245292224847792,188.01666666666668,0.9485368850088131,119.61875,128.8875,231.07708333333332,white_reference_patch,1,,,
A_pH_test_dataset/red/17.jpg,A_pH_test_dataset,red,17.jpg,bbd23e61d2c01a380dc3cc716305f806,563,1001,dataset_annotation,203,390,16,30,1,5.615,139.85904681464183,78.22568476455743,293.65914657812755,480,158.27916666666667,0.0,GOOD,,233.04166666666666,2.7398170052436392,139.975,2.7086666461563706,55.708333333333336,2.8310652686851916,0.5436333381363976,0.003912287817865071,0.32649464014773294,0.002788193530021222,0.1298720193826196,0.004527748246524719,14.239583333333334,0.42682919267808084,194.10208333333333,2.5157826468892117,233.04166666666666,2.7398170052436392,170.4125,2.4179558343085312,157.03541666666666,0.8972155035008157,185.64583333333334,0.670496810001526,202.04464995303806,2.375392244991237,211.78584374852247,4.098283629860384,91.67109480793293,4.658671999756222,0.39976571215425266,0.003897294924900705,0.41898672023683015,0.0037404452006790214,0.18124756562986352,0.005924378704068871,32.38333333333333,0.6574360974438673,144.9125,4.513942521048904,211.19791666666666,4.065146039982929,208.85,3.237540218540407,108.63541666666667,1.2708247950532845,184.98125,1.3360632859886041,121.53958333333334,132.18541666666667,230.68333333333334,white_reference_patch,1,,,
A_pH_test_dataset/red/18.jpg,A_pH_test_dataset,red,18.jpg,4757b29f3ec0726554b90fd02246af85,563,1001,dataset_annotation,205,389,16,30,1,5.919,139.08715973191994,78.14560266782937,311.3472355918448,480,153.21875,0.0,GOOD,,228.28958333333333,2.9688479516004556,134.42083333333332,3.0946835011390457,53.56458333333333,2.9685847907247354,0.5485029993929404,0.0047676908262927215,0.3229073577950609,0.0025572603065298107,0.1285896404087049,0.004615690822229519,13.9,0.3,195.19166666666666,2.603029751825532,228.28958333333333,2.9688479516004556,165.79166666666666,2.6845106113074353,157.86041666666668,0.808352126070206,184.33541666666667,0.6241626334983179,197.44319717472388,2.5676985473039493,210.18992083916996,4.839065969139471,89.06401551891369,4.9359869043504,0.3976183558223701,0.004699633930523935,0.4231944281648817,0.003258221863038431,0.17918721399831394,0.005940605653752854,33.21875,0.7416637406309322,147.34583333333333,4.253085073083877,209.69166666666666,4.86363347257537,206.76666666666668,3.9109532796436666,107.35208333333334,1.4005191869644469,185.25416666666666,1.1555947843234478,120.28333333333333,127.90416666666667,231.24583333333334,white_reference_patch,1,,,
A_pH_test_dataset/red/19.jpg,A_pH_test_dataset,red,19.jpg,f4584d80853b7727cb105b368bbfaf82,563,1001,dataset_annotation,202,392,16,30,1,5.919,139.72320752072085,78.34105961620998,298.37714397523945,480,154.75416666666666,0.0,GOOD,,228.9375,2.828473159969291,136.6625,2.9180919136769266,51.06666666666667,2.9636220331809446,0.5495430364143151,0.0046937279826193236,0.3279871603434479,0.001481588469629865,0.12246980084123286,0.004704717480667741,14.375,0.4841229182759271,198.15833333333333,2.6559550489837402,228.9375,2.828473159969291,167.19583333333333,2.492318058666581,156.92708333333334,0.5635599581134991,186.23333333333332,0.4913134324327892,199.61308956159235,2.4661764289533683,220.2938460246831,4.703833829451511,88.04597701149426,5.109693160656802,0.3930827198416123,0.004640403839308603,0.4337177610317106,0.0022891819248081952,0.17319951715689072,0.006112143162826066,34.708333333333336,0.5794513688730822,153.52083333333334,4.140700339985441,219.87708333333333,4.680577759179119,214.17291666666668,3.8107982313056437,103.16041666666666,1.1371088307877815,188.95208333333332,0.9529536503535847,116.0,124.07291666666667,229.38125,white_reference_patch,1,,,
A_pH_test_dataset/red/20.jpg,A_pH_test_dataset,red,20.jpg,571c94e66858015690dc39a19556ed21,563,1001,dataset_annotation,201,391,16,30,1,6.287,139.4117676284639,78.1251485775908,299.75034062623905,480,152.00833333333333,0.0,GOOD,,214.91458333333333,2.9859036588145673,138.85625,3.1301894411520848,55.21666666666667,2.910994484517085,0.525571253823189,0.0042751844588626185,0.3395094543984337,0.001351348853701334,0.13491928933215197,0.004242629891429223,15.764583333333333,0.4242589536146788,189.5125,2.5568229797934783,214.91458333333333,2.9859036588145673,164.01666666666668,2.88020061029706,150.06458333333333,0.549617133153212,182.68333333333334,0.47842333648024415,189.9167863323392,2.6385981741429956,227.65652218465007,5.131983918273739,96.28889575121251,5.0763014389137355,0.3696864455147489,0.0040818384807790615,0.4430574071083823,0.0020292737821197204,0.18725614542963645,0.005369114256447309,38.62916666666667,0.6324418067212895,147.57291666666666,3.463334110322338,227.11875,5.164427858356303,217.84583333333333,4.197368140341702,96.60833333333333,1.1294971840995836,186.73958333333334,0.7394366051633877,114.68958333333333,121.9875,226.325,white_reference_patch,1,,,
A_pH_test_dataset/red/21.jpg,A_pH_test_dataset,red,21.jpg,466f9fdfa2dc72b8ede61812f26682e8,563,1001,dataset_annotation,206,389,16,30,1,6.287,139.24599556748757,78.05038316952708,283.66045505406254,480,151.91458333333333,0.0,GOOD,,214.59583333333333,3.0378143413023486,139.18125,3.1395432423894616,53.46041666666667,3.004596449839627,0.5270412051496672,0.0044541847913221085,0.34177101991759606,0.0027033769699025137,0.13118777247604613,0.004859090424144584,15.839583333333334,0.38903705014932566,191.53125,2.8829712862774057,214.59583333333333,3.0378143413023486,164.05208333333334,2.771769108900587,149.69583333333333,0.8558519959016798,183.1875,0.6787319672251583,186.02038881414396,2.6333009179934925,222.16051743345028,5.011325528646533,90.3127034684217,5.075778400841223,0.3732604087784278,0.0042619744554937555,0.4456950351104879,0.003667365361334909,0.18104455410387374,0.006246314971208881,38.27708333333333,0.6648118729301462,151.80625,4.221221498275114,221.7,5.0342162581014875,213.18125,4.099601416093196,97.13125,1.3804673499096842,187.27708333333334,1.2862639023112206,118.38958333333333,125.29791666666667,230.72291666666666,white_reference_patch,1,,,
A_pH_test_dataset/red/22.jpg,A_pH_test_dataset,red,22.jpg,05f79f600ff38ba2999e73275d1c3594,563,1001,dataset_annotation,202,393,16,30,1,6.502,139.26848462372442,78.02806662061063,300.45500078876745,480,150.53333333333333,0.0,GOOD,,205.11666666666667,2.743730226453679,141.27083333333334,2.744992283939773,54.9875,2.763574451683906,0.5111039397070162,0.003735879628017122,0.35197571021644564,0.001948478306459294,0.13692034758411709,0.004320778243830214,17.220833333333335,0.4148083560178389,186.67916666666667,2.6819581103282646,205.11666666666667,2.743730226453679,162.5,2.548692475237712,144.59375,0.7008644216251814,181.72083333333333,0.44858961076789206,178.81908498156523,2.3919622744651465,207.92959646755799,4.040219233077055,88.68802607483073,4.457303260389693,0.3761913654301184,0.003634872337463983,0.43737768403854455,0.0027805414791059278,0.18643094842697833,0.00547411076375464,37.31875,0.6328362907050553,146.85208333333333,3.6845674544495575,207.52708333333334,3.9790199580284704,201.77083333333334,3.3118447989334014,100.89791666666666,0.9574248411175097,182.98125,1.0070907460767047,124.00208333333333,135.88333333333333,229.4125,white_reference_patch,1,,,
A_pH_test_dataset/red/23.jpg,A_pH_test_dataset,red,23.jpg,b64bb567965b9254b037d14c50517789,563,1001,dataset_annotation,204,391,16,30,1,6.502,139.6132748246425,78.09021723193223,288.6111696197224,480,150.7875,0.0,GOOD,,204.00416666666666,3.3316636443207903,141.94791666666666,3.430773089706685,55.795833333333334,3.4580798099844694,0.5078961587293714,0.004649955734706011,0.35333644457985053,0.002469958908076981,0.13876739420017126,0.005542782200090266,17.45625,0.49808225977241954,185.29791666666668,3.3461414086061705,204.00416666666666,3.3316636443207903,162.70416666666668,3.1131413886226813,143.75833333333333,0.7359328924720122,181.38125,0.7089182633891348,177.49621613783225,2.898753000850084,236.94104273890673,5.72411269185276,96.9221025965801,6.0069784087308244,0.34721671710883056,0.004285127330231973,0.46340901192855005,0.0037828990010757776,0.1893742690055805,0.00701906748988094,42.78333333333333,0.6761820925033598,151.1125,4.580284971119883,236.57291666666666,5.726300419385588,222.64375,4.631432744932536,87.6875,1.3362922896332723,188.38333333333333,1.4255603186895396,115.13541666666667,119.81666666666666,229.86875,white_reference_patch,1,,,
A_pH_test_dataset/red/24.jpg,A_pH_test_dataset,red,24.jpg,52789dc586f7fa411a244ae6f8aef1b5,563,1001,dataset_annotation,205,393,16,30,1,6.8,139.59923912677021,78.11900827264532,296.5617405441812,480,141.55625,0.0,GOOD,,182.54166666666666,3.5593675312086313,137.44791666666666,3.440778108663149,56.11666666666667,3.5920823425355324,0.48545595521813734,0.004385914729961726,0.3654826897208929,0.0027234777200497826,0.1490613524001493,0.005639961240034996,19.110416666666666,0.3327534017690712,176.7625,3.5814699612496175,182.54166666666666,3.5593675312086313,153.52708333333334,3.3768969720324935,136.93541666666667,0.7945096976892241,176.60208333333333,0.6308029219882298,158.80380607159037,3.096504603498221,210.14827437927028,5.260709653468962,92.2876623154144,5.907422908887708,0.3444123049427918,0.00408706107333932,0.4556969131383776,0.003980675734878531,0.1998907797487996,0.007047972657391685,43.11875,0.7334724063203286,143.375,4.809387521642785,209.60625,5.352293365542788,200.18125,4.574665572931716,92.56875,1.2091071516481353,180.1875,1.2137450652148223,121.6125,130.81041666666667,229.89583333333334,white_reference_patch,1,,,
A_pH_test_dataset/red/25.jpg,A_pH_test_dataset,red,25.jpg,b53b9d0f5c707783c9fbe6baafdc5dea,563,1001,dataset_annotation,205,389,16,30,1,6.8,139.47903783605383,78.02226304218387,290.5374795188565,480,143.08333333333334,0.0,GOOD,,182.83125,2.978859978386587,139.70625,2.9124664697640723,55.17916666666667,2.8005176852781264,0.48411394784931266,0.003930007770561689,0.3698871664577685,0.0021148809175662495,0.14599888304413433,0.004328440935328204,19.795833333333334,0.4030913530316532,178.01458333333332,2.7435142900524907,182.83125,2.978859978386587,155.08125,2.8430585239901998,135.62916666666666,0.8563387018126778,177.45625,0.5022475526736458,159.07014681892332,2.5917215690149726,215.48521850899746,4.492236200150239,91.28696491349004,4.633102946624045,0.34154242520447026,0.0036212350772473647,0.4626163670054157,0.002892592565391082,0.1958412056422009,0.0053652844593155054,43.65625,0.6681461448166361,147.4375,3.3788943581197284,214.95416666666668,4.566862450182716,204.11041666666668,3.7934010456390657,90.17916666666666,1.057307573771963,182.42083333333332,0.7759291025745988,120.89166666666667,129.66666666666666,229.875,white_reference_patch,1,,,
A_pH_test_dataset/red/26.jpg,A_pH_test_dataset,red,26.jpg,fbeb57b61ecc748dc3b5c05713867e31,563,1001,dataset_annotation,203,392,16,30,1,7.099,139.32391587098513,77.95844620851841,260.53765220540527,480,125.16458333333334,0.0,GOOD,,150.59791666666666,3.087406515678743,125.09791666666666,3.2107884275344105,58.327083333333334,3.098940651210058,0.45095358497164556,0.0042350612692141605,0.37454743884510966,0.0030521468867052955,0.1744989731872136,0.00460693126341498,21.752083333333335,0.5505639469872889,156.28125,3.4123034894579156,150.59791666666666,3.087406515678743,136.4,3.1335549567012007,129.39166666666668,1.0491729547071298,167.3625,0.5644410952437819,131.9141947316076,2.704371702739669,196.11346081617322,5.03348774504472,98.04587637891788,5.2092155929988735,0.30969643776026357,0.0037153591231063937,0.4603456850222166,0.003785471306285963,0.22995787486846087,0.0055842338758910195,49.6,0.8958236433584459,127.86875,3.930842586202098,195.57916666666668,5.061083478092633,186.05416666666667,4.272146139692425,89.93125,1.1978550708801685,170.52708333333334,0.9283137901892633,118.97916666666667,127.57708333333333,228.32708333333332,white_reference_patch,1,,,
A_pH_test_dataset/red/27.jpg,A_pH_test_dataset,red,27.jpg,9ee577de4e5cf86d64554d2e9968cb8f,563,1001,dataset_annotation,203,391,16,30,1,7.099,139.1871041924328,78.05162058055042,286.88639614543456,480,126.51666666666667,0.0,GOOD,,153.89791666666667,3.3416556265403665,125.79166666666667,3.6277767143098663,59.764583333333334,3.3436500504272604,0.4534837905051811,0.004291958798289636,0.3705884325293622,0.002455547773112264,0.17592777401693543,0.004757870657091685,20.885416666666668,0.4802297988694811,156.1125,3.4987869921826715,153.89791666666667,3.3416556265403665,138.0,3.477906458393229,130.725,0.8461924524992329,167.49791666666667,0.5737267000836626,134.08905265832897,2.91153673147951,208.01322906259693,5.9990106551443,103.09237597254418,5.767710722530989,0.30130152524058645,0.003697592093016566,0.46730254946263783,0.003311613106189799,0.23139592304821294,0.00570267506969933,51.114583333333336,0.8811662686777993,129.0,3.938062129186554,207.58333333333334,5.972971529221355,195.50625,5.027420903157005,85.93958333333333,1.2855348405970524,172.67916666666667,0.98804485671901,115.94375,120.94583333333334,229.54583333333332,white_reference_patch,1,,,
A_pH_test_dataset/red/28.jpg,A_pH_test_dataset,red,28.jpg,b71f1c5f95b2d4abf1c81df47576f742,563,1001,dataset_annotation,206,389,16,30,1,7.702,139.4985760243309,78.12631563453148,280.20055997428057,480,102.25625,0.0,GOOD,,96.55833333333334,4.370442070190255,111.075,3.961086761651824,71.84375,3.9516033797476857,0.3454818103893558,0.0034683098078124386,0.3975714155783715,0.003749895895694155,0.2569467704476481,0.0037598499631601857,41.28333333333333,1.3113817987993515,90.16666666666667,3.5621466686380123,111.075,3.961086761651824,114.26458333333333,4.043873431054549,115.17291666666667,0.6465419499580485,148.19375,0.46766541191326094,83.44976593446164,3.7771195421161736,173.30646209855678,6.180346006998035,120.17144947990172,6.609759455957658,0.22139094030397952,0.002657854580665526,0.45994063699048787,0.004131321187204567,0.3186684200476525,0.004328445823319498,72.32083333333334,0.8121366709010388,132.71458333333334,2.103517845512343,172.80208333333334,6.178625439884577,163.7375,5.580271237434013,88.67708333333333,0.794444140928458,147.26458333333332,1.0118031724215053,119.56875,128.18333333333334,231.41666666666666,white_reference_patch,1,,,
A_pH_test_dataset/red/29.jpg,A_pH_test_dataset,red,29.jpg,7aa0db45d77a40563cc4d75f610bcd6f,563,1001,dataset_annotation,202,388,16,30,1,7.702,139.21760654975574,78.02382234284939,278.72293862351137,480,101.10208333333334,0.0,GOOD,,97.69166666666666,4.579020698310454,108.88958333333333,4.685782555744795,69.89375,4.293304198108958,0.3533810133270858,0.0025376029224464763,0.39395948118527774,0.0035836858988540403,0.2526595018623211,0.004257904584791922,38.416666666666664,0.8019074482479606,91.41875,4.037024288280499,108.88958333333333,4.685782555744795,112.72708333333334,4.844508901122543,116.38333333333334,0.679256129077161,148.54166666666666,0.7233698147482303,85.18074477747503,3.992606603431459,166.2277772477181,7.1531839416006795,115.96211676056825,7.123106754319935,0.2318983393741248,0.002012452907885036,0.4526220859179671,0.004291267298281952,0.3154795719794006,0.004979921824995162,71.43541666666667,0.9420698804877599,124.72083333333333,1.6736883338569606,165.68125,7.181026976519445,157.98541666666668,6.416920652440874,91.60416666666667,1.1354071100515248,146.54375,1.270729162397191,120.54583333333333,131.0125,229.375,white_reference_patch,1,,,
A_pH_test_dataset/red/30.jpg,A_pH_test_dataset,red,30.jpg,1ee7b7e7866a722648c5de2cf94d1489,563,1001,dataset_annotation,203,386,16,30,1,7.977,139.2303824062261,78.11342895419004,205.07213189141035,480,86.70625,0.0,GOOD,,79.12708333333333,3.9673794658929324,93.28958333333334,3.951989983083066,72.94791666666667,4.014997383941309,0.3224636593605812,0.002611972809860123,0.38032334069583024,0.0038611689967077826,0.2972129958587388,0.0032671719268571433,50.9375,1.322974080118982,55.704166666666666,3.9216258497663383,93.28958333333334,3.951989983083066,96.71041666666666,4.230038395379986,118.33958333333334,0.6608831160315382,137.86875,0.5786681007566715,69.47256747240286,3.4833084453747585,164.7861926841834,6.98077276764507,132.11961135741913,7.27176207637705,0.18960621051734353,0.0018327358322136258,0.44989926366009786,0.0042619850942929105,0.3604945230869804,0.00388212305902418,79.66875,0.8143648470843192,148.10416666666666,1.8216245420564092,164.3,7.026260266552424,156.44791666666666,6.2710807675436255,91.82708333333333,1.1642665043088527,136.62708333333333,1.2765904432206212,110.42708333333333,113.225,227.79375,white_reference_patch,1,,,
A_pH_test_dataset/red/31.jpg,A_pH_test_dataset,red,31.jpg,ceefcac5ec07118da6996848463d7792,563,1001,dataset_annotation,206,388,16,30,1,7.977,138.95425178728908,77.98709707533588,281.7137839492392,480,85.30625,0.0,GOOD,,77.03333333333333,3.9320972634065003,92.09791666666666,3.8194671085186163,72.87708333333333,3.7001542526029305,0.31826445193578495,0.004468018455030434,0.3806565897498183,0.00445337364698145,0.30107895417361874,0.0030553644088903054,53.75625,2.368403668613102,53.270833333333336,3.586081794785067,92.09791666666666,3.8194671085186163,95.2875,4.0846065191970045,117.99166666666666,0.9682099749308285,137.24166666666667,0.5808877305947816,67.49847117131097,3.44539879416055,164.31996431624728,6.81464599520104,132.765295278579,6.7408305801176835,0.18511654508680053,0.0030990070660340137,0.4508051239721786,0.004430615622275282,0.3640783281925133,0.003453344678538543,80.18958333333333,0.7213238937691044,150.81041666666667,2.559194175202204,163.85416666666666,6.7850619726147094,155.90208333333334,6.06533832469843,91.7875,1.281539601416983,136.04791666666668,1.204071146730495,109.78333333333333,112.09583333333333,228.25208333333333,white_reference_patch,1,,,
A_pH_test_dataset/red/32.jpg,A_pH_test_dataset,red,32.jpg,552b43612e84f1f122904ca7e227b919,563,1001,dataset_annotation,206,393,16,30,1,8.441,138.82846638264044,78.00049294545991,292.3345396713153,480,77.24583333333334,0.0,GOOD,,61.4125,5.320229670794298,81.95,4.881683452799181,94.5875,4.6664415868339475,0.257731253961533,0.008248628336528136,0.34444345163367696,0.003415042806796461,0.397825290186658,0.007210451191923832,101.50833333333334,1.054718235148874,89.68333333333334,8.171325201921384,94.5875,4.6664415868339475,85.85833333333333,5.2472942763125285,123.56458333333333,0.870820873116599,118.10208333333334,0.9617669466779476,53.70132531766635,4.652202472070434,136.68062336037804,8.141934562253017,164.01271584423094,8.091510590565333,0.15131409588214564,0.005546406948571184,0.38564307058850567,0.003380853902445449,0.4630428306982825,0.006447080668402122,97.43125,0.6385714036033872,172.1625,4.163163110344505,163.48333333333332,8.109904780917933,135.35416666666666,7.493857438299421,111.91041666666666,1.5228454155698872,106.18958333333333,1.3429972051555266,115.34166666666667,119.91458333333334,228.71875,white_reference_patch,1,,,
A_pH_test_dataset/red/33.jpg,A_pH_test_dataset,red,33.jpg,9d3c10e80264ba54dae7c404df9aa702,563,1001,dataset_annotation,201,388,16,30,1,8.441,139.0950364023188,78.22243139491412,288.21643980609304,480,76.72916666666667,0.0,GOOD,,61.49375,4.801905275079188,81.74791666666667,4.786808678690729,91.82083333333334,4.77768067569285,0.26134226260686,0.0051208769640856125,0.3478218253144,0.0023213698961942475,0.39083590780902216,0.004666787572436904,99.99375,1.0418145728327413,84.44166666666666,5.2635473357380915,91.82083333333334,4.77768067569285,85.5125,5.14739517458426,122.95416666666667,0.5419710683135115,119.46666666666667,0.5312459150169743,54.31610326997038,4.241419376990615,136.37437875786327,7.985500871551628,160.25743582284923,8.338618007172453,0.1546006723183479,0.003477391201371359,0.3885877534316731,0.0024022816029716267,0.4568115713909794,0.0042860533908032,96.68333333333334,0.5120763831912406,169.23541666666668,2.823413240457176,159.8125,8.362506228198976,134.81041666666667,7.3843511220049365,111.03541666666666,1.2267826456720938,107.93958333333333,1.0599212988341267,114.59166666666667,119.8875,226.42916666666667,white_reference_patch,1,,,
A_pH_test_dataset/samsung_j5_test/1.jpg,A_pH_test_dataset,samsung_j5_test,1.jpg,3a599a1e9be13a200d0c119fa2dd3d73,750,1000,dataset_annotation,375,478,22,30,1,5.135,89.77749333333334,73.97648480508265,19.95143840903822,660,144.03636363636363,0.0,GOOD,,175.63787878787878,3.6780374028580476,139.9909090909091,2.8209028896698407,82.36666666666666,2.6392338955756753,0.4413263942184117,0.0031937073369804336,0.3517599020759022,0.0022130228862898694,0.20691370119188987,0.0026140514037352337,18.724242424242423,0.5042427884614069,135.51363636363635,2.285950923651764,175.63787878787878,3.6780374028580476,154.04242424242423,2.8880139241490808,134.24848484848485,0.956040195719321,163.8272727272727,0.4740366481630433,,,,,,,,,,,,,,,,,,,,,,,,,,,,none,0,SamsungJ5,,
A_pH_test_dataset/samsung_j5_test/2.jpg,A_pH_test_dataset,samsung_j5_test,2.jpg,95962008d366671772422b24dc64c374,750,1000,dataset_annotation,370,484,22,30,1,5.135,89.601204,73.87460628490946,19.499442064490665,660,142.20909090909092,0.0,GOOD,,174.0,4.2490640680678675,137.5818181818182,2.6533517448867694,82.63636363636364,2.092094525620731,0.4413595866379579,0.004049568231971574,0.3490122694578643,0.0016275315180536152,0.20962814136642163,0.0035043531978812743,18.01818181818182,0.3432946834272583,133.95909090909092,3.052543761517263,174.0,4.2490640680678675,152.19545454545454,2.870378067073027,135.0060606060606,0.8703671792007874,162.62272727272727,1.1787635348424976,,,,,,,,,,,,,,,,,,,,,,,,,,,,none,0,SamsungJ5,,
A_pH_test_dataset/samsung_j5_test/3.jpg,A_pH_test_dataset,samsung_j5_test,3.jpg,f01603bc54091af70ba867430142ded7,750,1000,dataset_annotation,368,480,22,30,1,5.135,88.51432133333333,74.37070464615807,18.980585976019555,660,143.7590909090909,0.0,GOOD,,175.28939393939393,3.1309127717337786,139.72424242424242,3.068365501422768,81.93484848484849,2.8873282409491567,0.4416401653252402,0.002424162974127576,0.3520023910924101,0.001280930304503375,0.20635744106184703,0.0030170089292782384,18.848484848484848,0.3585502898848252,135.85,2.450154602419524,175.28939393939393,3.1309127717337786,153.76818181818183,3.04947382897588,134.1469696969697,0.4205766953333053,163.90757575757576,0.494457341378008,,,,,,,,,,,,,,,,,,,,,,,,,,,,none,0,SamsungJ5,,
A_pH_test_dataset/samsung_j5_test/4.jpg,A_pH_test_dataset,samsung_j5_test,4.jpg,ae4ef0fff58bd352fabbfa8bba327a6b,750,1000,dataset_annotation,368,478,22,30,1,5.45,90.03597733333334,74.18336841658976,15.92426910583289,660,146.68636363636364,0.0,GOOD,,177.1651515151515,3.475236744682096,143.54848484848486,2.1537312530528254,82.93484848484849,2.1405884509725586,0.4389001584207328,0.0028301325899669516,0.3556454611010424,0.0017779344041296994,0.20545437800007071,0.0034764534598329165,19.11060606060606,0.31364368312349133,135.61515151515152,2.7131130740904874,177.1651515151515,3.475236744682096,156.82272727272726,2.2864088193619705,133.06363636363636,0.6219803084762663,164.89545454545456,1.0013523913040043,,,,,,,,,,,,,,,,,,,,,,,,,,,,none,0,SamsungJ5,,
A_pH_test_dataset/samsung_j5_test/5.jpg,A_pH_test_dataset,samsung_j5_test,5.jpg,c271dc61aeaf3323be2ba4d24030ed2f,750,1000,dataset_annotation,374,477,22,30,1,5.45,89.08788,74.55286517927351,21.11724838854933,660,147.02121212121213,0.0,GOOD,,174.6757575757576,3.4361298087299623,145.1060606060606,2.9722391716173515,83.52575757575758,2.346035379493785,0.43312221481069096,0.001926605956727424,0.35979527848337217,0.0013280596760081077,0.20708250422535662,0.00265644897105799,20.10151515151515,0.30200964475991054,133.12272727272727,2.115261675519808,174.6757575757576,3.4361298087299623,157.1409090909091,2.968495041248571,131.02727272727273,0.46304180534658274,164.75757575757575,0.8395634879634748,,,,,,,,,,,,,,,,,,,,,,,,,,,,none,0,SamsungJ5,,
A_pH_test_dataset/samsung_j5_test/6.jpg,A_pH_test_dataset,samsung_j5_test,6.jpg,9e51b6d7d6462f34d69919c78e91c4a1,750,1000,dataset_annotation,372,471,22,30,1,5.45,89.45990266666666,74.71284591155566,20.637765491610665,660,150.28939393939393,0.0,GOOD,,178.00757575757575,2.5527650253330836,148.38030303030303,2.520685314280063,86.98333333333333,2.4534504665713532,0.4306513784748709,0.0022066108541269284,0.3589574473751792,0.0013496924491778082,0.21039117173007013,0.0028473240817842326,20.09090909090909,0.35365077480957957,130.45,2.300642202832623,178.00757575757575,2.5527650253330836,160.3530303030303,2.4639042494782295,131.00757575757575,0.48141540244921033,164.5939393939394,0.6573313328720838,,,,,,,,,,,,,,,,,,,,,,,,,,,,none,0,SamsungJ5,,
A_pH_test_dataset/samsung_j5_test/7.jpg,A_pH_test_dataset,samsung_j5_test,7.jpg,aecd5fae86471a32c4176e73fd4cb410,750,1000,dataset_annotation,375,479,22,30,1,5.665,89.63453066666666,74.85376126933365,21.088693274266667,660,146.17424242424244,0.0,GOOD,,173.65151515151516,3.4147293439150745,145.48939393939395,2.5384694021039165,78.07727272727273,2.313026055123556,0.4371751840320523,0.0016230816704977387,0.3662936570768584,0.001867831136746843,0.19653115637255117,0.0027061160730862616,21.169696969696968,0.3911791409237558,140.38636363636363,1.922150497342823,173.65151515151516,3.4147293439150745,157.22878787878787,2.7159609690324387,130.06666666666666,0.7538453609878013,167.34545454545454,0.7874357728848319,,,,,,,,,,,,,,,,,,,,,,,,,,,,none,0,SamsungJ5,,
A_pH_test_dataset/samsung_j5_test/8.jpg,A_pH_test_dataset,samsung_j5_test,8.jpg,aad3b46256bf1ddcac396c721520324f,750,1000,dataset_annotation,372,476,22,30,1,5.665,88.818248,74.46464931905942,19.543847093695998,660,146.77575757575758,0.0,GOOD,,173.9121212121212,3.0022473981757525,146.3378787878788,2.4788966968779618,79.47727272727273,2.2097096651840284,0.4350918052124891,0.002517260039477361,0.3661067280020404,0.0016601229333694247,0.19880146428292472,0.002551884545877514,21.136363636363637,0.3431742925123068,138.5590909090909,2.094254569973944,173.9121212121212,3.0022473981757525,157.83030303030304,2.4750249277575205,129.83939393939394,0.8118215186511671,166.9848484848485,0.625043616476246,,,,,,,,,,,,,,,,,,,,,,,,,,,,none,0,SamsungJ5,,
A_pH_test_dataset/samsung_j5_test/9.jpg,A_pH_test_dataset,samsung_j5_test,9.jpg,fd07b6a8e490f7143a24d888238fc946,750,1000,dataset_annotation,372,485,22,30,1,5.665,87.68760666666667,73.9195834837108,19.176192708179553,660,142.9409090909091,0.0,GOOD,,167.96818181818182,4.550113521424629,142.71666666666667,3.2557679973433693,79.03333333333333,3.2082438004036233,0.4310096724423305,0.003494942314065559,0.3662485853861469,0.0022427744124528157,0.20274173960368805,0.004120928213877248,21.73787878787879,0.5246254512464111,135.1060606060606,3.348128323265728,167.96818181818182,4.550113521424629,153.9121212121212,3.485663936213116,129.1727272727273,0.656331737661877,164.98030303030302,0.9331795918240379,,,,,,,,,,,,,,,,,,,,,,,,,,,,none,0,SamsungJ5,,
A_pH_test_dataset/samsung_j5_test/10.jpg,A_pH_test_dataset,samsung_j5_test,10.jpg,0b89850ca8eabd6f16bd65a940aaa420,750,1000,dataset_annotation,369,476,22,30,1,5.846,88.47613066666666,74.30337586490666,19.97117088767822,660,147.82272727272726,0.0,GOOD,,170.41363636363636,2.729767798074583,148.90151515151516,2.059199051723489,82.63181818181818,1.551896112083449,0.42396613627418184,0.0024914843541461638,0.3704542894529835,0.0010488677100495166,0.20557957178443542,0.002568493342141273,22.636363636363637,0.48104569292083466,131.26969696969698,2.1853485747178003,170.41363636363636,2.729767798074583,158.8272727272727,2.0737570541312764,127.26212121212122,0.5924436174464843,165.67727272727274,0.8530329942365643,,,,,,,,,,,,,,,,,,,,,,,,,,,,none,0,SamsungJ5,,
A_pH_test_dataset/samsung_j5_test/11.jpg,A_pH_test_dataset,samsung_j5_test,11.jpg,fad8f5eb486afb8d84075353fcde87c2,750,1000,dataset_annotation,376,482,22,30,1,5.846,89.915052,74.93874539362552,20.969544838762666,660,145.8469696969697,0.0,GOOD,,168.43030303030304,5.045218849713654,147.4227272727273,3.4900419140725907,78.62878787878788,3.0773003296137595,0.4269570382092617,0.002514479723491447,0.37376974714383937,0.0024449291104887815,0.19927321210981772,0.0031195536642156744,22.863636363636363,0.5304761622143693,136.04242424242423,2.446646474571575,168.43030303030304,5.045218849713654,157.04090909090908,3.7254032636191243,126.7,0.8299324543526894,166.98939393939395,0.9251746416428774,,,,,,,,,,,,,,,,,,,,,,,,,,,,none,0,SamsungJ5,,
A_pH_test_dataset/samsung_j5_test/12.jpg,A_pH_test_dataset,samsung_j5_test,12.jpg,ede2902503f9c1024e9592578bf80e8a,750,1000,dataset_annotation,371,482,22,30,1,5.846,88.03592666666667,74.07736360459892,20.243309280552893,660,144.38787878787878,0.0,GOOD,,166.24848484848485,3.4199168173581675,146.33939393939394,2.48082823339296,76.85151515151514,2.3314218853193833,0.4268872161054989,0.0026778780828876393,0.3757892829791867,0.0020883165861453378,0.1973234983465822,0.0039572696536841635,23.204545454545453,0.4661030638342795,137.1409090909091,3.073813014202554,166.24848484848485,3.4199168173581675,155.76969696969698,2.4688955754989093,126.17121212121212,0.5609151482082114,167.1757575757576,1.2429267276558966,,,,,,,,,,,,,,,,,,,,,,,,,,,,none,0,SamsungJ5,,
A_pH_test_dataset/samsung_j5_test/13.jpg,A_pH_test_dataset,samsung_j5_test,13.jpg,30e376712e58eb31b0f851efac065af6,750,1000,dataset_annotation,371,477,22,30,1,6.254,88.17804933333333,74.51174891542206,13.21424378911289,660,143.5560606060606,0.0,WARN,blurry,156.0787878787879,2.7146915194757733,150.7,2.221997463381254,74.18484848484849,2.051403246578659,0.4096881373293588,0.002722346981698893,0.39558616338949437,0.0025364165674362084,0.1947256966556256,0.004323187920483965,28.02121212121212,0.3155155240454616,133.79545454545453,3.376250916021184,156.0787878787879,2.7146915194757733,156.58030303030304,2.1421965289811054,119.40454545454546,0.6708049931559658,168.36060606060607,1.3016165692309707,,,,,,,,,,,,,,,,,,,,,,,,,,,,none,0,SamsungJ5,,
A_pH_test_dataset/samsung_j5_test/14.jpg,A_pH_test_dataset,samsung_j5_test,14.jpg,7d01dcb01f7e89f66a913e80e401263f,750,1000,dataset_annotation,372,483,22,30,1,6.254,87.53382933333333,74.18681970702661,11.434805152126224,660,141.29393939393938,0.0,WARN,blurry,152.34242424242424,4.543829002266321,148.56969696969696,3.0029767906432996,74.67272727272727,2.943742487839373,0.4055932417902618,0.0036505643459431164,0.395638356832774,0.002849717069017316,0.19876839871256283,0.0037313426161740284,28.415151515151514,0.7469620136060681,129.9939393939394,3.3047201682239753,152.34242424242424,4.543829002266321,154.20151515151514,3.203737988390324,118.89545454545454,0.979939982420355,167.03333333333333,0.6434597143880914,,,,,,,,,,,,,,,,,,,,,,,,,,,,none,0,SamsungJ5,,
A_pH_test_dataset/samsung_j5_test/15.jpg,A_pH_test_dataset,samsung_j5_test,15.jpg,3baf4e710cab1ec36d5156f569e9a924,750,1000,dataset_annotation,374,481,22,30,1,6.254,89.27724933333333,74.63212736800307,20.885245138970667,660,144.5939393939394,0.0,GOOD,,155.6787878787879,3.7050136036848014,151.53636363636363,2.5160476680239183,79.64545454545454,2.4080157692389768,0.4023963579329126,0.002673836778801002,0.3917465143122918,0.0025830883386700866,0.20585712516876647,0.003625864923511305,28.263636363636362,0.6373801405175492,124.53333333333333,3.02621542491274,155.6787878787879,3.7050136036848014,157.2969696969697,2.5872045108378865,119.16515151515152,0.6524992567608501,166.22272727272727,0.9741033879770256,,,,,,,,,,,,,,,,,,,,,,,,,,,,none,0,SamsungJ5,,
A_pH_test_dataset/samsung_j5_test/16.jpg,A_pH_test_dataset,samsung_j5_test,16.jpg,da2350ab5ff9e61d33eb08298af2a185,750,1000,dataset_annotation,373,476,22,30,1,6.59,89.89045733333333,74.28354004581037,15.726164544789334,660,136.43636363636364,0.0,GOOD,,138.52121212121213,2.934306750583474,147.77575757575758,2.0906763155452834,72.22727272727273,1.9076834638763076,0.3863478575224815,0.002609010755851615,0.4122103569209361,0.002643139806893144,0.2014417827664825,0.0031127907184306486,33.472727272727276,0.5566527274281229,130.39242424242425,2.5308287423388944,147.77575757575758,2.0906763155452834,150.4848484848485,2.191183603239072,113.08030303030303,0.8282364793634684,166.25454545454545,0.8413880699757519,,,,,,,,,,,,,,,,,,,,,,,,,,,,none,0,SamsungJ5,,
A_pH_test_dataset/samsung_j5_test/17.jpg,A_pH_test_dataset,samsung_j5_test,17.jpg,bf7da130d96ec55fe4b04d9e2a9645a3,750,1000,dataset_annotation,372,478,22,30,1,6.59,89.54964666666666,74.93284874166885,18.925349274266665,660,136.03333333333333,0.0,GOOD,,137.4939393939394,3.360414782653835,146.7651515151515,2.3479838175222136,76.63333333333334,2.529003476837979,0.3809691624013996,0.002296298636701202,0.4067308587514996,0.00301720294499441,0.21229997607483891,0.002933879554413762,33.836363636363636,0.6352370980971579,121.91818181818182,2.6324265272724334,146.7651515151515,2.3479838175222136,149.77575757575758,2.346761831278504,113.55757575757576,0.8710948537678257,163.7030303030303,0.5219339610408457,,,,,,,,,,,,,,,,,,,,,,,,,,,,none,0,SamsungJ5,,
A_pH_test_dataset/samsung_j5_test/18.jpg,A_pH_test_dataset,samsung_j5_test,18.jpg,c32397744e9e1680beba951024a1cd48,750,1000,dataset_annotation,374,485,22,30,1,6.59,89.82106266666666,75.44106094228398,12.268818550384,660,133.7,0.0,WARN,blurry,135.87272727272727,4.045069780817191,144.35757575757575,3.091437863267287,73.39090909090909,2.6374762542505548,0.3842038930519563,0.002247575718966964,0.4082912733162442,0.0033109756503160366,0.20750483080189808,0.0032112737207957375,33.45151515151515,0.6341882007833761,125.35909090909091,2.9107677458916945,144.35757575757575,3.091437863267287,147.51363636363635,3.0720828174815806,113.96818181818182,0.8671896599568564,164.1848484848485,0.7740570850929231,,,,,,,,,,,,,,,,,,,,,,,,,,,,none,0,SamsungJ5,,
A_pH_test_dataset/samsung_j5_test/19.jpg,A_pH_test_dataset,samsung_j5_test,19.jpg,a6bf72aa56ae05ab88f59cffbd8cfcdc,750,1000,dataset_annotation,370,484,22,30,1,6.896,88.01154,74.52188311381028,12.273298261118223,660,119.77272727272727,0.0,WARN,blurry,101.01515151515152,2.517769721595395,138.63181818181818,2.005874636623944,71.89242424242424,1.554739635813624,0.3242083733179984,0.003869175176122091,0.4450081170090467,0.0028585545271767286,0.23078350646228207,0.004474112211180255,46.875757575757575,0.9077211903510377,122.82424242424243,3.2430840450177465,138.63181818181818,2.005874636623944,136.70909090909092,1.9149117609805413,102.37272727272727,0.6008946498058452,159.5060606060606,1.3205690678618716,,,,,,,,,,,,,,,,,,,,,,,,,,,,none,0,SamsungJ5,,
A_pH_test_dataset/samsung_j5_test/20.jpg,A_pH_test_dataset,samsung_j5_test,20.jpg,daac588f1b61483d3d6457e2f9d7083c,750,1000,dataset_annotation,371,475,22,30,1,6.896,88.726476,74.61489689926597,19.840381842202667,660,126.02878787878788,0.0,GOOD,,108.04848484848485,2.421009207562781,144.10757575757575,2.957620389007506,80.37878787878788,1.8673036103393603,0.32491342147202945,0.0013439392449046419,0.43336902406368966,0.002670151218064383,0.24171755145579576,0.0027922389067459217,47.054545454545455,0.22709083630539628,112.8,2.4232460073465947,144.10757575757575,2.957620389007506,142.3318181818182,2.6624014615943485,103.82272727272728,0.7489984129419313,157.81969696969696,0.8820979978832314,,,,,,,,,,,,,,,,,,,,,,,,,,,,none,0,SamsungJ5,,
A_pH_test_dataset/samsung_j5_test/21.jpg,A_pH_test_dataset,samsung_j5_test,21.jpg,e258ebccbe7306fa141bb31625243ba0,750,1000,dataset_annotation,375,474,22,30,1,6.896,88.87887733333334,74.5556805166422,20.694682239955554,660,121.24090909090908,0.0,GOOD,,103.79242424242425,4.048673954483781,140.00757575757575,3.0780164119347346,70.94848484848485,2.525700768298286,0.3296822329722838,0.004504367221543878,0.4449379253557161,0.005561011153686221,0.22537983849220264,0.002497866390523021,45.61818181818182,1.038487987545105,125.93333333333334,2.725598812901284,140.00757575757575,3.0780164119347346,138.24848484848485,3.0109015273413027,102.7090909090909,1.249330399166286,160.74545454545455,0.6755876943686653,,,,,,,,,,,,,,,,,,,,,,,,,,,,none,0,SamsungJ5,,
A_pH_test_dataset/samsung_j5_test/22.jpg,A_pH_test_dataset,samsung_j5_test,22.jpg,0e1281402ca594b1f960208400886f8f,750,1000,dataset_annotation,375,479,22,30,1,7.209,90.05425866666667,75.10230450079693,20.607822047459553,660,110.84242424242424,0.0,GOOD,,78.34242424242424,2.7031441068582724,131.1469696969697,3.743022587427281,91.51060606060607,2.50784398455573,0.2602416277950475,0.0030027061528940494,0.435712619841786,0.0027764183663779793,0.304045749038171,0.002866105973577989,67.27575757575758,0.8292129539802598,102.68787878787879,2.424528392224261,131.1469696969697,3.743022587427281,128.3439393939394,3.538302485822176,101.35,0.9440001926039865,143.99545454545455,0.8554516471789373,,,,,,,,,,,,,,,,,,,,,,,,,,,,none,0,SamsungJ5,,
A_pH_test_dataset/samsung_j5_test/23.jpg,A_pH_test_dataset,samsung_j5_test,23.jpg,a64920b13b5aad7f84b869f7b2610424,750,1000,dataset_annotation,373,477,22,30,1,7.209,90.22330266666667,74.23639794547591,20.064504973198222,660,109.9969696969697,0.0,GOOD,,76.55,2.293386407067333,131.0560606060606,2.585778634733077,89.08333333333333,2.1020973172793713,0.25798170207167787,0.0030655483979366654,0.44176313561257213,0.0031634509937858227,0.30025515894355453,0.0018635391532816881,66.71818181818182,0.5216259808635357,106.05757575757576,2.7446399888697997,131.0560606060606,2.585778634733077,128.01060606060605,2.4466816605030695,100.22727272727273,0.7606905663547082,145.04545454545453,0.556825912129395,,,,,,,,,,,,,,,,,,,,,,,,,,,,none,0,SamsungJ5,,
A_pH_test_dataset/samsung_j5_test/24.jpg,A_pH_test_dataset,samsung_j5_test,24.jpg,432f1a9bddf39e86df56b2cf1a94fbbb,750,1000,dataset_annotation,372,480,22,30,1,7.209,89.04900533333333,75.04326452438823,11.205254106624002,660,109.65454545454546,0.0,WARN,blurry,75.75,1.9107946942663316,130.6909090909091,2.422415978636559,90.6969696969697,2.0639011088132384,0.25491957563423256,0.0027121395099082095,0.43985834485679676,0.0027424996029392127,0.30522207614211105,0.0008195732423581321,67.91060606060606,0.38083989632119125,107.23484848484848,2.5167916339177365,130.6909090909091,2.422415978636559,127.68333333333334,2.3615662068836754,100.33030303030303,0.6831233299560271,144.00151515151515,0.27247041776734293,,,,,,,,,,,,,,,,,,,,,,,,,,,,none,0,SamsungJ5,,
A_pH_test_dataset/samsung_j5_test/25.jpg,A_pH_test_dataset,samsung_j5_test,25.jpg,cb1fe1cb3efdbde31ce7fa5f584d2329,750,1000,dataset_annotation,374,478,22,30,1,7.501,89.259668,74.71048731735353,20.60267354589156,660,82.99848484848485,0.0,GOOD,,43.525757575757574,2.992556959082266,102.23787878787878,4.443867587678865,87.75151515151515,3.9526072110598016,0.18623646036978905,0.005271656568141655,0.43791552116122545,0.00346657637090523,0.37584801417680025,0.003995333941144068,82.62878787878788,0.7282742472770923,146.52878787878788,3.68462263811474,102.23787878787878,4.443867587678865,100.21666666666667,4.4401775603771485,104.9030303030303,0.8050916938121787,130.48181818181817,0.7393504706546823,,,,,,,,,,,,,,,,,,,,,,,,,,,,none,0,SamsungJ5,,
A_pH_test_dataset/samsung_j5_test/26.jpg,A_pH_test_dataset,samsung_j5_test,26.jpg,41bb01edc003b8c210fccf7b3d910848,750,1000,dataset_annotation,373,481,22,30,1,7.501,87.696112,74.31500124077769,12.473209000846222,660,85.95454545454545,0.0,WARN,blurry,46.731818181818184,1.8568186454507785,105.01060606060607,3.2883922933729766,90.59848484848484,2.441620948433855,0.19282668098898464,0.005007889307328547,0.4332993299858458,0.004103094548854674,0.3738739848953555,0.0029552067878785616,82.63939393939394,0.5956607708273753,141.49242424242425,3.846084612995585,105.01060606060607,3.2883922933729766,102.91818181818182,3.1746108848128856,105.00757575757575,1.0022415190175509,130.44848484848484,0.7084431125431495,,,,,,,,,,,,,,,,,,,,,,,,,,,,none,0,SamsungJ5,,
A_pH_test_dataset/samsung_j5_test/27.jpg,A_pH_test_dataset,samsung_j5_test,27.jpg,5fdbcaebec92140cca1c2d1196d234fd,750,1000,dataset_annotation,375,474,22,30,1,7.501,86.92233866666666,74.00271476586047,10.97625547775289,660,85.68181818181819,0.0,WARN,blurry,46.75909090909091,1.5268781055838394,105.10303030303031,2.1703909504671284,88.32424242424243,2.3895644719222187,0.19465433016219383,0.003224171309383196,0.43763143171780705,0.0036908624289174706,0.36771423395427405,0.003443117366354345,81.32727272727273,0.5631473929850828,141.63484848484848,2.5102814296072538,105.10303030303031,2.1703909504671284,102.99242424242425,2.1238052331848167,104.57878787878788,0.5599012768810911,131.6651515151515,0.5654154879492211,,,,,,,,,,,,,,,,,,,,,,,,,,,,none,0,SamsungJ5,,
A_pH_test_dataset/samsung_j5_test/28.jpg,A_pH_test_dataset,samsung_j5_test,28.jpg,3c02bcd7369031bba3357c398c76b772,750,1000,dataset_annotation,373,471,22,30,1,7.8,88.572836,74.85540617472977,12.482749099162666,660,69.01666666666667,0.0,WARN,blurry,19.29090909090909,3.07732308270872,89.07727272727273,3.1015780663038957,96.58484848484848,3.504596221251866,0.09363117323018247,0.010934139085884299,0.4348760651907913,0.006027001886554834,0.47149275668902496,0.005849502957661974,92.86969696969697,0.5651413598892616,204.25151515151515,6.490581577907129,96.58484848484848,3.504596221251866,87.26212121212122,3.197454724086074,110.23787878787878,0.5662918060064492,117.48636363636363,0.6615835831288174,,,,,,,,,,,,,,,,,,,,,,,,,,,,none,0,SamsungJ5,,
A_pH_test_dataset/samsung_j5_test/29.jpg,A_pH_test_dataset,samsung_j5_test,29.jpg,543e11ec89130e0e30530cff9a4d733d,750,1000,dataset_annotation,369,469,22,30,1,7.8,86.14898933333333,74.74242302408912,4.843744515555556,660,64.57121212121213,0.0,WARN,blurry,16.560606060606062,1.6202205973896557,83.35606060606061,1.7483003683992884,92.4469696969697,2.110989980092616,0.08598981825299278,0.0069604735967147705,0.4333823094903371,0.0037846663761999756,0.48062786705488386,0.004187281833579617,93.87121212121212,0.3349650146883961,209.28030303030303,4.002110038049614,92.4469696969697,2.110989980092616,82.16666666666667,1.7143187827498385,111.41666666666667,0.5314597773580754,117.01363636363637,0.5176831731557392,,,,,,,,,,,,,,,,,,,,,,,,,,,,none,0,SamsungJ5,,
A_pH_test_dataset/samsung_j5_test/30.jpg,A_pH_test_dataset,samsung_j5_test,30.jpg,dd02c8c46179a6c48dae09fd06c577ed,750,1000,dataset_annotation,379,466,22,30,1,7.8,88.866376,74.62423956927996,18.958244084899555,660,70.01969696969697,0.0,GOOD,,20.19090909090909,2.5286076701044973,90.18181818181819,4.409044048485749,97.12727272727273,5.672542732041069,0.09701140287005282,0.007455424032913956,0.4348777669295392,0.0056173097487951735,0.46811082536439785,0.004831553101323036,92.68787878787879,0.6533167479763621,202.07272727272726,4.442649545735732,97.12727272727273,5.672542732041069,88.36060606060606,4.586900940586264,109.96212121212122,0.6560361112370382,117.96060606060605,1.1644843816534356,,,,,,,,,,,,,,,,,,,,,,,,,,,,none,0,SamsungJ5,,
A_pH_test_dataset/samsung_j5_test/31.jpg,A_pH_test_dataset,samsung_j5_test,31.jpg,f73a9d52f58c01eca1ffe49d85cf12d9,750,1000,dataset_annotation,371,469,22,30,1,8.07,88.77457066666666,74.55114629310319,19.39208789013156,660,65.5409090909091,0.0,GOOD,,7.090909090909091,1.62860111684726,85.87121212121212,1.6115365481160153,114.68939393939394,2.268134247795724,0.03404743335710736,0.007399871057140456,0.41358065084544104,0.0036969629852018856,0.5523719109793245,0.005591847119233098,97.9939393939394,0.07761362712039817,239.3560606060606,3.5843358197934214,114.68939393939394,2.268134247795724,86.00454545454545,1.574891224544097,117.66666666666667,0.6521138897865352,105.42878787878787,0.6782922297535078,,,,,,,,,,,,,,,,,,,,,,,,,,,,none,0,SamsungJ5,,
A_pH_test_dataset/samsung_j5_test/32.jpg,A_pH_test_dataset,samsung_j5_test,32.jpg,57c7f7feb99ab651535151f5aa32cc2c,750,1000,dataset_annotation,374,476,22,30,1,8.07,87.64023733333333,74.39611839442301,11.052602748584889,660,60.56969696969697,0.0,WARN,blurry,4.051515151515152,1.3507845558922777,80.16969696969697,2.306444837181352,108.31515151515151,3.907345158693351,0.020961167251183,0.0066583171428406,0.4164775549765898,0.003960578838700118,0.5625612725722677,0.005886397515646999,97.96363636363637,0.18719327529067276,245.47878787878787,3.1359844595855653,108.31515151515151,3.907345158693351,80.46666666666667,2.469286078479717,118.35606060606061,0.6643814137929899,106.01666666666667,1.182458062980278,,,,,,,,,,,,,,,,,,,,,,,,,,,,none,0,SamsungJ5,,
A_pH_test_dataset/samsung_j5_test/33.jpg,A_pH_test_dataset,samsung_j5_test,33.jpg,7fd916a6f72572f8cb3ff29baaa41ae4,750,1000,dataset_annotation,365,470,22,30,1,8.07,89.62226533333333,74.96857658504838,19.746143192398225,660,63.78939393939394,0.0,GOOD,,3.6075757575757574,1.4788212552120186,84.30909090909091,2.38141333593814,115.5469696969697,3.1299007485943426,0.01761804944239049,0.006942417076252308,0.41440836737569764,0.003993798032836783,0.5679735782626761,0.005858547056143002,98.25151515151515,0.4338839477019885,246.99848484848485,3.2759450371051813,115.5469696969697,3.1299007485943426,84.8409090909091,2.35111045799106,118.68939393939394,0.8065318171557035,104.15757575757576,0.9594917540442814,,,,,,,,,,,,,,,,,,,,,,,,,,,,none,0,SamsungJ5,,
A_pH_test_dataset/samsung_j5_test/34.jpg,A_pH_test_dataset,samsung_j5_test,34.jpg,c7971bd48ebad5c33aa68f1ca8425515,750,1000,dataset_annotation,367,465,22,30,1,8.423,89.31806,74.80488831956818,19.61559886222222,660,63.28787878787879,0.0,GOOD,,0.8318181818181818,0.8896133124734743,81.73787878787878,2.4727769417174366,132.27121212121213,2.9181908650226362,0.0038269359381663606,0.004062602961224522,0.3804298540184157,0.0038117626360926974,0.6157432053857046,0.0047151216346568445,101.57424242424243,0.494457341378008,253.33636363636364,1.779226624946949,132.27121212121213,2.9181908650226362,84.88939393939394,2.4386178889789436,127.0878787878788,0.8968826739112352,93.9969696969697,0.8598748494155902,,,,,,,,,,,,,,,,,,,,,,,,,,,,none,0,SamsungJ5,,
A_pH_test_dataset/samsung_j5_test/35.jpg,A_pH_test_dataset,samsung_j5_test,35.jpg,59aed065b1d9a4cc3bfe95119de8d124,750,1000,dataset_annotation,372,476,22,30,1,8.423,89.66357333333333,74.9794540641943,20.35469573900622,660,62.7939393939394,0.0,GOOD,,0.9621212121212122,1.0702966385066015,81.35606060606061,1.8640643755854853,129.45606060606062,3.424892335749902,0.004492434794261451,0.004954576025329904,0.3842060731227336,0.0033555311632024664,0.6113014873578064,0.004972661407440596,101.07878787878788,0.2694074032835499,253.0787878787879,2.129839597852465,129.45606060606062,3.424892335749902,84.23939393939393,1.9772094498176258,126.14545454545454,0.8528351679495049,95.23787878787878,1.1116824747658662,,,,,,,,,,,,,,,,,,,,,,,,,,,,none,0,SamsungJ5,,
A_pH_test_dataset/samsung_j5_test/36.jpg,A_pH_test_dataset,samsung_j5_test,36.jpg,f149644b122f320472e0e3117a19a8fa,750,1000,dataset_annotation,375,476,22,30,1,8.423,88.16360266666666,74.2841288533479,19.230352209733333,660,60.82272727272727,0.0,GOOD,,1.2833333333333334,1.2073114801495968,78.51363636363637,3.0293706899056616,126.0530303030303,4.422590756455058,0.006207136934374522,0.005735436727530315,0.3813944060597036,0.003314729546065076,0.6123984521415571,0.004819745487826414,101.30757575757576,0.4614898817173096,252.43333333333334,2.405822062825885,126.0530303030303,4.422590756455058,81.5,3.091777952746754,126.66969696969697,0.7843100996513176,95.50454545454545,0.9558324656964414,,,,,,,,,,,,,,,,,,,,,,,,,,,,none,0,SamsungJ5,,
A_pH_test_dataset/samsung_j5_train/1.jpg,A_pH_test_dataset,samsung_j5_train,1.jpg,ec9c333e5e1e6e59087b99bd5e1f1b3a,750,1000,dataset_annotation,368,468,22,30,1,5.0,88.28240266666667,73.50257614125185,20.065836290211553,660,141.86818181818182,0.0,GOOD,,175.75757575757575,2.406812339631028,137.46969696969697,1.6041583932382981,75.81515151515151,1.456151260066987,0.4517714594294365,0.00284943721355274,0.3533618947040242,0.0017192571514465039,0.19486664329572137,0.0020602098005740705,18.548484848484847,0.4976436671629624,145.00454545454545,1.8052895191447504,175.75757575757575,2.406812339631028,152.24242424242425,1.7439124079738155,135.18939393939394,0.8819105960114146,166.1909090909091,0.6605157013542806,,,,,,,,,,,,,,,,,,,,,,,,,,,,none,0,SamsungJ5,,
A_pH_test_dataset/samsung_j5_train/2.jpg,A_pH_test_dataset,samsung_j5_train,2.jpg,e23eb3f70ea897b94fdd422a412b02fb,750,1000,dataset_annotation,371,471,22,30,1,5.0,87.42708133333333,73.06023498594419,19.070046553592892,660,139.17424242424244,0.0,GOOD,,170.4060606060606,3.597805677534099,134.7,2.4496753031593985,79.45454545454545,2.401273766666212,0.4431239072744802,0.0017229268813629315,0.35029817718752426,0.002133071317920498,0.20657791293643846,0.002393882451951216,18.12272727272727,0.3504522854936368,136.10757575757575,1.6483978085310234,170.4060606060606,3.597805677534099,149.1818181818182,2.763446963206875,134.5030303030303,0.6166796960875028,162.8242424242424,0.5898280710102723,,,,,,,,,,,,,,,,,,,,,,,,,,,,none,0,SamsungJ5,,
A_pH_test_dataset/samsung_j5_train/3.jpg,A_pH_test_dataset,samsung_j5_train,3.jpg,11df23d63e18aba6490000d83f1c5e89,750,1000,dataset_annotation,372,470,22,30,1,5.0,90.29590133333333,74.42290351588188,20.058113095822222,660,139.4939393939394,0.0,GOOD,,172.9378787878788,4.069184459707596,134.72878787878787,2.6025782759174256,77.10606060606061,2.1122212054066045,0.4494401610781126,0.0028368093688045945,0.350173358151923,0.002330925093794823,0.20038647816984356,0.0030470006978380935,18.172727272727272,0.5369796154771768,141.25151515151515,2.338170900268272,172.9378787878788,4.069184459707596,149.51060606060605,2.780594485590555,135.61515151515152,0.7998565068739601,164.1939393939394,0.9138461490894917,,,,,,,,,,,,,,,,,,,,,,,,,,,,none,0,SamsungJ5,,
A_pH_test_dataset/samsung_j5_train/4.jpg,A_pH_test_dataset,samsung_j5_train,4.jpg,96ea96d4ee0d9b4c53391eaeb6b10e1c,750,1000,dataset_annotation,372,472,22,30,1,6.0,89.52992,74.31918945194168,14.88315885652622,660,141.65,0.0,WARN,blurry,161.51060606060605,3.3273261987203093,144.6727272727273,2.2741328986607954,74.23030303030303,1.4222229396233268,0.4245451836646561,0.002627883491032214,0.38031656401666725,0.0018450267002185926,0.19513824968918703,0.002442162433890593,24.234848484848484,0.4963480036018302,137.78787878787878,2.0839585838607775,161.51060606060605,3.3273261987203093,153.53030303030303,2.37741709201073,124.82878787878788,0.6248066734975032,167.1757575757576,0.8890002225961146,,,,,,,,,,,,,,,,,,,,,,,,,,,,none,0,SamsungJ5,,
A_pH_test_dataset/samsung_j5_train/5.jpg,A_pH_test_dataset,samsung_j5_train,5.jpg,f7e103a4393e0ede79389161ad8a30c9,750,1000,dataset_annotation,373,474,22,30,1,6.0,87.70159466666667,74.22866840327735,17.46114940927822,660,136.37878787878788,0.0,GOOD,,156.78333333333333,4.948831613970548,139.23181818181817,3.405773133021167,67.81363636363636,3.268786558455338,0.43092095823640203,0.0033011241506982086,0.38276115300726443,0.003342168140754558,0.1863178860052306,0.004910457836784107,24.068181818181817,0.5876659252240354,144.62878787878788,3.544533356110554,156.78333333333333,4.948831613970548,148.34545454545454,3.68272716052153,125.11060606060606,0.7597106282994518,167.91666666666666,1.0620282672339945,,,,,,,,,,,,,,,,,,,,,,,,,,,,none,0,SamsungJ5,,
A_pH_test_dataset/samsung_j5_train/6.jpg,A_pH_test_dataset,samsung_j5_train,6.jpg,d4e1320078e5266f54b1a2bd89ac8a73,750,1000,dataset_annotation,375,469,22,30,1,6.0,89.505004,74.36173622878896,18.647007177955558,660,137.9939393939394,0.0,GOOD,,158.10757575757575,4.479475436215131,140.5621212121212,3.139786962060611,71.98787878787878,1.7589179827826273,0.42652159244000054,0.002932881974793681,0.37924386045479846,0.001952741283999813,0.19423454440571924,0.0027658224569249573,23.965151515151515,0.5643425846068455,138.88030303030303,2.3353488933406035,158.10757575757575,4.479475436215131,149.7,3.3053216961668817,125.37121212121212,0.6920030547128126,166.65,1.1534861520756559,,,,,,,,,,,,,,,,,,,,,,,,,,,,none,0,SamsungJ5,,
A_pH_test_dataset/samsung_j5_train/7.jpg,A_pH_test_dataset,samsung_j5_train,7.jpg,6b7722739603f4f2435a63a702d97b81,750,1000,dataset_annotation,372,470,22,30,1,6.5,89.20467466666666,73.82482104017699,18.418565178266668,660,128.8030303030303,0.0,GOOD,,131.46212121212122,3.7209588676036893,139.6848484848485,2.703098246190528,65.99242424242425,2.384597711200107,0.38989603235803855,0.004440916816137736,0.4143577331209284,0.003164755420798202,0.19574623155346438,0.005722278058845107,33.2,0.6508735388970454,134.41060606060606,4.189403254962518,139.6848484848485,2.703098246190528,142.8348484848485,2.7642190208492847,113.85606060606061,0.7601093995979844,165.93636363636364,1.553747801737772,,,,,,,,,,,,,,,,,,,,,,,,,,,,none,0,SamsungJ5,,
A_pH_test_dataset/samsung_j5_train/8.jpg,A_pH_test_dataset,samsung_j5_train,8.jpg,a1680b9d76cea8a3796298f89e28fc07,750,1000,dataset_annotation,375,472,22,30,1,6.5,86.35197466666666,73.83201809852343,10.73770017842489,660,128.73181818181817,0.0,WARN,blurry,129.8469696969697,3.3165206164113807,139.5590909090909,2.593901780384329,69.42272727272727,2.6722646991998253,0.38320827043919714,0.00220292828497033,0.41194657785969496,0.00391802021547883,0.20484514874814339,0.0045361253604496625,34.04242424242424,0.5964695643790106,128.15757575757576,3.8497564112653895,139.5590909090909,2.593901780384329,142.68030303030304,2.7095632935043183,113.38636363636364,0.8425046288221667,163.8560606060606,1.086644653227315,,,,,,,,,,,,,,,,,,,,,,,,,,,,none,0,SamsungJ5,,
A_pH_test_dataset/samsung_j5_train/9.jpg,A_pH_test_dataset,samsung_j5_train,9.jpg,faf2c29225911303d882e2d446119904,750,1000,dataset_annotation,373,460,22,30,1,6.5,89.03376666666666,74.25628273180361,19.13262049671822,660,131.4287878787879,0.0,GOOD,,133.61666666666667,2.797189245790795,141.7409090909091,1.9261735716438366,72.2439393939394,1.593417214846548,0.38437569503338775,0.002534494033100584,0.40779635644121626,0.002298031558280509,0.20782794564769907,0.002296615458844065,33.406060606060606,0.4910961110274641,125.17272727272727,1.932304751557725,141.7409090909091,1.9261735716438366,145.2348484848485,2.0956659767563313,114.29242424242425,0.8999681149336088,163.5909090909091,0.6343040263124169,,,,,,,,,,,,,,,,,,,,,,,,,,,,none,0,SamsungJ5,,
A_pH_test_dataset/samsung_j5_train/10.jpg,A_pH_test_dataset,samsung_j5_train,10.jpg,d008a2fd78338bc9097e16ee09da070a,750,1000,dataset_annotation,375,469,22,30,1,7.0,89.330432,74.22524626226158,15.927860385955553,660,114.37575757575758,0.0,GOOD,,85.94545454545455,1.9188208040973795,133.78939393939393,2.7616765213268764,88.37121212121212,1.7373146425232833,0.2789357716898263,0.0017214122669237484,0.43423206398447,0.0032230894578282494,0.286832161078852,0.0027595122839713724,61.515151515151516,0.7101520162148861,91.18787878787879,2.020614604333794,133.78939393939393,2.7616765213268764,131.3181818181818,2.454797966809334,101.7560606060606,0.9643067517540364,147.43939393939394,0.9166604056886108,,,,,,,,,,,,,,,,,,,,,,,,,,,,none,0,SamsungJ5,,
A_pH_test_dataset/samsung_j5_train/11.jpg,A_pH_test_dataset,samsung_j5_train,11.jpg,1ee8d20442add30ab99a952379800e90,750,1000,dataset_annotation,370,469,22,30,1,7.0,88.58581066666666,74.63737485020147,18.255189397288888,660,112.98333333333333,0.0,GOOD,,83.02878787878788,3.0347614928756683,133.8409090909091,3.300664637969389,85.4469696969697,2.7549250496855184,0.2745980541486908,0.00340183984190449,0.4427811099349594,0.0029697139006024473,0.2826208326057262,0.0020149695003860513,61.45757575757576,0.5665045951993698,96.84545454545454,2.870496832625966,133.8409090909091,3.300664637969389,130.85,3.164229524678715,100.48030303030303,0.6522036531194321,148.8469696969697,0.39224285032002926,,,,,,,,,,,,,,,,,,,,,,,,,,,,none,0,SamsungJ5,,
A_pH_test_dataset/samsung_j5_train/12.jpg,A_pH_test_dataset,samsung_j5_train,12.jpg,00d79cbcc1f3b6209e2b37c96d9a8970,750,1000,dataset_annotation,375,469,22,30,1,7.0,86.59214666666666,74.46967937573758,6.606749293082667,660,114.64090909090909,0.0,WARN,blurry,84.97272727272727,2.248066202960349,135.04545454545453,2.9182384588102694,87.5,2.096533936156185,0.276305208195019,0.0027991883340383935,0.43916360349441785,0.002856458029352899,0.28453118505707287,0.0016375155650795112,61.45757575757576,0.6127584441910665,94.57424242424243,2.5723948637738103,135.04545454545453,2.9182384588102694,132.12878787878788,2.7661517493548935,100.72424242424242,0.7404054184396068,148.31363636363636,0.6277391765926363,,,,,,,,,,,,,,,,,,,,,,,,,,,,none,0,SamsungJ5,,
A_pH_test_dataset/samsung_j5_train/13.jpg,A_pH_test_dataset,samsung_j5_train,13.jpg,0c025a550f3ad871fe6aae05327c1103,750,1000,dataset_annotation,374,470,22,30,1,7.5,88.73080133333333,74.73793114662638,19.209857780558224,660,72.02121212121212,0.0,GOOD,,30.912121212121214,1.8889242691009427,90.80909090909091,2.665704027350468,82.80606060606061,2.645515289663255,0.15104030101821228,0.005360796916183125,0.4440601711726109,0.003276077882069995,0.40489952291450787,0.003838533121923535,85.96212121212122,0.5614551309726366,168.18636363636364,3.665993865145405,90.80909090909091,2.665704027350468,88.7469696969697,2.6436728180277327,106.75909090909092,0.583478927127796,126.97727272727273,0.6138046907177456,,,,,,,,,,,,,,,,,,,,,,,,,,,,none,0,SamsungJ5,,
A_pH_test_dataset/samsung_j5_train/15.jpg,A_pH_test_dataset,samsung_j5_train,15.jpg,21894759f64cc60133f905ea49806c2d,750,1000,dataset_annotation,376,469,22,30,1,7.5,88.72699333333334,74.6481825589877,18.704613866238223,660,72.96818181818182,0.0,GOOD,,32.0469696969697,2.3418278083433486,91.56969696969696,3.177523797539558,84.19393939393939,3.2792219507662956,0.1540624811013396,0.006381702769230209,0.44075464694318234,0.0046373429050482855,0.40518286713556845,0.0036489714322439928,86.33939393939394,0.6442940199983959,165.76969696969698,4.536884850929862,91.56969696969696,3.177523797539558,89.54545454545455,3.1741465957907877,106.9969696969697,0.7198420906319404,126.61060606060606,0.6684737903972882,,,,,,,,,,,,,,,,,,,,,,,,,,,,none,0,SamsungJ5,,
A_pH_test_dataset/samsung_j5_train/16.jpg,A_pH_test_dataset,samsung_j5_train,16.jpg,0c4bed6bd536d9c17694895c6fdcc546,750,1000,dataset_annotation,375,468,22,30,1,8.0,88.18646533333333,74.33756925457992,7.423442154024889,660,62.57272727272727,0.0,WARN,blurry,6.593939393939394,1.1788385125839536,82.45454545454545,1.6540292234952527,107.55757575757576,2.28592933200645,0.03342413955102132,0.005272920599258422,0.41944510443770633,0.0029177613802605184,0.5471307509217928,0.003873332810215721,97.64848484848486,0.47744345190863346,239.43636363636364,2.630913907557736,107.55757575757576,2.28592933200645,82.4530303030303,1.6585608673174697,116.91969696969697,0.4873302958605637,107.54545454545455,0.6272068476603759,,,,,,,,,,,,,,,,,,,,,,,,,,,,none,0,SamsungJ5,,
A_pH_test_dataset/samsung_j5_train/17.jpg,A_pH_test_dataset,samsung_j5_train,17.jpg,abe3010f109b015d184ed68d2870c6b4,750,1000,dataset_annotation,376,471,22,30,1,8.0,89.30487066666667,73.98051434810344,19.296473517482667,660,63.18181818181818,0.0,GOOD,,7.845454545454546,2.534679575600077,82.53181818181818,3.141205090643972,109.0909090909091,4.415974008786849,0.038966314670030214,0.010841495998429629,0.4139146894167554,0.004754505141542095,0.5471189908896491,0.00999023903763294,97.92878787878787,0.3962954023372997,236.72575757575757,5.61806638271785,109.0909090909091,4.415974008786849,82.65454545454546,3.22660257660094,117.48181818181818,0.9588359563473687,106.93030303030304,1.4826235649838306,,,,,,,,,,,,,,,,,,,,,,,,,,,,none,0,SamsungJ5,,
A_pH_test_dataset/samsung_j5_train/18.jpg,A_pH_test_dataset,samsung_j5_train,18.jpg,87f7accd8a6d4a3cb9f8f24699799433,750,1000,dataset_annotation,373,472,22,30,1,8.0,89.161848,73.96384075045204,19.53791130935289,660,61.192424242424245,0.0,GOOD,,7.931818181818182,1.9084865565780436,79.88636363636364,3.0477207759856637,104.89545454545454,3.5857010564345297,0.04089324018407134,0.008650394758176987,0.4146109937720467,0.004002649977061558,0.5444957608457757,0.0062861882206540955,97.92727272727272,0.25968830649246727,235.8030303030303,4.2409250597856705,104.89545454545454,3.5857010564345297,79.88484848484849,3.0578385327212216,117.42727272727272,0.6892124303178834,107.91818181818182,0.6714771349046255,,,,,,,,,,,,,,,,,,,,,,,,,,,,none,0,SamsungJ5,,
A_pH_test_dataset/samsung_j5_train/19.jpg,A_pH_test_dataset,samsung_j5_train,19.jpg,394fda32e5f9a1654d1826acdbb4ef97,750,1000,dataset_annotation,371,470,22,30,1,8.5,89.62277333333333,74.48125513650145,18.949377933930666,660,58.9560606060606,0.0,GOOD,,1.7242424242424241,1.387068044261818,74.98484848484848,2.3861495815493226,126.77878787878788,3.404921355898411,0.008316858793922617,0.006546740562027107,0.36852188577538425,0.003516246864655772,0.6231612505112119,0.0060014844274817805,102.47121212121212,0.49917057008090365,251.55454545454546,2.765325440773369,126.77878787878788,3.404921355898411,78.78787878787878,2.4858091269465263,129.0590909090909,0.7772284233342007,93.34848484848484,0.8892016208361883,,,,,,,,,,,,,,,,,,,,,,,,,,,,none,0,SamsungJ5,,
A_pH_test_dataset/samsung_j5_train/20.jpg,A_pH_test_dataset,samsung_j5_train,20.jpg,4d1b886ad524be56794eaa763c4a5484,750,1000,dataset_annotation,368,479,22,30,1,8.5,89.86814133333333,74.56715634441228,15.106738651304887,660,66.28333333333333,0.0,GOOD,,1.9257575757575758,1.3857292802709278,84.75757575757575,1.7594817251766177,140.04545454545453,3.372490394360686,0.008415754462827881,0.005874230945793484,0.3738752521916285,0.003086713198830987,0.6177089889322763,0.005095429768167363,101.94090909090909,0.23579476998805338,251.37424242424242,2.417913613895416,140.04545454545453,3.372490394360686,88.63636363636364,1.8800093780904363,128.21969696969697,0.723149612955777,91.40454545454546,1.1631894264793152,,,,,,,,,,,,,,,,,,,,,,,,,,,,none,0,SamsungJ5,,
A_pH_test_dataset/samsung_j5_train/21.jpg,A_pH_test_dataset,samsung_j5_train,21.jpg,470880dfe56eecc5ae4fbdb8e9ba76a6,750,1000,dataset_annotation,367,480,22,30,1,8.5,89.181252,75.21497336554181,14.644953820266666,660,62.663636363636364,0.0,WARN,blurry,0.6348484848484849,0.733400635529227,80.2,1.7750800238043047,135.39848484848486,3.3858436316899336,0.0029081724384808394,0.003341248195041851,0.3709238333773529,0.002704911315893433,0.6261679895568141,0.00383907956249671,102.13181818181818,0.3382929924789022,253.7348484848485,1.4515396657637651,135.39848484848486,3.3858436316899336,84.18939393939394,1.8246318672193467,129.16969696969696,0.7637566042901874,91.47272727272727,1.0094321017503243,,,,,,,,,,,,,,,,,,,,,,,,,,,,none,0,SamsungJ5,,
A_pH_test_dataset/samsung_s7_test/1.jpg,A_pH_test_dataset,samsung_s7_test,1.jpg,8ff99b7ca80cb4ade9e1f803e6774849,750,1000,dataset_annotation,360,431,22,30,1,5.135,82.32412,72.09729795833036,18.929905667384887,660,135.15,0.0,GOOD,,166.23181818181817,2.3099035196242403,130.23181818181817,2.651338089326188,78.89545454545454,2.990334521581856,0.44292705357860684,0.003736099695674714,0.3469560119290478,0.0012128658823916043,0.2101169318271087,0.0038898338714821695,17.71969696969697,0.45250806018928746,134.03030303030303,3.302293495801828,166.23181818181817,2.3099035196242403,145.1409090909091,2.5177838543429583,135.33939393939394,0.6419380664638843,160.69848484848484,0.6215797138577823,,,,,,,,,,,,,,,,,,,,,,,,,,,,none,0,SamsungS7,,
A_pH_test_dataset/samsung_s7_test/2.jpg,A_pH_test_dataset,samsung_s7_test,2.jpg,af005d87290a6f4b16c2e67bf11af751,750,1000,dataset_annotation,365,435,22,30,1,5.135,81.31323333333333,71.79946167541152,18.44387495462222,660,130.73030303030302,0.0,GOOD,,163.11666666666667,2.761207648252423,125.4590909090909,2.545910402903905,73.75757575757575,2.3910223885280972,0.45022266335816014,0.0028562183045193804,0.34625838280039484,0.0016956131951898722,0.20351895108039975,0.002892742353719336,17.725757575757576,0.4461317260496752,139.7030303030303,2.32828260917197,163.11666666666667,2.761207648252423,140.70151515151514,2.506415551427396,136.31060606060606,0.563169813423223,161.50757575757575,0.6752801003715121,,,,,,,,,,,,,,,,,,,,,,,,,,,,none,0,SamsungS7,,
A_pH_test_dataset/samsung_s7_test/3.jpg,A_pH_test_dataset,samsung_s7_test,3.jpg,24e50c454bc42119f30fc835b8c0c0ad,750,1000,dataset_annotation,359,427,22,30,1,5.135,79.513572,71.19261092604683,15.780258944339556,660,131.24545454545455,0.0,GOOD,,162.88333333333333,1.3393896544563297,126.3439393939394,1.7593584219632354,73.8,1.7379890852954343,0.44870461336565826,0.0026304239977090345,0.34802402715723096,0.0018056231274872479,0.20327135672211197,0.0030272628930480133,17.953030303030303,0.279458186263357,139.4909090909091,2.3493859463844737,162.88333333333333,1.3393896544563297,141.22575757575757,1.5291917657318201,135.73939393939395,0.5892673385882722,161.6409090909091,0.8051872119457635,,,,,,,,,,,,,,,,,,,,,,,,,,,,none,0,SamsungS7,,
A_pH_test_dataset/samsung_s7_test/4.jpg,A_pH_test_dataset,samsung_s7_test,4.jpg,d46b73430406f1c84223549a7928daca,750,1000,dataset_annotation,356,430,22,30,1,5.45,78.94671866666667,70.91360982514465,15.665260031936002,660,130.74242424242425,0.0,GOOD,,159.48636363636365,1.958229438660154,127.47878787878788,2.2805843982253395,71.60606060606061,2.041083995115043,0.4448178618527343,0.002630001168396528,0.3555148685277875,0.0018149386657337232,0.19966726682986907,0.003016166347385276,19.00151515151515,0.25524345137025806,140.61666666666667,2.3696364209888334,159.48636363636365,1.958229438660154,140.94242424242424,1.9716982839797443,133.27121212121213,0.5371826481084752,162.5712121212121,0.5332192543282824,,,,,,,,,,,,,,,,,,,,,,,,,,,,none,0,SamsungS7,,
A_pH_test_dataset/samsung_s7_test/5.jpg,A_pH_test_dataset,samsung_s7_test,5.jpg,8d2cead33d7664e2ef5a1a4cb9376060,750,1000,dataset_annotation,360,425,22,30,1,5.45,80.8046,71.48350416825782,17.490018189210662,660,133.94242424242424,0.0,GOOD,,162.28484848484848,2.0428917727635443,130.74545454545455,2.337842946366004,75.61363636363636,2.2917762307893454,0.44026142402563595,0.002755776556081066,0.35466564176164644,0.0014024945557927241,0.20507293149925152,0.0030981318566099844,18.96212121212121,0.19090307830839626,136.2560606060606,2.4332687073949546,162.28484848484848,2.0428917727635443,143.94242424242424,2.151043482229638,133.1969696969697,0.3977092348002026,162.1787878787879,0.5292977484551987,,,,,,,,,,,,,,,,,,,,,,,,,,,,none,0,SamsungS7,,
A_pH_test_dataset/samsung_s7_test/6.jpg,A_pH_test_dataset,samsung_s7_test,6.jpg,4e112e65c5caef3cb56a4fd704b33bd9,750,1000,dataset_annotation,361,422,22,30,1,5.45,83.09228533333334,72.33671225192123,18.449397883646224,660,136.5621212121212,0.0,GOOD,,165.50757575757575,1.9628991086980137,133.5530303030303,1.943576810229929,74.99545454545455,2.261330515974907,0.4424976164796328,0.002470746925745911,0.3570485728752343,0.0012642470313631977,0.20045380797107726,0.0033804936425656344,19.116666666666667,0.3210226714043037,139.47575757575757,2.502305640202264,165.50757575757575,1.9628991086980137,146.5681818181818,1.9508862858392033,133.0090909090909,0.1648941558837914,163.78333333333333,0.6203819286324653,,,,,,,,,,,,,,,,,,,,,,,,,,,,none,0,SamsungS7,,
A_pH_test_dataset/samsung_s7_test/7.jpg,A_pH_test_dataset,samsung_s7_test,7.jpg,993a8d23a38b84aff6f6b3fc28a69b92,750,1000,dataset_annotation,362,424,22,30,1,5.665,80.194056,71.35702425317963,13.470917611006223,660,136.19848484848484,0.0,WARN,blurry,160.39848484848486,1.8950487660026079,135.60454545454544,2.044129200253209,77.43484848484849,2.038343982051207,0.42954080424252017,0.0016887717122817533,0.3631303850610612,0.0020019194840492868,0.20732880801798445,0.002910984435127317,21.0,0.0,131.89848484848486,2.1971739716944683,160.39848484848486,1.8950487660026079,147.0530303030303,1.7910315037895272,129.5939393939394,0.4910961110274641,162.34848484848484,0.6053404812626363,,,,,,,,,,,,,,,,,,,,,,,,,,,,none,0,SamsungS7,,
A_pH_test_dataset/samsung_s7_test/8.jpg,A_pH_test_dataset,samsung_s7_test,8.jpg,79f2af27465b5f69d449ceab5a8bcad5,750,1000,dataset_annotation,362,420,22,30,1,5.665,79.660672,71.1640826483071,13.145744500606224,660,136.9090909090909,0.0,WARN,blurry,161.05454545454546,1.8082455768273573,136.4,2.1399518544569966,77.79545454545455,1.4971621456469326,0.4292054951393459,0.0016012034409657364,0.3634825300362409,0.001907942670320889,0.2073119721590639,0.002585263295153081,21.048484848484847,0.2147884260202345,131.85,1.8950293833174099,161.05454545454546,1.8082455768273573,147.8409090909091,1.7855885433887035,129.5090909090909,0.4999173485406371,162.53787878787878,0.7467637554941609,,,,,,,,,,,,,,,,,,,,,,,,,,,,none,0,SamsungS7,,
A_pH_test_dataset/samsung_s7_test/9.jpg,A_pH_test_dataset,samsung_s7_test,9.jpg,b0bfddaca196fe063b9aef74a16b9f24,750,1000,dataset_annotation,356,429,22,30,1,5.665,81.16661733333333,71.76351650616697,14.196203197139557,660,135.47575757575757,0.0,WARN,blurry,161.70909090909092,1.9298867349969935,134.03636363636363,3.1725926862137666,73.73030303030303,2.2982186578047195,0.4377346311417502,0.0038154826604099644,0.3627460077327438,0.002519827406029683,0.1995193584180108,0.0032548262473119593,20.554545454545455,0.6820605629782798,138.74242424242425,2.7820343878481952,161.70909090909092,1.9298867349969935,146.29545454545453,2.556449468363793,130.9378787878788,1.0620542061602944,163.89848484848486,0.7767438687554731,,,,,,,,,,,,,,,,,,,,,,,,,,,,none,0,SamsungS7,,
A_pH_test_dataset/samsung_s7_test/10.jpg,A_pH_test_dataset,samsung_s7_test,10.jpg,de735ef1ea71719c3ac959344aad67c0,750,1000,dataset_annotation,361,424,22,30,1,5.846,81.316484,71.80683680920926,16.07816441528889,660,137.37121212121212,0.0,GOOD,,161.04393939393938,1.667753777688293,138.62272727272727,2.430568922959437,68.94393939393939,1.8144728584089271,0.4369287214669344,0.0031639019376037353,0.3760551973455984,0.001946020871488574,0.18701607847400398,0.0029414343476121835,22.684848484848484,0.4645761914360436,145.76363636363635,2.4921474470969063,161.04393939393938,1.667753777688293,149.06666666666666,2.0776832474580136,127.59242424242424,0.8214566895129883,167.72727272727272,0.6359305885854387,,,,,,,,,,,,,,,,,,,,,,,,,,,,none,0,SamsungS7,,
A_pH_test_dataset/samsung_s7_test/11.jpg,A_pH_test_dataset,samsung_s7_test,11.jpg,6b6e328f3f66c2d147e2c807d9a05898,750,1000,dataset_annotation,362,423,22,30,1,5.846,76.524968,69.93491835937402,15.364005803944886,660,135.64545454545456,0.0,GOOD,,157.15454545454546,1.855473623942417,136.85151515151514,1.8494259899208385,72.52424242424243,2.0481374100195024,0.4287844779648742,0.00209591310976026,0.3733808901403355,0.0017676420699571191,0.19783462916591052,0.0031353800419927262,23.0,0.0,137.36363636363637,2.4614381336833175,157.15454545454546,1.855473623942417,146.85151515151514,1.8494259899208385,127.06515151515151,0.550754970607819,164.95606060606062,0.8736251168617772,,,,,,,,,,,,,,,,,,,,,,,,,,,,none,0,SamsungS7,,
A_pH_test_dataset/samsung_s7_test/12.jpg,A_pH_test_dataset,samsung_s7_test,12.jpg,89166e67e58cf856c25d4c0c4d647fcc,750,1000,dataset_annotation,363,422,22,30,1,5.846,80.16540133333334,71.05420481856744,17.377261783877334,660,135.96969696969697,0.0,GOOD,,159.0469696969697,1.8955865564571617,136.87575757575758,2.3848677370136624,70.88484848484849,1.9730181789884547,0.43363197915115415,0.00356478658819761,0.37314569546739,0.0019380944787365216,0.1932223226545946,0.0032148680266225007,22.406060606060606,0.5032858058673138,141.24545454545455,2.7431005360657466,159.0469696969697,1.8955865564571617,147.46818181818182,2.188237085578189,127.74090909090908,0.88651125421889,166.0651515151515,0.9063734637725432,,,,,,,,,,,,,,,,,,,,,,,,,,,,none,0,SamsungS7,,
A_pH_test_dataset/samsung_s7_test/13.jpg,A_pH_test_dataset,samsung_s7_test,13.jpg,9ff9c7af6f8fcfd753da3744ddf69fc9,750,1000,dataset_annotation,361,430,22,30,1,6.254,76.697484,69.87940812621228,15.699115197139557,660,126.06666666666666,0.0,GOOD,,138.37727272727273,3.1292992464934835,131.86212121212122,2.7503313933390663,65.05454545454545,1.8981794961091103,0.41269739382160797,0.003309364906013515,0.39327575499913225,0.00227304396028463,0.1940268481955716,0.004282483432581966,27.30151515151515,0.4846093160107129,135.0772727272727,3.542610553205142,138.37727272727273,3.1292992464934835,138.65454545454546,2.829293830846704,120.96212121212122,0.6787388375141398,164.48636363636365,1.1500179660831606,,,,,,,,,,,,,,,,,,,,,,,,,,,,none,0,SamsungS7,,
A_pH_test_dataset/samsung_s7_test/14.jpg,A_pH_test_dataset,samsung_s7_test,14.jpg,51339e649deb5892f22657ffe80f74f7,750,1000,dataset_annotation,361,421,22,30,1,6.254,77.26712666666667,70.18938726529309,12.310255339690665,660,128.2560606060606,0.0,WARN,blurry,140.61363636363637,2.6675596817404825,134.37272727272727,2.219168930884184,64.08333333333333,1.50273320010808,0.41469264081965035,0.0031224335635917913,0.3962970377962952,0.0017238712089994617,0.18901031843407246,0.003964029125142792,27.354545454545455,0.4783753497062862,138.81060606060606,3.3155569388126516,140.61363636363637,2.6675596817404825,141.05,2.3462897855072713,120.56666666666666,0.6349262265266046,166.1030303030303,1.0988933409750474,,,,,,,,,,,,,,,,,,,,,,,,,,,,none,0,SamsungS7,,
A_pH_test_dataset/samsung_s7_test/15.jpg,A_pH_test_dataset,samsung_s7_test,15.jpg,3c74cdb70587fed8183187455a9c36c4,750,1000,dataset_annotation,360,432,22,30,1,6.254,78.20140666666667,70.50169531310073,10.581121947733335,660,129.20757575757577,0.0,WARN,blurry,142.20151515151514,3.202791983909457,135.21666666666667,2.8683266863797052,64.7560606060606,3.496692323961048,0.41562446731916675,0.004193858724489529,0.3952126313448549,0.003113961271916712,0.18916289841172354,0.006733167539914339,27.154545454545456,0.42325642996845536,138.87424242424242,5.34910954373973,142.20151515151514,3.202791983909457,142.03636363636363,2.8775850756786663,120.82272727272728,0.5535821240286549,166.28333333333333,1.4647456427584273,,,,,,,,,,,,,,,,,,,,,,,,,,,,none,0,SamsungS7,,
A_pH_test_dataset/samsung_s7_test/16.jpg,A_pH_test_dataset,samsung_s7_test,16.jpg,952a6ebef531e3c41a58771ef876b4d1,750,1000,dataset_annotation,358,431,22,30,1,6.59,78.37556533333333,70.54513912864867,12.956246811589333,660,127.16818181818182,0.0,WARN,blurry,121.16818181818182,2.7945650223088108,139.8560606060606,2.922567820084518,76.08030303030303,2.7630527527054642,0.359452242807281,0.000975177599882793,0.414916575036114,0.002472270753383029,0.22563117918836895,0.0033138565033556506,39.0,0.0,116.28484848484848,2.850424871267462,139.8560606060606,2.922567820084518,141.2621212121212,2.73242400717835,110.31212121212121,0.46335899804060937,159.88787878787878,0.7067885439887112,,,,,,,,,,,,,,,,,,,,,,,,,,,,none,0,SamsungS7,,
A_pH_test_dataset/samsung_s7_test/17.jpg,A_pH_test_dataset,samsung_s7_test,17.jpg,1425ad060753371a1150edcc72c74a95,750,1000,dataset_annotation,365,424,22,30,1,6.59,78.00825866666666,70.45817258341593,8.363198434259553,660,124.97727272727273,0.0,WARN,blurry,120.2030303030303,4.41944634188251,137.28939393939393,4.724809721609731,73.0530303030303,4.4208774563349085,0.3637133674319873,0.003939139660360286,0.41543798060492454,0.0030342436514441693,0.22084864893294093,0.00552290241253501,37.88030303030303,0.9812977951254604,119.48787878787878,4.198286632898507,137.28939393939393,4.724809721609731,139.02121212121213,4.49034368501455,110.82575757575758,0.6707776143381302,160.40757575757576,0.8972703734374988,,,,,,,,,,,,,,,,,,,,,,,,,,,,none,0,SamsungS7,,
A_pH_test_dataset/samsung_s7_test/18.jpg,A_pH_test_dataset,samsung_s7_test,18.jpg,d63301c9def7b0d3583240b410f4732f,750,1000,dataset_annotation,356,418,22,30,1,6.59,78.50263466666667,70.709806418383,7.946938857955557,660,131.5469696969697,0.0,WARN,blurry,125.97121212121212,1.897547472278374,145.37121212121212,1.4964873164641004,74.10454545454546,1.1545603673577567,0.3646517661329654,0.00205673633380059,0.42083409659498355,0.002222974740668904,0.21451413437683833,0.0017451631878232711,37.86666666666667,0.5226196639347903,125.12121212121212,1.6031706417346043,145.37121212121212,1.4964873164641004,146.48333333333332,1.470320861017565,109.2560606060606,0.6297254783991888,163.35757575757575,0.67824653738365,,,,,,,,,,,,,,,,,,,,,,,,,,,,none,0,SamsungS7,,
A_pH_test_dataset/samsung_s7_test/19.jpg,A_pH_test_dataset,samsung_s7_test,19.jpg,7ed84d596456e39ac2e6ee3a4e2527ea,750,1000,dataset_annotation,360,427,22,30,1,6.896,78.33829333333334,70.29093809982874,17.49488527529956,660,113.12727272727273,0.0,GOOD,,92.0030303030303,2.327045838056281,131.31969696969696,2.4456343105419314,75.0030303030303,2.1184592526509287,0.30837878041937034,0.0022688646704308512,0.4402259740898797,0.0033388202370079213,0.25139524213718106,0.0034910342033503566,51.03787878787879,0.4955147771747386,109.36212121212121,3.0272632480817405,131.31969696969696,2.4456343105419314,129.45757575757577,2.2776290573859184,102.97575757575757,0.6647078661269872,154.12575757575758,0.9851642850323056,,,,,,,,,,,,,,,,,,,,,,,,,,,,none,0,SamsungS7,,
A_pH_test_dataset/samsung_s7_test/20.jpg,A_pH_test_dataset,samsung_s7_test,20.jpg,95c5ace51bdf268d948eb20b7955841e,750,1000,dataset_annotation,361,425,22,30,1,6.896,78.402756,70.56127362515832,11.523027488766223,660,115.25454545454545,0.0,WARN,blurry,92.5969696969697,2.618348409402599,134.43333333333334,2.2823654219234744,77.04242424242425,1.7883512472819005,0.30448126846158985,0.0029358026386072456,0.44215348830508344,0.0032627584413096205,0.25336523994320587,0.0022578225632052824,51.722727272727276,0.7073843099641601,108.88181818181818,2.060002139665636,134.43333333333334,2.2823654219234744,132.25,2.248147385441325,102.03030303030303,0.6621749510124897,154.56060606060606,0.6635256584015485,,,,,,,,,,,,,,,,,,,,,,,,,,,,none,0,SamsungS7,,
A_pH_test_dataset/samsung_s7_test/21.jpg,A_pH_test_dataset,samsung_s7_test,21.jpg,ad226d1655799145b7fd7f84c4f13b17,750,1000,dataset_annotation,357,431,22,30,1,6.896,78.18104533333333,70.40098038086741,12.279184560211554,660,110.96666666666667,0.0,WARN,blurry,88.94242424242424,1.775170551435842,129.7378787878788,2.077897039441498,73.49242424242425,1.4104384237857008,0.30439946860643097,0.0018065963285652717,0.4440501011122487,0.0025208273266644947,0.25155042685783774,0.0037585682989668334,51.766666666666666,0.8128388959117734,110.60757575757576,2.9998389151732905,129.7378787878788,2.077897039441498,127.72727272727273,2.0607843060162474,102.3378787878788,0.49795495461213474,154.03939393939393,1.159268158362668,,,,,,,,,,,,,,,,,,,,,,,,,,,,none,0,SamsungS7,,
A_pH_test_dataset/samsung_s7_test/22.jpg,A_pH_test_dataset,samsung_s7_test,22.jpg,46ee5d8736cf9455cf74fcc6e31c66dc,750,1000,dataset_annotation,357,421,22,30,1,7.206,78.448584,70.17843810645554,17.11903951249067,660,100.01969696969697,0.0,GOOD,,61.07575757575758,2.8471708768243165,122.8439393939394,3.0118266272630208,86.16818181818182,3.021220859535705,0.22603407832357972,0.0035598302765627414,0.4549510431941302,0.004406905904821459,0.31901487477593876,0.001836803602173682,72.11969696969697,0.37242843403218523,128.30151515151516,3.3626735586273675,122.8439393939394,3.0118266272630208,118.9969696969697,2.9392830344588257,99.10151515151514,0.5048229285248156,141.91666666666666,0.35763674364365916,,,,,,,,,,,,,,,,,,,,,,,,,,,,none,0,SamsungS7,,
A_pH_test_dataset/samsung_s7_test/23.jpg,A_pH_test_dataset,samsung_s7_test,23.jpg,849ff50d2cde3279af62054016bba183,750,1000,dataset_annotation,355,423,22,30,1,7.206,77.98210933333333,70.13162670239474,15.385205873733332,660,98.60303030303031,0.0,GOOD,,59.10151515151515,2.09768937991756,120.9469696969697,3.0289371921902313,86.53484848484848,2.6440896024015537,0.22166925728613115,0.0029343818956485902,0.4537401347538264,0.002565796324361375,0.32459060420588026,0.0016094751025493201,73.2969696969697,0.5390703830388062,130.6439393939394,2.319001142595063,120.9469696969697,3.0289371921902313,117.50454545454545,2.6728110170347565,99.57575757575758,0.5093253428476247,141.01969696969698,0.24846175058943937,,,,,,,,,,,,,,,,,,,,,,,,,,,,none,0,SamsungS7,,
A_pH_test_dataset/samsung_s7_test/24.jpg,A_pH_test_dataset,samsung_s7_test,24.jpg,42c5c014e42ef8a641765da77fe97e0c,750,1000,dataset_annotation,358,428,22,30,1,7.206,78.37741466666667,70.34105109277264,16.47814449202489,660,101.63333333333334,0.0,GOOD,,63.13030303030303,2.945668093019518,124.05151515151515,3.2553565379485505,88.16060606060606,2.8345743514507893,0.22917961260221414,0.0038200402148943252,0.4506260886961627,0.003847683851016785,0.3201942950660877,0.0025083108805011695,72.27272727272727,0.4968218553192532,125.2530303030303,3.1753653904264447,124.05151515151515,3.2553565379485505,120.45,3.096760281717693,99.55151515151515,0.5893608310401794,141.70151515151514,0.5507549706078189,,,,,,,,,,,,,,,,,,,,,,,,,,,,none,0,SamsungS7,,
A_pH_test_dataset/samsung_s7_test/25.jpg,A_pH_test_dataset,samsung_s7_test,25.jpg,94e425a4baf09ff7ddb29bb159d6ef17,750,1000,dataset_annotation,359,430,22,30,1,7.501,77.62248533333333,70.40178395473929,7.894112450543999,660,83.96363636363637,0.0,WARN,blurry,31.168181818181818,1.0970565426864922,108.78484848484848,2.907005249822866,94.93484848484849,2.036856790033056,0.13270530785932966,0.003950952147469653,0.46310628099337126,0.0035320152691210487,0.4041884068876904,0.001645027054033801,84.75757575757575,0.4658197746367235,181.83939393939394,2.6920128094093227,108.78484848484848,2.907005249822866,105.21969696969697,2.5403244660911173,101.20454545454545,0.9934530868705741,129.03030303030303,0.40338330405560574,,,,,,,,,,,,,,,,,,,,,,,,,,,,none,0,SamsungS7,,
A_pH_test_dataset/samsung_s7_test/26.jpg,A_pH_test_dataset,samsung_s7_test,26.jpg,e702ddba45d5688853abe005414e9426,750,1000,dataset_annotation,360,433,22,30,1,7.501,77.53786266666667,70.20522102915001,11.516132360318224,660,81.99545454545455,0.0,WARN,blurry,30.343939393939394,1.5100299804247101,106.31666666666666,3.035850603848761,92.40151515151516,2.208317090225621,0.132425989830291,0.0043660040446791455,0.4641357803242873,0.0038561315913537785,0.40343822547656655,0.0033653457164184368,84.66969696969697,0.47032216455921544,182.1590909090909,2.8220708747369487,106.31666666666666,3.035850603848761,102.85909090909091,2.6826873270595364,101.71363636363637,0.8464518392994627,129.1787878787879,0.6383015226305434,,,,,,,,,,,,,,,,,,,,,,,,,,,,none,0,SamsungS7,,
A_pH_test_dataset/samsung_s7_test/27.jpg,A_pH_test_dataset,samsung_s7_test,27.jpg,4a90433f85a8b325be48c9d5b6ef41a6,750,1000,dataset_annotation,359,427,22,30,1,7.501,77.319712,70.21410016207848,8.736867216979556,660,84.53333333333333,0.0,WARN,blurry,32.415151515151514,1.5822157865553537,108.92424242424242,1.907009447312618,95.71212121212122,1.7586595404588734,0.13668565420876297,0.004603686151800049,0.4595350664358388,0.0037193222833684938,0.4037792751351761,0.001728476797323544,84.98030303030303,0.13895682452375757,179.06363636363636,3.108475040898641,108.92424242424242,1.907009447312618,105.56818181818181,1.7718043440540536,101.61212121212121,0.5834887632360826,128.8030303030303,0.40150085737849395,,,,,,,,,,,,,,,,,,,,,,,,,,,,none,0,SamsungS7,,
A_pH_test_dataset/samsung_s7_test/28.jpg,A_pH_test_dataset,samsung_s7_test,28.jpg,ed1aa0af4d7c902d7f7501cfbf2b6ebb,750,1000,dataset_annotation,359,432,22,30,1,7.8,79.17074933333333,70.88243108602559,12.47354338815289,660,74.43939393939394,0.0,WARN,blurry,14.004545454545454,1.9590452079321097,98.48636363636363,3.3621956373971207,109.01818181818182,2.639381762488002,0.06308330342411958,0.007580170740026613,0.44461480777510826,0.004712169140350497,0.49230188428148847,0.004942183834748866,93.3,0.47129737122247145,222.3060606060606,4.147685692333438,109.01818181818182,2.639381762488002,96.57878787878788,3.2592300239387804,108.86969696969697,0.9868790256170907,115.38636363636364,0.6425296511578901,,,,,,,,,,,,,,,,,,,,,,,,,,,,none,0,SamsungS7,,
A_pH_test_dataset/samsung_s7_test/29.jpg,A_pH_test_dataset,samsung_s7_test,29.jpg,cc245bab136dc7d3d0da565f48e788cd,750,1000,dataset_annotation,355,429,22,30,1,7.8,79.02579733333333,70.79173801956642,11.629537444264889,660,74.98636363636363,0.0,WARN,blurry,14.556060606060607,1.61663968623648,99.0060606060606,2.05970568564502,109.92727272727272,1.5611325972594048,0.06507803665951555,0.006614017231849556,0.4430089731784652,0.004781194301998067,0.4919129856859657,0.0028447192042503405,93.3378787878788,0.47298701100595664,221.22272727272727,3.6114840169115676,109.92727272727272,1.5611325972594048,97.08181818181818,1.9639099136061031,108.9090909090909,0.8691213383794268,115.26969696969697,0.5163888882714376,,,,,,,,,,,,,,,,,,,,,,,,,,,,none,0,SamsungS7,,
A_pH_test_dataset/samsung_s7_test/30.jpg,A_pH_test_dataset,samsung_s7_test,30.jpg,606a35683e8734961a2473e08ec96ace,750,1000,dataset_annotation,358,426,22,30,1,7.8,79.035216,70.81232740020161,11.564881091838224,660,76.27878787878788,0.0,WARN,blurry,15.909090909090908,1.63695275590619,99.80757575757576,3.2517040104433734,112.60606060606061,3.3142428536992585,0.06956617706387931,0.005439346705982988,0.4371634409088217,0.0038334792322928233,0.493270377642576,0.0042646302722376414,93.81666666666666,0.4417881479586881,219.03636363636363,2.993712419319327,112.60606060606061,3.3142428536992585,98.19090909090909,2.982765001192953,109.53484848484848,0.8129617427806656,114.0060606060606,0.8275335364217351,,,,,,,,,,,,,,,,,,,,,,,,,,,,none,0,SamsungS7,,
A_pH_test_dataset/samsung_s7_test/31.jpg,A_pH_test_dataset,samsung_s7_test,31.jpg,e7826523865383d147d5e324ed95ef56,750,1000,dataset_annotation,360,418,22,30,1,8.07,78.842652,70.89060317799694,9.012017199955555,660,77.00909090909092,0.0,WARN,blurry,12.693939393939393,1.9385154260239885,99.22121212121212,3.520008400106848,131.33939393939394,2.2856521374208723,0.05200288525232884,0.006480828398919208,0.4078382203296795,0.0034425960329023545,0.5401588903032093,0.008168156888205115,98.3030303030303,0.459568208730397,230.3590909090909,3.396052845750413,131.33939393939394,2.2856521374208723,99.73636363636363,3.112079902944982,116.55757575757576,1.3043122657880022,103.73333333333333,1.0947994604428057,,,,,,,,,,,,,,,,,,,,,,,,,,,,none,0,SamsungS7,,
A_pH_test_dataset/samsung_s7_test/32.jpg,A_pH_test_dataset,samsung_s7_test,32.jpg,66d20b91def2d9e59eb8c666536ed8f5,750,1000,dataset_annotation,362,422,22,30,1,8.07,79.438484,70.69723630464685,18.40414068274489,660,72.83030303030303,0.0,GOOD,,8.6,1.9657676424853534,94.81818181818181,3.0371891456305593,128.98181818181817,3.080678255254303,0.03683104765885918,0.007527686866534814,0.4080090140721929,0.00290999545765168,0.5551599339616041,0.005987904742028559,98.56363636363636,0.4959338798903947,238.0621212121212,3.6441013005044085,128.98181818181817,3.080678255254303,95.8030303030303,3.0332485684278505,118.11818181818182,0.7869983425551625,102.51515151515152,0.5784625454055761,,,,,,,,,,,,,,,,,,,,,,,,,,,,none,0,SamsungS7,,
A_pH_test_dataset/samsung_s7_test/33.jpg,A_pH_test_dataset,samsung_s7_test,33.jpg,fb5abf2f39087dc05c45ca71e868a2ab,750,1000,dataset_annotation,353,428,22,30,1,8.07,78.62291866666666,70.77423700990862,9.265457564558222,660,70.53030303030303,0.0,WARN,blurry,9.01060606060606,1.394211929879319,91.17575757575757,2.013444252869273,125.42727272727272,1.7204250227641913,0.03988180719523728,0.005779778038020258,0.40411766897832974,0.003976638665414997,0.5560005193924811,0.003966805848937428,98.93636363636364,0.24410402876541004,236.79393939393938,2.866202153408879,125.42727272727272,1.7204250227641913,92.16363636363636,2.0054196540825853,118.92727272727272,0.7076519977095092,102.6969696969697,0.5385079546891991,,,,,,,,,,,,,,,,,,,,,,,,,,,,none,0,SamsungS7,,
A_pH_test_dataset/samsung_s7_test/34.jpg,A_pH_test_dataset,samsung_s7_test,34.jpg,6eb6014d3c0465ca469b0d400adb3b11,750,1000,dataset_annotation,356,429,22,30,1,8.423,78.600476,70.82474718561836,9.13733182182222,660,64.94848484848485,0.0,WARN,blurry,6.095454545454546,1.399667906302736,82.2560606060606,2.018747645678619,131.03939393939393,2.045310881599057,0.02770450028833563,0.006009107027434622,0.37491587785550506,0.002886340627691955,0.5973796172959339,0.0054309692394881835,101.76969696969697,0.42102677413232503,243.02878787878788,2.5785987004640516,131.03939393939393,2.045310881599057,85.2560606060606,2.018747645678619,126.43636363636364,0.709595779862661,94.92272727272727,0.5295210684981959,,,,,,,,,,,,,,,,,,,,,,,,,,,,none,0,SamsungS7,,
A_pH_test_dataset/samsung_s7_test/35.jpg,A_pH_test_dataset,samsung_s7_test,35.jpg,0f42a7420a06aad2d6811fc538d84623,750,1000,dataset_annotation,356,427,22,30,1,8.423,78.60704266666667,70.91142890865697,7.22920896311289,660,68.09545454545454,0.0,WARN,blurry,7.298484848484849,1.1548307529470496,85.81363636363636,2.050896800414495,136.1621212121212,2.579538668615646,0.031782455933787486,0.004665796403629679,0.37428247569588724,0.003200024490382814,0.5939350640065936,0.0039672662773297535,101.79848484848485,0.4011318925552754,241.29848484848486,2.063462258485644,136.1621212121212,2.579538668615646,88.89545454545454,2.041904326416131,126.36666666666666,0.837806178014457,94.12878787878788,0.7648064028186937,,,,,,,,,,,,,,,,,,,,,,,,,,,,none,0,SamsungS7,,
A_pH_test_dataset/samsung_s7_test/36.jpg,A_pH_test_dataset,samsung_s7_test,36.jpg,15273d36a2a342363010c307f2a4b980,750,1000,dataset_annotation,361,426,22,30,1,8.423,78.92987333333333,70.89356526218693,10.585797204416,660,66.25151515151515,0.0,WARN,blurry,5.7727272727272725,1.4626196355673295,84.69393939393939,2.9782483558384074,130.03333333333333,3.336952580611916,0.02606513312438273,0.0061390964016852295,0.3840714259949626,0.0030048524096741077,0.5898634363407432,0.006007996417450999,101.0,0.0778498944161523,243.71060606060607,2.73022525365964,130.03333333333333,3.336952580611916,87.20454545454545,2.862343382942249,124.39393939393939,0.8889692342017291,96.61969696969697,0.6554479608517801,,,,,,,,,,,,,,,,,,,,,,,,,,,,none,0,SamsungS7,,
A_pH_test_dataset/samsung_s7_train/1.jpg,A_pH_test_dataset,samsung_s7_train,1.jpg,1c8ccc897c5696004f6dbc614cfc8e10,750,1000,dataset_annotation,357,435,22,30,1,5.0,81.721844,71.89007843395126,17.90457528106667,660,133.45909090909092,0.0,GOOD,,164.9530303030303,2.606386079041461,128.10454545454544,2.1825014712884636,78.30606060606061,1.7425928772151125,0.4441905828304592,0.0019802628517260794,0.3449572749224289,0.0016279558908936839,0.2108521395536033,0.0025617005233988807,17.266666666666666,0.4590283985845219,133.97424242424242,1.8959934316198561,164.9530303030303,2.606386079041461,143.11515151515152,2.1606846855514323,136.09545454545454,0.5812556466149496,160.0787878787879,0.6874447970157206,,,,,,,,,,,,,,,,,,,,,,,,,,,,none,0,SamsungS7,,
A_pH_test_dataset/samsung_s7_train/2.jpg,A_pH_test_dataset,samsung_s7_train,2.jpg,8a65f2e6483c3321d2023f5bc5d39188,750,1000,dataset_annotation,363,429,22,30,1,5.0,80.25306,71.3993224942394,14.976214897891559,660,131.95606060606062,0.0,WARN,blurry,163.00151515151515,1.995828408869164,127.24848484848485,2.237168287532283,74.81363636363636,1.7056400525845763,0.4465259874392514,0.002322712717202397,0.3485562372298964,0.0017909513260485409,0.2049177725909658,0.0023938202754963857,17.893939393939394,0.3270060642004596,137.9939393939394,1.8182474735620517,163.00151515151515,1.995828408869164,141.95454545454547,2.0115712099705467,135.3242424242424,0.6211086388309912,161.37272727272727,0.6922833223089426,,,,,,,,,,,,,,,,,,,,,,,,,,,,none,0,SamsungS7,,
A_pH_test_dataset/samsung_s7_train/3.jpg,A_pH_test_dataset,samsung_s7_train,3.jpg,16b3ec3e840f835972af41d7dd341b28,750,1000,dataset_annotation,360,434,22,30,1,5.0,80.617632,71.65353611217832,11.024402169678222,660,132.72575757575757,0.0,WARN,blurry,163.67727272727274,1.9680243480990633,127.58939393939394,2.072082014572489,79.39848484848486,1.79907319778339,0.4415986153926543,0.001966303320998982,0.3442133532970791,0.0015356925281244987,0.21418802861181158,0.0024573168538727552,16.957575757575757,0.36682941542134473,131.31666666666666,1.8458867732875655,163.67727272727274,1.9680243480990633,142.58939393939394,2.002924285462784,135.97575757575757,0.44655604896457324,159.16363636363636,0.5645154435003645,,,,,,,,,,,,,,,,,,,,,,,,,,,,none,0,SamsungS7,,
A_pH_test_dataset/samsung_s7_train/4.jpg,A_pH_test_dataset,samsung_s7_train,4.jpg,47c8ead5ef56ffabba757a7795b40276,750,1000,dataset_annotation,360,433,22,30,1,6.0,81.22622933333334,71.61735792591584,17.784142630597337,660,135.23030303030302,0.0,GOOD,,156.1939393939394,2.0505637648955624,137.40151515151516,2.251127153648066,68.19545454545455,1.9305307653111028,0.4317511743460028,0.0017606594305847052,0.37978624713737674,0.0014044884200414148,0.18846257575181058,0.0026149883226357167,23.765151515151516,0.42390408586478123,143.7,1.9758389089041124,156.1939393939394,2.0505637648955624,146.99545454545455,1.9874554935502267,125.87878787878788,0.3263736246748184,167.12575757575758,0.3579447248933437,,,,,,,,,,,,,,,,,,,,,,,,,,,,none,0,SamsungS7,,
A_pH_test_dataset/samsung_s7_train/5.jpg,A_pH_test_dataset,samsung_s7_train,5.jpg,5f932041a5830e55b1db25c352a35506,750,1000,dataset_annotation,359,429,22,30,1,6.0,80.94214266666667,71.48481855048418,16.392331295770664,660,134.53484848484848,0.0,GOOD,,155.53484848484848,2.2684257272552393,137.32272727272726,2.454513187217762,65.42121212121212,1.859008790263596,0.4341386613894891,0.0015739394848553413,0.3832850180024902,0.001817271276673923,0.18257631781605635,0.0029717585319399592,23.983333333333334,0.12801909579781012,147.6787878787879,2.0382341697563033,155.53484848484848,2.2684257272552393,146.51818181818183,2.2585802117708274,125.4530303030303,0.49778895886366825,168.18333333333334,0.7655624459087963,,,,,,,,,,,,,,,,,,,,,,,,,,,,none,0,SamsungS7,,
A_pH_test_dataset/samsung_s7_train/6.jpg,A_pH_test_dataset,samsung_s7_train,6.jpg,5fd6f02283ce398d1a68a3186b647038,750,1000,dataset_annotation,364,427,22,30,1,6.0,79.709312,71.17472961067939,14.644877569733334,660,133.00151515151515,0.0,WARN,blurry,154.27121212121213,2.9124739640670145,135.22878787878787,2.7259841231843365,65.2439393939394,1.9107850828103463,0.43489948805470335,0.0020514000790945843,0.381207481719625,0.0015045814234476125,0.18389302740554758,0.0022935920071736286,23.542424242424243,0.5072386940540304,147.27575757575758,1.8860782308127193,154.27121212121213,2.9124739640670145,145.0,2.6204325342711394,126.07878787878788,0.713403101554529,167.46969696969697,0.580483000813324,,,,,,,,,,,,,,,,,,,,,,,,,,,,none,0,SamsungS7,,
A_pH_test_dataset/samsung_s7_train/7.jpg,A_pH_test_dataset,samsung_s7_train,7.jpg,4d8c823500681a8beb6cd0adcd086d53,750,1000,dataset_annotation,360,433,22,30,1,6.5,79.560984,71.2942178180326,9.80455389848889,660,125.26818181818182,0.0,WARN,blurry,121.26818181818182,2.7257280979422447,138.20454545454547,2.8234371819931035,69.26818181818182,2.3630783140762177,0.3688965396272627,0.0011068024501109486,0.4204381049142376,0.002028249859621338,0.2106653524149234,0.0030371956195287277,37.0,0.0,127.26666666666667,2.279376132970501,138.20454545454547,2.8234371819931035,140.20454545454547,2.8234371819931035,110.4469696969697,0.4971798336221153,162.5,0.6142253066039588,,,,,,,,,,,,,,,,,,,,,,,,,,,,none,0,SamsungS7,,
A_pH_test_dataset/samsung_s7_train/8.jpg,A_pH_test_dataset,samsung_s7_train,8.jpg,f8f617492faa8ed4318c9c3b7179844e,750,1000,dataset_annotation,356,429,22,30,1,6.5,79.71539466666667,71.25153292248692,10.75669692582222,660,125.05454545454545,0.0,WARN,blurry,122.00909090909092,1.6948877921854217,138.02727272727273,1.9162420178762336,65.32121212121213,1.7683681187720615,0.37500897367466046,0.0016389946497785376,0.4242440699620433,0.0021257587287528603,0.20074695328906939,0.003544130960390033,36.807575757575755,0.3942044562808731,134.37272727272727,2.886307563282586,138.02727272727273,1.9162420178762336,139.9878787878788,1.8504311660959285,110.5939393939394,0.5465813277473508,164.83333333333334,0.8399735445569436,,,,,,,,,,,,,,,,,,,,,,,,,,,,none,0,SamsungS7,,
A_pH_test_dataset/samsung_s7_train/9.jpg,A_pH_test_dataset,samsung_s7_train,9.jpg,0581c4308ff0a4ec2206a4f19c9043c1,750,1000,dataset_annotation,356,433,22,30,1,6.5,81.02089733333334,71.76604966580503,11.991646174419557,660,128.5681818181818,0.0,WARN,blurry,124.97727272727273,2.806555931804515,141.7621212121212,2.6843127415408454,69.41969696969697,1.864640650811165,0.37177290056837703,0.0018391236591040615,0.4217327948590065,0.0017408182303625835,0.20649430159650184,0.0024941034500407947,36.95454545454545,0.20829889522526548,130.01363636363635,1.924671271706478,141.7621212121212,2.6843127415408454,143.5651515151515,2.5406389332536747,110.03181818181818,0.27061047198548943,164.36969696969697,0.8069714607566155,,,,,,,,,,,,,,,,,,,,,,,,,,,,none,0,SamsungS7,,
A_pH_test_dataset/samsung_s7_train/10.jpg,A_pH_test_dataset,samsung_s7_train,10.jpg,e305397c0e98d4e482bacf6ddb4bb4e6,750,1000,dataset_annotation,360,427,22,30,1,7.0,79.59904533333334,71.17979112563208,10.092170169678221,660,106.67575757575757,0.0,WARN,blurry,72.41969696969697,2.2845807053115297,128.39242424242425,2.5308287423388944,84.48181818181818,1.8630302044518023,0.2537941351575558,0.0030130740461551957,0.45006549154982356,0.0028329109572109066,0.29614036978576,0.0033341054511936232,66.43030303030304,0.7196315759764383,111.18787878787879,2.1492433588615905,128.39242424242425,2.5308287423388944,125.16666666666667,2.4666461915612126,99.31060606060606,0.5440111373299508,146.25757575757575,1.0532864305908676,,,,,,,,,,,,,,,,,,,,,,,,,,,,none,0,SamsungS7,,
A_pH_test_dataset/samsung_s7_train/11.jpg,A_pH_test_dataset,samsung_s7_train,11.jpg,897357df1f8408e3b9dab47de9f1ee56,750,1000,dataset_annotation,356,428,22,30,1,7.0,80.68605466666666,71.59027695384114,13.00856391991289,660,107.65,0.0,WARN,blurry,73.60757575757576,1.3725458104691979,129.72575757575757,1.469571222361857,81.17121212121212,1.432127592029801,0.25870747815478234,0.00157290575430651,0.4559918444017262,0.002119921365997493,0.28530067392791186,0.0023034900414315358,64.2439393939394,0.5010984261505337,110.47121212121212,1.3110561497250466,129.72575757575757,1.469571222361857,125.88484848484849,1.4159526640181617,98.71363636363637,0.45206139420683933,148.7560606060606,0.5010984261505337,,,,,,,,,,,,,,,,,,,,,,,,,,,,none,0,SamsungS7,,
A_pH_test_dataset/samsung_s7_train/12.jpg,A_pH_test_dataset,samsung_s7_train,12.jpg,9f8e8008c9dd3a2e6bb3dbc3d993cc14,750,1000,dataset_annotation,359,429,22,30,1,7.0,79.98449733333334,71.40262113536632,10.099848081002667,660,105.15454545454546,0.0,WARN,blurry,70.68636363636364,2.0166268238215204,127.44242424242424,2.147871434422052,80.82121212121213,1.4537845231852884,0.2533565094194569,0.0031518511195966614,0.45688294409322217,0.0035857933256750263,0.2897605429013734,0.004178300113410364,65.3030303030303,0.883685412447572,113.5060606060606,2.1974419555114664,127.44242424242424,2.147871434422052,123.76969696969697,2.031939638879911,98.71666666666667,0.6348665651580303,147.62727272727273,1.0241841475262528,,,,,,,,,,,,,,,,,,,,,,,,,,,,none,0,SamsungS7,,
A_pH_test_dataset/samsung_s7_train/13.jpg,A_pH_test_dataset,samsung_s7_train,13.jpg,d0e4fbe0ecabedc4f97a8abf3f2de44e,750,1000,dataset_annotation,358,433,22,30,1,7.5,80.590988,71.52080214770051,14.133823671459552,660,82.3378787878788,0.0,WARN,blurry,24.495454545454546,1.2915731326660498,107.76818181818182,2.7117957312737015,103.3378787878788,1.8222750641848902,0.10395059579401487,0.004561967756159677,0.45739745650019564,0.004030004604176593,0.43865194345933356,0.0019073489534254392,88.54848484848485,0.4976436671629624,197.0121212121212,3.1105643622941304,107.76818181818182,2.7117957312737015,104.67727272727272,2.6106597015189448,102.95454545454545,0.8021149729010587,123.45151515151515,0.4976436671629624,,,,,,,,,,,,,,,,,,,,,,,,,,,,none,0,SamsungS7,,
A_pH_test_dataset/samsung_s7_train/14.jpg,A_pH_test_dataset,samsung_s7_train,14.jpg,74e58f751ed05cfc7dcb9c96913f8c91,750,1000,dataset_annotation,362,423,22,30,1,7.5,81.18886,71.74422816204148,11.58998346495289,660,84.96818181818182,0.0,WARN,blurry,26.293939393939393,2.289956912912025,110.94393939393939,2.5781499584873098,105.76212121212122,2.6876972881223713,0.10805984329899161,0.006784422084233602,0.45665471277971764,0.005171519690262878,0.435285439802675,0.0030246129081145405,88.32121212121213,0.5103519734680892,194.63636363636363,4.482073260919933,110.94393939393939,2.5781499584873098,107.80151515151515,2.457209085974304,102.46060606060605,0.5504485190137958,123.75,0.7068388869616697,,,,,,,,,,,,,,,,,,,,,,,,,,,,none,0,SamsungS7,,
A_pH_test_dataset/samsung_s7_train/15.jpg,A_pH_test_dataset,samsung_s7_train,15.jpg,e4b8c12dfa572d7975f3657aca971273,750,1000,dataset_annotation,357,421,22,30,1,7.5,81.38349066666666,71.55074301204178,17.47600249298489,660,86.84242424242424,0.0,GOOD,,28.803030303030305,3.2628287456322544,112.71363636363637,3.522842617857465,106.03484848484848,3.1013678519003083,0.11609538358205725,0.009712104005479642,0.4554125845880261,0.004090805435525993,0.4284920277849462,0.006864220263509796,87.73787878787878,0.634432495517236,189.9212121212121,5.946211300802593,112.71363636363637,3.522842617857465,109.35454545454546,3.2902602742300355,102.16818181818182,0.6966715436053217,124.60909090909091,0.8886024561460938,,,,,,,,,,,,,,,,,,,,,,,,,,,,none,0,SamsungS7,,
A_pH_test_dataset/samsung_s7_train/16.jpg,A_pH_test_dataset,samsung_s7_train,16.jpg,5f77d21dbda427e1742463f5985d658d,750,1000,dataset_annotation,352,426,22,30,1,8.0,81.22837866666667,71.67852441178792,16.003177452784,660,71.63484848484849,0.0,GOOD,,7.453030303030303,1.9011734571661898,94.23333333333333,2.2047011295654273,124.67121212121212,1.7327736699777694,0.032805049294759935,0.007820991217769156,0.4163073658701288,0.004718473091948799,0.5508875804153938,0.007322474482105266,97.83333333333333,0.4567120083661678,239.88181818181818,3.853133675134734,124.67121212121212,1.7327736699777694,94.47727272727273,2.057012798427021,116.51060606060607,1.068080803304465,104.5469696969697,1.0412288336048954,,,,,,,,,,,,,,,,,,,,,,,,,,,,none,0,SamsungS7,,
A_pH_test_dataset/samsung_s7_train/17.jpg,A_pH_test_dataset,samsung_s7_train,17.jpg,0e5ebf75fa4b6eaed13b4dc4add9dc51,750,1000,dataset_annotation,360,426,22,30,1,8.0,80.619248,71.54342163969022,13.479914652472889,660,71.87727272727273,0.0,WARN,blurry,8.531818181818181,2.1750415594015595,93.55606060606061,3.5960680879672733,126.42878787878787,3.1950845368204006,0.03714206103978821,0.008609226022335322,0.40938214264623213,0.004137013950403551,0.5534757919324444,0.007195479461308296,98.39545454545454,0.48894810351803625,237.8939393939394,4.294565938763487,126.42878787878787,3.1950845368204006,94.31969696969696,3.3156067910747677,117.81212121212121,1.0507594874466453,103.31818181818181,0.5656610750181009,,,,,,,,,,,,,,,,,,,,,,,,,,,,none,0,SamsungS7,,
A_pH_test_dataset/samsung_s7_train/18.jpg,A_pH_test_dataset,samsung_s7_train,18.jpg,404c6054047f477c007de7c1eb97c072,750,1000,dataset_annotation,359,429,22,30,1,8.0,81.39904933333334,71.79669305961266,14.493733050766222,660,71.81969696969696,0.0,WARN,blurry,9.531818181818181,2.0167224453274684,94.68030303030304,2.874533938348631,117.81212121212121,4.326224302157755,0.04272527544690187,0.007989097028069358,0.42658721273448985,0.007302845263475803,0.5306875073086305,0.008423746119434947,96.44090909090909,0.8171415946302888,234.40151515151516,3.9868341060501087,117.81212121212121,4.326224302157755,94.18787878787879,2.8953209458101554,113.86212121212121,1.3982960573839505,108.41666666666667,1.8661322286883892,,,,,,,,,,,,,,,,,,,,,,,,,,,,none,0,SamsungS7,,
A_pH_test_dataset/samsung_s7_train/19.jpg,A_pH_test_dataset,samsung_s7_train,19.jpg,acdfa5223929801def1578e3e34beac5,750,1000,dataset_annotation,359,422,22,30,1,8.5,80.30582533333333,71.50320955173149,9.628677186552887,660,67.41666666666667,0.0,WARN,blurry,5.168181818181818,1.358660112123515,85.3378787878788,2.192153027139878,138.8287878787879,2.1935349325823688,0.022450350683931038,0.0055811932110241365,0.3720993337560965,0.003782727350587786,0.6054503111973911,0.005292757473097509,102.0030303030303,0.2269492647679125,245.58939393939394,2.448786266325644,138.8287878787879,2.1935349325823688,89.01666666666667,1.9481213431603195,127.6560606060606,0.8589332333524,92.52424242424243,0.790676849682869,,,,,,,,,,,,,,,,,,,,,,,,,,,,none,0,SamsungS7,,
A_pH_test_dataset/samsung_s7_train/20.jpg,A_pH_test_dataset,samsung_s7_train,20.jpg,be7ff176b7686ca95b5b9715ea06846f,750,1000,dataset_annotation,357,430,22,30,1,8.5,81.16024533333334,71.55598133932024,17.110499722010665,660,66.68030303030304,0.0,GOOD,,3.7818181818181817,1.4037729561423722,84.8409090909091,2.1106854604482543,138.35,3.1671012460971792,0.01657663196614027,0.005960194242419783,0.37381281412765094,0.0025108329730856305,0.6096105494973928,0.004890958340969687,102.0,0.0,248.01969696969698,2.4914228438706494,138.35,3.1671012460971792,88.51515151515152,2.208402852484424,127.79242424242425,0.45819494529856325,92.43181818181819,0.9094885493988385,,,,,,,,,,,,,,,,,,,,,,,,,,,,none,0,SamsungS7,,
A_pH_test_dataset/samsung_s7_train/21.jpg,A_pH_test_dataset,samsung_s7_train,21.jpg,bed240b1cb4f591017121e27971082e8,750,1000,dataset_annotation,355,428,22,30,1,8.5,80.963412,71.78647193809051,9.538599436259556,660,68.29242424242425,0.0,WARN,blurry,5.1893939393939394,1.1059931486278538,86.42878787878787,1.283728607152919,141.02575757575758,1.3351666115599303,0.022258787992617435,0.004499701593983368,0.37150827275158277,0.0022767334001397655,0.6062329349565614,0.004257430318121369,102.0,0.0,245.69242424242424,2.035503854388512,141.02575757575758,1.3351666115599303,90.26969696969697,1.2874651742238707,127.85303030303031,0.5650743305811425,91.80606060606061,0.6910419861556428,,,,,,,,,,,,,,,,,,,,,,,,,,,,none,0,SamsungS7,,
A_pH_test_dataset/training/1.jpg,A_pH_test_dataset,training,1.jpg,33ed0fca02e3c01e764fc3126ef12c89,563,1001,dataset_annotation,203,387,16,30,1,5.037,130.40255304198465,80.21905382443877,300.4174882727097,480,184.71875,0.0,GOOD,,237.40833333333333,2.9895535712804264,185.18125,2.9892973150056523,42.49791666666667,3.183289021288447,0.5105269576239723,0.0037075867231365456,0.3981906442270491,0.001878516820710043,0.09128239599805399,0.005087803924147921,22.00625,0.07880950133074056,209.47083333333333,2.952256081748706,237.40833333333333,2.9895535712804264,198.75625,2.713577454978329,134.5375,0.5230618988226919,200.56041666666667,0.4963364044565831,240.46169590951772,3.0280028997681074,178.6655410498387,2.8841171670691024,57.550323736440454,4.310783400483713,0.5045443198781437,0.004514906537011799,0.37485497324798506,0.0023489176229639173,0.12060070477510274,0.006504024552146528,19.991666666666667,0.1288302069478359,194.575,3.8333242753516172,240.34375,3.1085504560003527,195.44166666666666,2.6810937859181445,139.76666666666668,0.5398044913567216,194.73541666666668,0.7602054501178539,147.68958333333333,207.29375,197.46041666666667,background_blank_patch,1,,,
A_pH_test_dataset/training/2.jpg,A_pH_test_dataset,training,2.jpg,3e59b16ad7d072708f13e6512e6189a5,563,1001,dataset_annotation,204,391,16,30,1,5.037,139.90747973163604,79.27453131886504,292.1520577225089,480,185.68125,0.0,GOOD,,238.0,1.9181153945127145,186.04166666666666,1.8737032552912132,46.68958333333333,2.496976470264699,0.5056261797826331,0.0025732213288644995,0.3952348499115458,0.0020672021631392566,0.09913896818113344,0.0041716730121908515,22.0,0.0,205.09791666666666,2.359554123075422,238.0,1.9181153945127145,199.54583333333332,1.6937333435015347,134.4375,0.5085211401701998,199.50208333333333,0.6357376238582148,230.14625891454128,1.854819673165928,175.38863410945586,1.7664121191774216,60.825903459132284,3.2529921853385324,0.4935354582734685,0.0031824765649725666,0.3761042818008267,0.0024656642189172314,0.13036025778103238,0.005297454813220861,20.289583333333333,0.4535689874637472,188.18333333333334,3.162892487722099,229.98125,1.8634819838588907,190.65625,1.7406184545059455,137.37083333333334,0.4999826385874703,191.39375,0.8146845631899503,153.51875,212.14791666666667,206.825,background_blank_patch,1,,,
A_pH_test_dataset/training/3.jpg,A_pH_test_dataset,training,3.jpg,df2a4bea8a15cb5d09824a44576fc1ec,563,1001,dataset_annotation,202,388,16,30,1,5.037,140.54274854807716,79.33947737312464,269.61485909732903,480,185.775,0.0,GOOD,,238.125,1.8632968094214082,186.4,1.9144189719076647,45.025,2.068463600517705,0.5071608196274314,0.0026493908051224246,0.3969845959730018,0.001366272824765113,0.09585458226957412,0.0033897904426441186,22.0,0.0,206.85208333333333,1.9719374549890998,238.125,1.8632968094214082,199.7625,1.7741928916176692,134.35833333333332,0.4795107460271934,200.26875,0.5130205689508626,229.8734991854876,1.7987299006943993,174.8422019424306,1.795714745111051,58.691578632919644,2.6963108064212546,0.4960860524581675,0.0031416685137762284,0.37731163201063356,0.0016441657084125406,0.126602313372916,0.0043277768972963685,20.214583333333334,0.41053297844252284,190.32083333333333,2.6246395255137207,229.125,1.8632968094214082,189.85208333333333,1.7044658967123851,137.36666666666667,0.4818944098266986,191.88125,0.6024796849963767,153.42916666666667,213.22083333333333,207.17916666666667,background_blank_patch,1,,,
A_pH_test_dataset/training/4.jpg,A_pH_test_dataset,training,4.jpg,c8162ea41ac6ea13dace6d65da1a30d1,563,1001,dataset_annotation,207,389,16,30,1,6.03,140.2425141465994,79.27897736766386,306.5991421150976,480,191.76458333333332,0.0,GOOD,,227.79375,1.6102414738686452,202.82708333333332,1.7728554631033957,39.0,1.7795130420052185,0.48507585570208833,0.002058751286377277,0.4319037669720295,0.001556690851244537,0.08302037519628823,0.0030427770790305477,26.0,0.0,211.19583333333333,1.7663472588618834,227.79375,1.6102414738686452,207.77291666666667,1.5931153420438695,121.01458333333333,0.5340449354273061,204.13958333333332,0.34655421854146995,220.5411619956231,1.558973965442585,191.1640829790785,1.6709124012873535,51.11890880790814,2.3324811517114856,0.4765352592593988,0.0024866397256544694,0.41305176598340754,0.0018680997530280503,0.11041297259628473,0.003924097531906152,24.95,0.21794494717703367,196.35833333333332,2.4325769372325214,219.79375,1.6102414738686452,197.93333333333334,1.588937450695345,124.04583333333333,0.506194269909181,197.2875,0.5921799416843949,152.58541666666667,212.20208333333332,206.57708333333332,background_blank_patch,1,,,
A_pH_test_dataset/training/5.jpg,A_pH_test_dataset,training,5.jpg,1720112ea2a7e43f7b7628b21e6592da,563,1001,dataset_annotation,201,391,16,30,1,6.03,139.87478773446801,79.5462468518234,296.37838978741485,480,193.92291666666668,0.0,GOOD,,229.175,2.0952823994233647,205.50625,2.2135855387809165,41.75625,2.7600125490354808,0.4810509024874918,0.0027627443233378085,0.4313614443983266,0.0024036161398128353,0.08758765101487555,0.0047553285823236004,26.0,0.0,208.42083333333332,2.7624685769957433,229.175,2.0952823994233647,209.84791666666666,1.9310499716619336,120.40416666666667,0.4949572091493252,204.06041666666667,0.5424633564173303,221.7129727605285,2.027059188606816,193.30962109409447,2.0822110362147415,54.63168654173764,3.611055600782366,0.47212420665778254,0.0034693050681307057,0.411633744047877,0.0029499821038836208,0.11624204716462415,0.00611459920250196,25.0,0.0,192.73125,3.6754623433657976,221.175,2.0952823994233647,199.75416666666666,1.8957142819762922,124.20208333333333,0.5151818381784135,196.75833333333333,0.863576220659699,152.86458333333334,212.61875,206.73125,background_blank_patch,1,,,
A_pH_test_dataset/training/6.jpg,A_pH_test_dataset,training,6.jpg,d78aa697db3bf870cbda23b72667db82,563,1001,dataset_annotation,205,383,16,30,1,6.03,140.62168737124333,79.28307676009385,295.1668067293082,480,192.1,0.0,GOOD,,227.24166666666667,1.7102428352592376,203.5875,1.7785322834667165,40.483333333333334,1.8618240757087896,0.48216543441807586,0.001872323894973471,0.4319710309073668,0.0015893837495255,0.08586353255256804,0.0030491682101319675,26.0,0.0,209.52083333333334,1.857300722075513,227.24166666666667,1.7102428352592376,208.13958333333332,1.5381590163966214,120.52291666666666,0.5118347647326127,203.95625,0.20453835214941965,219.53065249768545,1.652208994333285,191.20311491126807,1.6703427890665505,52.902101709680935,2.4329618761304026,0.473524257262952,0.0023119345286314796,0.41241771034877706,0.0019218251182512368,0.11405803023109602,0.003925169051964617,24.99375,0.07880950133074054,194.17291666666668,2.4952654821459155,219.24166666666667,1.7102428352592376,197.75208333333333,1.6453836410967773,124.32291666666667,0.4675911601554884,196.59583333333333,0.5033050488741616,153.05,212.95416666666668,207.025,background_blank_patch,1,,,
A_pH_test_dataset/training/7.jpg,A_pH_test_dataset,training,7.jpg,348de318004612d69a7dcb80b6da5b96,563,1001,dataset_annotation,204,387,16,30,1,6.5,140.65944180153772,79.21730622792543,282.4001667263215,480,182.99583333333334,0.0,GOOD,,199.92916666666667,1.6780393238009121,202.04583333333332,1.7730574268446264,39.0625,1.7224770196822172,0.4533328885493668,0.001662463873850996,0.4581302124215095,0.0014937984963455278,0.08853689676143994,0.0029130335067835927,30.05,0.2179449471770337,205.89583333333334,1.7575975948878504,202.04583333333332,1.7730574268446264,201.0875,1.5905482545336371,109.91666666666667,0.37822685726367394,200.97708333333333,0.18679264722026817,192.7492568490399,1.6177771258625273,189.3569455156053,1.661705826999935,50.896456249406214,2.244300192585306,0.4451699369292181,0.0020697153342554807,0.43733289037852274,0.0018547219653315718,0.11749717038243919,0.0037443908203132026,29.05,0.2179449471770337,188.19583333333333,2.7216690906296614,191.92916666666667,1.6780393238009121,190.94583333333333,1.635919508682774,112.97083333333333,0.19144008346100239,193.825,0.40645827994190664,153.49791666666667,213.40208333333334,207.45,background_blank_patch,1,,,
A_pH_test_dataset/training/8.jpg,A_pH_test_dataset,training,8.jpg,9da97b941921a3e84742dd0393f1b275,563,1001,dataset_annotation,205,388,16,30,1,6.5,140.75373471998694,79.25911645354698,286.42284992815047,480,184.5,0.0,GOOD,,201.5,1.7547554435495183,203.5,1.7547554435495183,43.141666666666666,1.7844038842768255,0.4496493725066557,0.001466392838914521,0.45411283128397767,0.001511589338579382,0.09623779397763717,0.002977887052848621,30.0,0.0,200.85833333333332,1.7844038842768253,203.5,1.7547554435495183,202.51041666666666,1.730816231258792,110.0,0.0,200.60833333333332,0.48812282152024905,194.28904311842754,1.6919590870178043,191.02189281418973,1.647158261684676,56.25415970552681,2.326756216000097,0.440022137484206,0.0019041800347441677,0.4326232056072806,0.0019013614204920369,0.1273546546434938,0.003805472127064793,29.0,0.0,181.57708333333332,2.5735626719372675,193.5,1.7547554435495183,192.225,1.44748344837975,113.19166666666666,0.39361218928731817,192.51666666666668,0.5359311730271176,153.38125,213.06458333333333,207.42291666666668,background_blank_patch,1,,,
A_pH_test_dataset/training/9.jpg,A_pH_test_dataset,training,9.jpg,f28bee4e2c2e15c82a248f3f87cd1693,563,1001,dataset_annotation,202,391,16,30,1,6.5,140.48724809826052,79.21506292522315,257.63964730648877,480,184.16875,0.0,GOOD,,201.16875,1.9808096250859983,203.36875,1.8972190448566204,40.04375,2.200417218960986,0.4525124596946321,0.0016632693164155314,0.45746557696675,0.0021881904905991147,0.09002196108890322,0.003774626686241165,30.2,0.4,204.91875,2.2554707795713074,203.36875,1.8972190448566204,202.39583333333334,1.8386995328824725,109.8,0.3999999999999999,201.06041666666667,0.26318528274878056,194.05345659163987,1.9107488344881018,190.71035048646115,1.7791293352306847,52.19410199315701,2.868083053009484,0.44413344075897726,0.0022239563946489646,0.4364868946310597,0.002675548565981602,0.11937966232091432,0.004843665284141635,29.195833333333333,0.39684082311285573,186.725,3.384923682054491,193.2,1.9196353820452465,191.94791666666666,1.630246604982067,113.02708333333334,0.16232629604869597,193.775,0.580409338312195,153.44166666666666,213.275,207.33333333333334,background_blank_patch,1,,,
A_pH_test_dataset/training/10.jpg,A_pH_test_dataset,training,10.jpg,f5bf43bf349d90427842ba0ac63b942e,563,1001,dataset_annotation,202,386,16,30,1,7.004,140.90588274957724,79.31252079924711,281.4623298497093,480,160.53541666666666,0.0,GOOD,,152.58541666666667,2.4343453588981347,186.53541666666666,2.3959157594516736,47.53541666666667,2.395915759451673,0.3946482310842212,0.0011394253705589927,0.4824845014770283,0.0028090880160224524,0.12286726485157624,0.0038863921626643458,37.0,0.0,190.46458333333334,2.3959157594516736,186.53541666666666,2.3959157594516736,181.475,2.279299965632723,98.0,0.0,190.0,0.0,147.0614220026906,2.346215634140726,174.76090096420344,2.2446804163969265,61.915228481493536,3.1206978306111024,0.3832662043067431,0.001628650948110478,0.4554836698618132,0.0032867438373344756,0.16125012322445026,0.004873255027644227,37.0,0.0,165.3875,3.4993823859837514,174.47291666666666,2.2756170942674476,171.47291666666666,2.2756170942674476,102.025,0.15612494995995996,180.8125,0.4060095442227929,153.55,213.475,207.5125,background_blank_patch,1,,,
A_pH_test_dataset/training/11.jpg,A_pH_test_dataset,training,11.jpg,f445d0503381e39d6c37f1de10161b28,563,1001,dataset_annotation,207,384,16,30,1,7.004,140.05277848261863,79.0133667001407,266.23011234094923,480,158.1125,0.0,GOOD,,149.62083333333334,2.480335858754258,184.35833333333332,2.0566794975288576,45.22083333333333,2.09890431071918,0.3945765826807418,0.0018025362903293265,0.48622902593256334,0.0034224429774698754,0.11919438874880431,0.003508775306667183,37.24583333333333,0.4305801964275129,192.67708333333334,2.1315819226704744,184.35833333333332,2.0566794975288576,179.23333333333332,1.9737161790783282,97.73333333333333,0.4870546398734153,190.0,0.0,144.62378042027044,2.3974973311760195,173.22501712831556,1.93247755469091,59.13474636299243,2.744712224555131,0.38365041366142333,0.0019446609735556373,0.45956635280768005,0.00376622030589188,0.15678323087737786,0.004413110544558172,37.25416666666667,0.43539174569831046,168.43333333333334,3.1780060135597954,172.53125,1.8277554825978957,169.53125,1.8277554825978957,101.76666666666667,0.49553562491061687,181.325,0.6043246919771964,152.94166666666666,212.85416666666666,206.91041666666666,background_blank_patch,1,,,
A_pH_test_dataset/training/12.jpg,A_pH_test_dataset,training,12.jpg,7318e067cc1e8dd29f4e5c00fb3be37f,563,1001,dataset_annotation,203,383,16,30,1,7.004,140.518201159409,79.14351679420837,279.5048649726485,480,161.07291666666666,0.0,GOOD,,153.22708333333333,1.9612113160975,187.07916666666668,1.8137160671456332,48.24375,1.8260164121661118,0.39436514731970834,0.000957513143605997,0.48151204821051696,0.002281664191080771,0.1241228018955792,0.0029866196483107096,37.0,0.0,189.57916666666668,1.9044857500706647,187.07916666666668,1.8137160671456332,182.06041666666667,1.7743824727837632,97.99375,0.07880950133074059,190.00625,0.07880950133074059,148.13196108839702,1.8959969219689472,176.10731410752982,1.7073449215636314,63.26271360078678,2.394481219084359,0.38228974052298886,0.001286377407878263,0.45450771789709626,0.002638230773876255,0.16320253899867732,0.003751047715818186,37.541666666666664,0.4982608642958915,163.89583333333334,2.8805351306465417,175.66666666666666,1.4524882864320188,172.66666666666666,1.4524882864320188,101.70208333333333,0.4839032200646002,180.68958333333333,0.5298347161038892,152.51875,212.46041666666667,206.87916666666666,background_blank_patch,1,,,
A_pH_test_dataset/training/13.jpg,A_pH_test_dataset,training,13.jpg,662ddbb2cb42e1a2001767afe1fe4624,563,1001,dataset_annotation,203,389,16,30,1,7.405,140.1682935182047,79.00600351890266,274.9390598403379,480,130.07291666666666,0.0,GOOD,,102.425,3.0177599308096057,158.025,2.9487638653058226,57.75208333333333,2.9387844414069497,0.32187220209232453,0.0018257201741871784,0.49673960682896706,0.004685968483273271,0.18138818793370015,0.004673540995620465,46.71666666666667,0.4506168611531925,161.88958333333332,3.1849738083259367,158.025,2.9487638653058226,152.01875,2.927182679215631,92.16041666666666,0.3890370501493256,173.57083333333333,0.5729886318437933,99.03112095880755,2.917765669833037,148.5168288528185,2.7713403468501836,75.59997818261154,3.8469961052561783,0.30645716335737305,0.0018920350522441635,0.45973232692620186,0.005069939225753491,0.23381050661929995,0.005628492529093498,50.47083333333333,0.5353964003946566,125.76458333333333,4.464769011537874,148.025,2.9487638653058226,144.02083333333334,2.9395973599948833,97.28125,0.48526463999897346,161.22708333333333,0.8947158728085445,152.78333333333333,212.80416666666667,206.85416666666666,background_blank_patch,1,,,
A_pH_test_dataset/training/14.jpg,A_pH_test_dataset,training,14.jpg,143f2b99131881e10a20adf5bdb2905c,563,1001,dataset_annotation,205,387,16,30,1,7.405,140.2780505462566,79.10363890796087,253.69842605288363,480,135.05,0.0,GOOD,,107.78125,2.332751973706878,163.48541666666668,2.5107676103246903,58.7375,2.5621137920344856,0.32661049682918514,0.0015049231931381067,0.495478263147693,0.0038065632843040957,0.17791123699141703,0.004100452021734061,46.010416666666664,0.1015291077584267,163.4375,2.7256975406918014,163.48541666666668,2.5107676103246903,157.03958333333333,2.206169340672248,91.74583333333334,0.43539174569831046,175.15625,0.39072915278148024,103.90014660695279,2.2487517269079986,153.5284565570403,2.3578511395454216,76.57043534939302,3.339981587074096,0.3110939325836174,0.0016488083251761736,0.4597550293970033,0.0041704849891044116,0.2291510350237602,0.004947339344570066,49.291666666666664,0.4768967975941498,128.28125,3.956279620742194,153.16458333333333,2.1641000422936907,148.85625,2.068151978014833,96.93958333333333,0.5462903620989686,163.02083333333334,0.8536583853561617,153.42083333333332,212.97083333333333,207.47083333333333,background_blank_patch,1,,,
A_pH_test_dataset/training/15.jpg,A_pH_test_dataset,training,15.jpg,b7b289a873d8b6e74f857b5fa195808c,563,1001,dataset_annotation,203,388,16,30,1,7.405,140.07645108000347,78.9575477971888,229.93473361536542,480,129.06666666666666,0.0,GOOD,,101.10416666666667,2.695208582940392,157.49583333333334,2.6441727072102448,55.579166666666666,2.867559817258492,0.3217972473505478,0.00066729697681143,0.5014131961538796,0.004961961859386639,0.1767895533105626,0.004760689880605888,46.9375,0.24206145913796356,164.95833333333334,3.266358403822554,157.49583333333334,2.6441727072102448,151.48333333333332,2.618788948265124,91.82708333333333,0.3836445747332057,174.0875,0.3172965227249321,97.54087652124976,2.6002193208746895,148.02964587473932,2.4852463788776418,72.62975919850808,3.747270632247733,0.3065459264363439,0.0007207066222237793,0.46534899044481076,0.0054060922549941295,0.22810507997381568,0.005750778989377901,50.07083333333333,0.3861985312705831,130.31041666666667,4.650884305848608,147.49583333333334,2.6441727072102448,143.4875,2.6394147867788167,96.66875,0.49229744142472776,162.39375,0.9203500805852811,153.04791666666668,212.78958333333333,207.30625,background_blank_patch,1,,,
A_pH_test_dataset/training/16.jpg,A_pH_test_dataset,training,16.jpg,4e3f9c48227e0913ebe30ca19ff4bc65,563,1001,dataset_annotation,205,392,16,30,1,7.979,139.8897514563589,79.0237941563529,280.1763657969798,480,105.53958333333334,0.0,GOOD,,63.49375,3.4186928697237486,132.57708333333332,3.43909748234265,78.33125,3.4096466245296835,0.23124837657706346,0.0038594590282575816,0.48335431008144175,0.0056068591515558985,0.28539730969217025,0.0019942136037416334,66.79166666666667,0.4061164310337068,132.71041666666667,3.4262308970240496,132.57708333333332,3.43909748234265,127.48125,3.3134295079519447,93.79791666666667,0.40155405579102577,150.9125,0.33641801874057425,61.353410703680964,3.303450618460979,124.48795946712572,3.2292626841770615,102.23509258503957,4.450146503995018,0.212849582772987,0.003411428932022415,0.4323340234035385,0.005334785358329182,0.3548163903471927,0.0022038743401932193,79.5375,0.6603739470936144,130.63958333333332,3.516819087336674,123.93541666666667,3.091991643971388,120.93541666666667,3.091991643971388,101.70416666666667,0.5809325596735725,133.80625,0.9453628602288119,153.2375,212.99583333333334,206.97708333333333,background_blank_patch,1,,,
A_pH_test_dataset/training/17.jpg,A_pH_test_dataset,training,17.jpg,ceb740d5c7a375d54ac27b9d676500d4,563,1001,dataset_annotation,204,388,16,30,1,7.979,139.87817511085717,79.08779723151798,268.34575162431105,480,105.38958333333333,0.0,GOOD,,63.53125,3.2849185841001702,132.24791666666667,3.1824708419280485,77.78958333333334,3.165487033573542,0.23209758800036012,0.004059815870679116,0.4836059610189913,0.005578140006191267,0.2842964473207695,0.0019606008762856893,66.33333333333333,0.47140452079103173,132.33541666666667,3.503866292120114,132.24791666666667,3.1824708419280485,127.19375,3.0913121708264923,93.76458333333333,0.4527644638465151,150.90416666666667,0.29436254101966774,61.477516707490395,3.1787291629987426,124.42593227813987,2.9942392397225674,101.84798767099001,4.144494295419721,0.21352771736541082,0.00361541534445121,0.43258967897584205,0.00528628817578371,0.35388260017909684,0.0021727801408731786,79.24791666666667,0.6479099678110293,130.3875,3.3640021427856825,124.1,2.96268459340511,121.10625,2.976148675301689,101.65833333333333,0.6645278189979877,134.17291666666668,0.8715980494024882,152.75625,212.57291666666666,206.68125,background_blank_patch,1,,,
A_pH_test_dataset/training/18.jpg,A_pH_test_dataset,training,18.jpg,e1ce5e5169a668cfb9c60e4030b13b4e,563,1001,dataset_annotation,205,393,16,30,1,7.979,139.78820823936277,78.95339062600907,278.9500954316587,480,103.50416666666666,0.0,GOOD,,61.76875,3.8695744948034445,130.23125,3.579260645836418,76.26666666666667,3.637153954521157,0.23005177894449638,0.005153534545892089,0.48572870197784185,0.006873930641056951,0.2842195153437524,0.0021906431915846626,66.57916666666667,0.493692858859523,134.0,4.464209523159354,130.23125,3.579260645836418,125.2125,3.5438694130380517,93.83125,0.46397568632418656,150.80416666666667,0.422274759158326,60.047391445236556,3.7617380053176714,123.12464915649838,3.3839436483814027,100.11349185730109,4.774407991385985,0.2117876144781908,0.0046046952010763064,0.4348950061650529,0.006491644712416052,0.3533173758205847,0.002421208357683107,79.17916666666666,0.8398805305253572,130.875,4.885032412038498,122.55,3.238054971738436,119.56666666666666,3.263391215012723,101.86666666666666,0.7033649282003064,134.37916666666666,1.1039622452280191,152.36041666666668,211.54375,205.73333333333332,background_blank_patch,1,,,
A_pH_test_dataset/training/19.jpg,A_pH_test_dataset,training,19.jpg,308797dfd782de80fc04739f56e96b11,563,1001,dataset_annotation,205,389,16,30,1,8.565,139.9162081257996,79.08470034692822,274.37738494467163,480,86.86875,0.0,GOOD,,47.87916666666667,5.185916759733894,103.36458333333333,4.84449815010687,104.87916666666666,4.683524239881283,0.18641321957432533,0.010020640100037883,0.40380417021194853,0.004618691764916411,0.4097826062968654,0.00631878314566532,91.04375,0.7528850758914006,138.9,7.931372306648243,104.91666666666667,4.678110967283934,102.69166666666666,5.049828104885244,110.33958333333334,0.5355058291517989,121.625,0.6838920480114777,46.2037977101155,5.004453201460116,97.20140664335322,4.5556419760621765,137.0764182924671,6.121337041409961,0.16426944356194992,0.009118882548565332,0.34671559804523905,0.003577985228777756,0.4890149548167212,0.006609999937188486,103.18333333333334,0.6155395104206463,169.63541666666666,6.121886609511991,136.59166666666667,6.087549908533719,100.35208333333334,4.837677196725948,124.26666666666667,0.7357913351548039,100.76458333333333,1.0412311589598577,153.02291666666667,212.68125,207.25208333333333,background_blank_patch,1,,,
A_pH_test_dataset/training/20.jpg,A_pH_test_dataset,training,20.jpg,9880df6a5ab352b8ad50b266eab371fe,563,1001,dataset_annotation,205,390,16,30,1,8.565,131.1341482673632,79.74354938417521,254.90472259761964,480,87.40416666666667,0.0,GOOD,,49.58541666666667,4.807654035638264,103.37916666666666,4.71544264152959,105.11875,4.57944484672178,0.19171051613102166,0.008885218276677914,0.400750196036998,0.0045903200159552885,0.40753928394610134,0.005244459591261314,91.07708333333333,0.6521565454108563,135.00208333333333,6.951768047990062,105.15625,4.574676958084946,103.01666666666667,4.867380084695347,110.86666666666666,0.7033649282003064,121.43125,0.667288121803468,49.845026178010464,4.832824999175637,99.56659577029578,4.541539523925926,141.47880215343204,6.163452014430385,0.17097938977081234,0.008147739749167986,0.34241600621700174,0.0036631358788598977,0.48660460056499577,0.005545371848079425,103.57291666666667,0.5763533288896857,165.43541666666667,5.184109919718352,140.94791666666666,6.222890860341535,103.35416666666667,4.770960696989887,124.99375,0.7892259525425318,99.98541666666667,1.075191762612088,148.6,207.65833333333333,198.95833333333334,background_blank_patch,1,,,
A_pH_test_dataset/training/21.jpg,A_pH_test_dataset,training,21.jpg,1b55df1895f4b1b3755e6632885d42f5,563,1001,dataset_annotation,203,390,16,30,1,8.565,139.63620571258227,78.92809199121368,269.01056857995155,480,91.96875,0.0,GOOD,,53.56875,4.4706755758125265,108.5,4.396968652757639,108.07916666666667,4.251223271666116,0.19797300751426053,0.007525504209308668,0.40177524392513236,0.003822469672041725,0.4002517448505701,0.005218248198726201,89.6875,1.0011711891579782,129.59375,5.958848681093242,108.78125,4.318572114040319,107.83125,4.530758594043607,109.71041666666666,0.6068153148931633,122.62708333333333,0.8294675961455972,51.86477600500233,4.328467386872971,102.12465561362053,4.138607459970128,141.58263171540463,5.569060137821145,0.17518877657235662,0.006898599414725397,0.3456198728985727,0.003157251105943868,0.4791913471385028,0.005482901959741018,103.28541666666666,0.5550861732399954,162.01666666666668,4.846361751068756,141.1125,5.612843345102968,105.4625,4.4237345177274525,124.01666666666667,0.8137703743822469,101.18125,1.113582104816105,152.67291666666668,212.48541666666668,206.57083333333333,background_blank_patch,1,,,
A_pH_test_dataset/wine_testing/1.jpg,A_pH_test_dataset,wine_testing,1.jpg,eebd08f0c5b9c708ab76c1ed2bb1fa1c,563,1001,dataset_annotation,201,402,16,30,1,3.584,126.8145105338711,79.52948386225518,271.7831018255001,480,92.69166666666666,0.0,GOOD,,100.525,3.667906987188561,94.91666666666667,3.6264843704183933,60.425,3.644430682562092,0.39298705046714866,0.003721684052986363,0.371031211528321,0.002828588074439725,0.2359817340892694,0.004551075490878247,26.166666666666668,0.6992058987801011,101.79166666666667,4.194531823961075,100.525,3.667906987188561,101.98541666666667,3.721250326577823,124.64166666666667,0.7046965461971715,148.58541666666667,0.6463002344542013,106.62129464926915,3.8903456018616716,133.57374261547707,5.103456609938369,98.7034201123022,5.953128220622103,0.3147205793551535,0.003482720955646632,0.3942401871765019,0.0032254945437780436,0.2910392305119892,0.005170585335888536,53.15208333333333,1.861841559600482,66.92291666666667,4.646268197136517,133.08125,5.115302054049855,134.48333333333332,4.853664137077838,111.37083333333334,0.8440868669093774,143.68333333333334,0.9702519718551924,122.4375,142.11875,188.56458333333333,white_reference_patch,1,,,
A_pH_test_dataset/wine_testing/2.jpg,A_pH_test_dataset,wine_testing,2.jpg,53f897406ecbcf4c83da1e2afa422d5d,563,1001,dataset_annotation,202,391,16,30,1,3.584,139.7075659686672,78.47386987968899,254.00252678556484,480,107.85,0.0,GOOD,,121.04166666666667,4.283487351316552,107.5625,5.022475526736459,73.85,4.650089604871431,0.40039903539398275,0.004984777553472353,0.3556248424376042,0.002177831118107649,0.2439761188551498,0.0042326364817601575,21.73125,0.7587424491661625,99.56666666666666,4.55610091586606,121.04166666666667,4.283487351316552,117.11041666666667,4.957138774170931,128.13125,0.9603940705946353,148.975,0.15612494995995996,122.94735060098189,4.350926715405334,144.10114711546512,6.7285948612394995,116.38130571104946,7.328144886774748,0.3208495184637171,0.0046301949834959295,0.3758460056236729,0.002125113523186019,0.30330447329859894,0.004679143796304842,53.41875,3.3649019456986657,49.579166666666666,3.5092115884087445,143.66875,6.8108876150004605,146.25416666666666,6.246831141111112,114.79583333333333,1.062614372929124,140.22083333333333,0.8018100183681641,126.91041666666666,149.2875,196.9,white_reference_patch,1,,,
A_pH_test_dataset/wine_testing/3.jpg,A_pH_test_dataset,wine_testing,3.jpg,3de2958ae9687a39bd6641493d571885,563,1001,dataset_annotation,203,408,16,30,1,3.584,130.7054544035006,79.7923749400758,248.22728973522965,480,103.81458333333333,0.0,GOOD,,115.11458333333333,3.9777238876509373,104.66458333333334,3.951001433356977,69.81458333333333,3.927599435582617,0.3976064431228681,0.003253545623209912,0.36146515273861096,0.0020092860002877133,0.2409284006798118,0.0036970419769230037,22.85,0.3570714214271425,100.42083333333333,3.4481249937063216,115.11458333333333,3.9777238876509373,113.30625,4.262721462966274,126.38333333333334,0.7323857514239944,149.00208333333333,0.0790294864099611,118.58695768813914,4.097709957339276,141.40478770564476,5.337913753778936,110.92868137506414,6.240579053210598,0.3198140182204493,0.003064346285193448,0.3812975403044954,0.0022876979831968824,0.298888438774399,0.0041762954350678975,52.483333333333334,2.225733337327023,55.24583333333333,3.697124915240069,140.90625,5.304632654969302,143.04583333333332,5.16861354448388,113.84375,0.6941440322440293,141.66666666666666,0.9181805680559547,125.87291666666667,148.03541666666666,194.14375,white_reference_patch,1,,,
A_pH_test_dataset/wine_testing/4.jpg,A_pH_test_dataset,wine_testing,4.jpg,056b6a8e2e1b38dac9d34915106f7618,563,1001,dataset_annotation,203,391,16,30,1,3.546,139.64517365405464,78.2879836447604,171.67052848639662,480,103.01041666666667,0.0,GOOD,,119.03125,2.8337737096493787,101.5125,3.1734330122650034,68.17708333333333,2.935397444933517,0.4123640652937379,0.004245350464581575,0.35159023890217755,0.0022956230066517465,0.23604569233738693,0.0031496486445197337,19.502083333333335,0.499995659703384,108.9625,3.286755302219298,119.03125,2.8337737096493787,112.00833333333334,2.9874622266324233,129.98125,0.9691397065610992,149.45833333333334,0.49826086429589156,118.55948206096575,2.8225423432418957,134.98067786750144,4.219698452531826,109.32019375313179,4.7068340523403664,0.3268307043934474,0.003925769734904851,0.3720021180181862,0.002163679744037554,0.30116717482973204,0.0035292192368219914,49.31666666666667,2.69639677264967,48.41041666666667,2.810748683130924,134.34375,4.255947125787631,137.97083333333333,3.956953706942866,117.05,0.9160604055774196,139.80833333333334,0.7105846575571102,124.72916666666667,150.41041666666666,200.79583333333332,white_reference_patch,1,,,
A_pH_test_dataset/wine_testing/5.jpg,A_pH_test_dataset,wine_testing,5.jpg,e6968a883240e4e655a8c8ab6d37d7f0,563,1001,dataset_annotation,202,386,16,30,1,3.546,140.45534749442388,79.04091592271332,290.25289746081427,480,103.95416666666667,0.0,GOOD,,118.99583333333334,4.109945170626435,103.00416666666666,4.372259062035958,69.0625,4.076897564325108,0.4089813996544771,0.004012526009241207,0.35390207881454655,0.0022163899125257607,0.23711651808905454,0.004012155115962095,20.1,0.6110100926607787,107.1375,3.852197695255701,118.99583333333334,4.109945170626435,113.07291666666667,4.327828534772246,129.05625,0.7180431306683464,149.54791666666668,0.5896643053938024,120.87570232892804,4.174873145694367,143.0654822188142,6.072757746975489,113.32364755149133,6.689721667809767,0.3205473314866241,0.0037305049979220344,0.37925953835983367,0.00244030125876552,0.30019312749767363,0.004554928218546993,52.81666666666667,2.661401051242664,53.295833333333334,3.9780626740775324,142.57916666666668,6.1007157480814405,144.88333333333333,5.628326177075699,114.03333333333333,0.8820745748266161,141.20833333333334,0.9164772531577398,121.88541666666667,143.99583333333334,196.88958333333332,white_reference_patch,1,,,
A_pH_test_dataset/wine_testing/6.jpg,A_pH_test_dataset,wine_testing,6.jpg,cebcaeeb04bfaaf42d466a4de926f6af,563,1001,dataset_annotation,202,395,16,30,1,3.546,139.23133172333883,78.4532440556448,239.2720960277672,480,107.23541666666667,0.0,GOOD,,121.50416666666666,4.051232237096373,106.96666666666667,4.378799937070531,70.51458333333333,4.314196023176147,0.40654709446221843,0.004339755952447634,0.35779200165678887,0.0022355308148639882,0.2356609005303946,0.0046665530170761,21.5875,0.6896934705601709,107.09583333333333,4.34108081460008,121.50416666666666,4.051232237096373,116.68541666666667,4.445854322818307,128.26041666666666,0.6364745292538335,150.70625,0.5873337530740081,121.41310683653926,4.048196090028852,139.4478469289371,5.708453319012629,113.67208490059107,6.954641627903516,0.32433458756758093,0.004135324120636369,0.3723859547731397,0.002570730356995196,0.30327945498407255,0.0053777706991752754,51.6375,3.372352356540856,47.4,4.693346354148605,138.95208333333332,5.756861470719576,142.29583333333332,5.426783820909848,116.25416666666666,0.7971193797390423,139.57291666666666,1.1193821925756884,124.06666666666666,153.41458333333333,200.15,white_reference_patch,1,,,
A_pH_test_dataset/wine_testing/7.jpg,A_pH_test_dataset,wine_testing,7.jpg,e25677ce736e850c5a62ff89dbdf7dfe,563,1001,dataset_annotation,203,395,16,30,1,3.503,139.79550467294695,78.90441758053741,300.7021302947155,480,115.11666666666666,0.0,GOOD,,130.33958333333334,3.985297959549435,115.64375,4.292940243877149,71.6,3.914502948438452,0.41053082764109067,0.003547941565674835,0.36415519082994013,0.0020126593805017915,0.22531397837565711,0.003883864849612112,22.527083333333334,0.4992659542323666,115.01875,3.4853357233079665,130.33958333333334,3.985297959549435,125.16041666666666,4.124784821828757,127.025,0.5198156724583565,154.45208333333332,0.5018671733857697,127.93938712283104,3.9119089182804427,142.82332660071273,5.301903531566639,119.59910913140311,6.5387020296856155,0.3278726147721913,0.003468133653756428,0.36592234812411,0.0023205433642528453,0.306205034537897,0.004666004280548219,49.375,2.9355933528561704,41.99166666666667,4.4562612007027695,142.33958333333334,5.272105824657627,146.43125,5.0924231400679965,118.04375,0.7906764640694279,138.65416666666667,1.1425407238061827,119.73333333333333,161.93958333333333,203.75208333333333,white_reference_patch,1,,,
A_pH_test_dataset/wine_testing/8.jpg,A_pH_test_dataset,wine_testing,8.jpg,0cf4e429944e835dc2a774313accea75,563,1001,dataset_annotation,207,398,16,30,1,3.503,139.71140759773087,78.44532179469834,258.3457290835911,480,107.03125,0.0,GOOD,,117.6625,3.803322286720739,109.98125,3.9101447250496153,63.87291666666667,3.8267827862390567,0.40373855540382936,0.00395695727162104,0.3773294158206292,0.0023846327949914106,0.21893202534001788,0.0046324557406683025,25.879166666666666,0.6754499529120488,116.91458333333334,4.117416745936974,117.6625,3.803322286720739,117.74791666666667,4.0575284751174445,123.97916666666667,0.6735967925167762,154.84375,0.4215083283083898,116.60455657523923,3.7691253267251406,138.41555342885985,4.921064691524054,109.47492456838836,6.558910704664251,0.3200369478617466,0.0038834058108963205,0.3798411398088137,0.0028691040769772223,0.30012190958127,0.005627002232310432,53.25208333333333,3.048393674225092,53.666666666666664,5.091387062699341,137.85625,4.911525825799962,140.33541666666667,4.675511985482326,114.23333333333333,0.6980130530457308,140.92708333333334,1.233599000103176,116.68958333333333,158.91458333333333,201.81458333333333,white_reference_patch,1,,,
A_pH_test_dataset/wine_testing/9.jpg,A_pH_test_dataset,wine_testing,9.jpg,fb2f0c1e2337958b6893332f76e5c91f,563,1001,dataset_annotation,206,396,16,30,1,3.503,140.28433023459667,78.71753042164717,202.43322277992846,480,112.39166666666667,0.0,GOOD,,126.85,3.168595903550972,113.24583333333334,3.2083847398479017,68.67291666666667,3.2157321343237255,0.41090115167330266,0.002846835508309219,0.36679625862148235,0.0017507111481537396,0.22230258646347612,0.003818238552997009,22.854166666666668,0.3529390488770294,116.93541666666667,3.1454325075770138,126.85,3.168595903550972,122.39375,3.1847884708668905,126.59583333333333,0.49914858064063,154.62916666666666,0.5361740751741816,122.66161687382903,3.0639739593957698,136.49043954250416,3.8669311750687174,112.43647030733024,5.2650387982241975,0.33018451034601803,0.0028890965454661114,0.3673694436688384,0.0022518935536555503,0.3024460432911479,0.004628475658642292,47.78541666666667,2.3143114151705877,45.22291666666667,4.442959767210993,135.96041666666667,3.9270026516910947,140.11458333333334,3.8450991308923217,118.15,0.46368092477478523,139.30416666666667,1.0893343405748097,122.15416666666667,165.93958333333333,206.82916666666668,white_reference_patch,1,,,
A_pH_test_dataset/wine_training/1.jpg,A_pH_test_dataset,wine_training,1.jpg,6e41bd2c43f50ce9cc01977b5853a635,563,1001,dataset_annotation,203,401,16,30,1,2.84,133.84820153203813,79.11700294604158,270.04298737333573,480,172.80208333333334,0.0,GOOD,,170.46875,1.8982070762081429,195.16875,1.7802921401182072,63.47708333333333,1.7161900127090306,0.397262789407536,0.0020152792498976456,0.4548319606352896,0.00203099658783287,0.14790524762649776,0.0026564128640813155,35.666666666666664,0.4714045207910316,172.14791666666667,1.8453194826521382,195.16875,1.7802921401182072,191.10208333333333,1.6469655915416757,101.94375,0.8209258619591258,188.6625,0.4728570079844434,170.67498227024322,1.9005035179590113,188.46451742694765,1.7191374083523447,85.40236006390673,2.3089699417000698,0.383944442327498,0.002183739763523266,0.4239705733475739,0.002187399647306492,0.19208498207509994,0.0032702122550965465,35.00416666666667,0.06441510347391796,139.92708333333334,2.4843040258904616,188.16875,1.7802921401182072,186.57916666666668,1.575192889423035,106.87708333333333,0.7715621554497228,177.36875,0.798085273743769,148.65416666666667,207.11458333333334,199.75833333333333,background_blank_patch,1,,,
A_pH_test_dataset/wine_training/2.jpg,A_pH_test_dataset,wine_training,2.jpg,6c9e25dd8f0950e729a871e8fa886cbc,563,1001,dataset_annotation,205,393,16,30,1,2.84,139.6470918069497,78.60088932954731,283.29374161934237,480,170.77708333333334,0.0,GOOD,,169.07291666666666,2.408512644708809,194.27916666666667,2.5838406759877612,53.33541666666667,2.584004449116827,0.40578259903067937,0.002465189030683447,0.46628432805739817,0.0027819821702733867,0.1279330705113145,0.004107652934925308,35.35208333333333,0.4776197857315191,184.98125,2.636613693894753,194.27916666666667,2.5838406759877612,189.9375,2.3603164512412316,101.2125,0.8591723245853146,191.97916666666666,0.3973654559162831,165.16235385100688,2.3528050826986577,184.8132623839393,2.4579476688251227,70.70048742767982,3.4253107125725335,0.3926513675921152,0.0028382415775472557,0.4393743578435524,0.0031798458024755037,0.16797427218636807,0.005148106799294836,35.25208333333333,0.43420885111762625,158.03958333333333,3.6429863884440867,184.27916666666667,2.5838406759877612,182.36875,2.361025223111068,105.4375,0.6057450646380318,182.08125,0.7097993407764385,150.87708333333333,210.24375,204.73541666666668,background_blank_patch,1,,,
A_pH_test_dataset/wine_training/3.jpg,A_pH_test_dataset,wine_training,3.jpg,4575b1adec697268e557888333cb8626,563,1001,dataset_annotation,199,389,16,30,1,2.84,134.3329530150134,79.16564554230195,269.03260992961805,480,177.26041666666666,0.0,GOOD,,175.96458333333334,2.2446222383856833,199.21666666666667,2.015288785481845,68.93125,1.9087142541948667,0.39622068785747777,0.001616999064538224,0.4485908117330312,0.0017347715903927034,0.15518849815742886,0.0027050774387046323,35.14791666666667,0.35501736068661327,166.7375,1.756490938395831,199.21666666666667,2.015288785481845,195.17708333333334,1.9663565698321914,102.6625,0.4728570079844434,188.16458333333333,0.5986058745581734,175.91510720943066,2.2439911158843415,192.55739025372537,1.9479231112188629,92.94884400370817,2.5737641992682976,0.3812550495949176,0.0018502577807157621,0.41733568762280837,0.0019599420217006136,0.20140926061465364,0.0033182628072105174,35.14791666666667,0.35501736068661327,132.20208333333332,2.6588679909043162,192.21666666666667,2.015288785481845,190.275,1.953469136348631,107.375,0.4841229182759271,175.57708333333332,0.8504262615823249,148.32083333333333,206.91666666666666,200.05625,background_blank_patch,1,,,
A_pH_test_dataset/wine_training/4.jpg,A_pH_test_dataset,wine_training,4.jpg,ea36ef5135073bedd7edcecb5054ef34,563,1001,dataset_annotation,201,406,16,30,1,3.214,130.87152456779455,79.46973011171848,262.78637023453166,480,146.44583333333333,0.0,GOOD,,135.1125,3.5502127283680713,167.45416666666668,3.534058003516951,68.97916666666667,2.9943668176909934,0.36365396973747016,0.0019511680269324312,0.4507622535766332,0.003291760992584096,0.18558377399257042,0.00394278186748943,40.145833333333336,0.3529390488770295,150.07083333333333,2.9060252302567657,167.45416666666668,3.534058003516951,164.48333333333332,3.370171443050866,101.32083333333334,0.6399734152464633,174.42291666666668,0.7920804839506876,137.65919510952625,3.617129626457538,163.01869954975055,3.4404491171219247,94.26066161817457,4.091829620485329,0.34857378750129286,0.0021648583660370054,0.41284594176532746,0.003546219886228549,0.23858026819944544,0.004733546294297982,41.12708333333333,0.4454583703582437,107.82083333333334,4.240821379429017,162.45416666666668,3.534058003516951,161.93333333333334,3.2774058169364513,107.325,0.6759252917297887,160.7625,1.1840300179190277,146.35833333333332,205.44166666666666,196.3,background_blank_patch,1,,,
A_pH_test_dataset/wine_training/5.jpg,A_pH_test_dataset,wine_training,5.jpg,cdea9a483eb8e37cb19c4d4aa2878af4,563,1001,dataset_annotation,199,409,16,30,1,3.214,139.55909277223665,78.54148604638516,287.7338196626787,480,149.875,0.0,GOOD,,139.28958333333333,2.9200270820186276,169.57083333333333,2.5753606813199754,75.77083333333333,2.014939859868996,0.36212259347236553,0.002272220204353535,0.44089270199614305,0.0026091666404677457,0.19698470193077655,0.0032613396034993874,39.52916666666667,0.6013728506970991,141.05,2.4241837114102274,169.57083333333333,2.5753606813199754,166.95416666666668,2.4319880699177414,102.65,0.4941322360124531,172.22916666666666,0.8251157326231408,135.8812291683603,2.8485753177972146,161.68048865272883,2.4555259016409408,99.94915976201273,2.6579032736637043,0.34181900693604017,0.0023870400964631573,0.40676118800300604,0.002765486354209486,0.25141980254447904,0.0038805446726398996,42.58125,0.7783947825493179,97.96875,3.484648251617371,161.33541666666667,2.2716540947927983,161.05,2.324148589627321,107.9125,0.6230385889600525,157.37291666666667,1.2232537865826898,151.61875,209.76041666666666,205.01666666666668,background_blank_patch,1,,,
A_pH_test_dataset/wine_training/6.jpg,A_pH_test_dataset,wine_training,6.jpg,8d9df20c32995dc56dcfefdcb31957bb,563,1001,dataset_annotation,201,410,16,30,1,3.214,135.69653792033898,79.12664880154698,244.2327045462214,480,149.89583333333334,0.0,GOOD,,139.175,1.9891895334532603,170.49583333333334,2.1055441036041542,74.1375,2.0549356234847522,0.36262491347473874,0.0013875016465558722,0.44424565884037576,0.002121059180365224,0.19312942507879688,0.0025773661198992453,39.72083333333333,0.44858961076789206,144.24583333333334,2.002598138807573,170.49583333333334,2.1055441036041542,167.58541666666667,1.9908634625179318,102.22291666666666,0.41620286686769575,173.45833333333334,0.6999503950677902,138.74287375777527,1.9830132733622665,163.4488061594384,2.0185166013840656,99.02466851251512,2.744755608567003,0.34581920425662793,0.0015114350568648366,0.40741218591777695,0.002270259902701133,0.24676860733251946,0.0030690882962223563,41.71666666666667,0.4506168611531925,100.76666666666667,2.888867521288499,162.8125,1.7929985359726315,162.69375,1.8596489644105776,108.08333333333333,0.5602578771323871,158.52291666666667,0.8007131153263044,149.73541666666668,208.62291666666667,200.62291666666667,background_blank_patch,1,,,
A_pH_test_dataset/wine_training/7.jpg,A_pH_test_dataset,wine_training,7.jpg,c18bbbb257b390f9bf94178d147a7655,563,1001,dataset_annotation,203,393,16,30,1,3.598,130.98244561832485,79.55790227447217,275.7217193505066,480,131.83125,0.0,GOOD,,116.92708333333333,2.3480700925914078,147.36875,2.428876304830418,91.56458333333333,2.272112598381124,0.32857099185008354,0.0010508413046454044,0.41414475860099764,0.0022152160196959817,0.2572842467377996,0.0024746304425484512,46.36666666666667,0.4818944098266987,96.60208333333334,2.3817876325123715,147.36875,2.428876304830418,146.9,2.203784623475413,106.88333333333334,0.40688518719112343,154.17916666666667,0.9360729880136959,119.48098948354409,2.3993563342356974,144.07454554712564,2.3745824661512325,123.92956336618309,3.0752274731715925,0.30834827488305105,0.0011156243785000945,0.37184672617785886,0.0022792124407783987,0.31980499635736154,0.0028084076914892866,65.7625,1.873568898297222,43.45625,1.2934782323255385,143.36875,2.428876304830418,145.83125,2.2973405140509757,115.325,0.6111805516102967,135.7375,0.9386659416427124,147.76875,204.57291666666666,195.725,background_blank_patch,1,,,
A_pH_test_dataset/wine_training/8.jpg,A_pH_test_dataset,wine_training,8.jpg,b102a90824bb3b2ec71f79cedbfae91a,563,1001,dataset_annotation,202,392,16,30,1,3.598,130.95236202518618,79.50423495096786,277.6762749946752,480,114.93333333333334,0.0,GOOD,,99.93333333333334,3.474270506963376,130.93333333333334,3.474270506963376,72.56666666666666,3.404000913957313,0.32933327491892067,0.001051576161544944,0.4316136043845413,0.003339648255227849,0.23905311739717253,0.0035640682158804013,46.0,0.0,113.76875,3.186341701308885,130.93333333333334,3.474270506963376,130.84583333333333,3.3741022468535573,106.0,0.0,155.72083333333333,0.4577837614225981,101.84288747346072,3.540657841491338,128.0521597392013,3.397819566712348,98.02166877726185,4.598059486983285,0.31057880335891935,0.0011699649191836128,0.39061693588534574,0.0034824383286085722,0.2988042577024973,0.0040915560302431046,56.5125,1.3616205112536557,60.71041666666667,4.552642986191891,127.8625,3.337578026553587,129.69375,3.562531067116,112.0875,0.5633327169621875,141.44166666666666,0.9380461372211687,148.0625,204.5,196.25,background_blank_patch,1,,,
A_pH_test_dataset/wine_training/9.jpg,A_pH_test_dataset,wine_training,9.jpg,b726466133d7f4a82db26d34fcc72852,563,1001,dataset_annotation,200,396,16,30,1,3.598,131.0110777322145,79.53097520656488,276.9062644014341,480,123.32083333333334,0.0,GOOD,,108.1875,2.431188409674029,138.77916666666667,2.4146219798460287,83.5375,2.2207942460600294,0.32733021422905334,0.0015043593812649391,0.4199336389021581,0.002540089105005893,0.2527361438418393,0.002664746668304863,46.675,0.5938925267532277,101.58958333333334,2.4866928827371417,138.77916666666667,2.4146219798460287,138.7125,2.459812408159072,106.61666666666666,0.48619840486049415,154.2875,0.6427885214698014,110.5128750798042,2.483444215031994,135.62448464365335,2.359733593244825,111.95086200879459,2.976146403598282,0.30861212119463916,0.0015211967790467495,0.3787800069632601,0.0025826086096314028,0.31260786904827725,0.0030241623977440716,61.614583333333336,1.8606102922756884,46.864583333333336,1.9398227564364972,134.77916666666667,2.4146219798460287,137.31666666666666,2.2912272305954775,114.45416666666667,0.5791366898717052,137.67083333333332,0.9958158994289835,149.23958333333334,204.65208333333334,195.79166666666666,background_blank_patch,1,,,
A_pH_test_dataset/wine_training/10.jpg,A_pH_test_dataset,wine_training,10.jpg,f15be37804b0e4e5e15008379ed9095f,563,1001,dataset_annotation,202,401,16,30,1,4.009,131.49336986281924,79.7218982581347,280.80708979922457,480,106.02916666666667,0.0,GOOD,,89.37916666666666,3.07035274394038,115.04583333333333,2.869738543065475,102.07083333333334,2.823853626793633,0.2915713555867386,0.0023582915376930812,0.3753955018203647,0.0016318659885189537,0.3330331393276194,0.0010863024473070832,74.85833333333333,0.4965855638479861,56.97291666666667,2.487739903283478,115.04583333333333,2.869738543065475,118.02916666666667,2.8670512096732574,115.7375,0.4763686422649305,131.97916666666666,0.1428261375083551,90.62047842847336,3.1129942801740125,111.89301453827062,2.7910936642954844,137.4363577710142,3.8022630429357296,0.26652929013276927,0.0022111174497799007,0.32917760619168485,0.0014022981235236355,0.4042931007316059,0.0011987518311980484,106.65625,0.622965438447431,86.67708333333333,1.7326207970554,136.90208333333334,3.9275729137796485,117.83958333333334,3.0409181441995807,126.99375,0.42076629003917765,111.41041666666666,0.639250727849062,148.53541666666666,205.63541666666666,197.26041666666666,background_blank_patch,1,,,
A_pH_test_dataset/wine_training/11.jpg,A_pH_test_dataset,wine_training,11.jpg,cf22cfb89f700cdae8d0aa863c1ab3a7,563,1001,dataset_annotation,199,400,16,30,1,4.009,132.45372034714842,79.4123551010887,261.87846425835977,480,102.38541666666667,0.0,GOOD,,87.38541666666667,2.81280476743805,111.35625,2.8196044529035156,98.44375,2.8293407837928135,0.2940120931699858,0.0011200974032454336,0.374736198779922,0.0013945942240944681,0.33125170468250204,0.0009457233622719135,74.0875,0.5048205126577169,54.99583333333333,1.4534382129588066,111.35625,2.8196044529035156,114.35625,2.8196044529035156,116.03541666666666,0.18483053424390922,131.97083333333333,0.16827350421923895,88.27924401229112,2.8415757216194466,108.12598616336935,2.737812310138139,132.25020990764065,3.800961590317802,0.26857915336596627,0.001024199547666516,0.3290250509166981,0.0012984495903439863,0.4023957926721942,0.0010205776834022616,106.36458333333333,0.5385124508516236,85.84583333333333,0.8448269875476806,131.67708333333334,3.8834445397167134,114.13125,3.1040065674597614,126.69583333333334,0.5235926905100524,112.0625,0.6553068619611223,148.875,205.975,197.975,background_blank_patch,1,,,
A_pH_test_dataset/wine_training/12.jpg,A_pH_test_dataset,wine_training,12.jpg,ddf90642c47fc6ad286d1bdac64a6cab,563,1001,dataset_annotation,202,401,16,30,1,4.009,133.68189182043534,79.64226546170211,275.75961185421903,480,106.16458333333334,0.0,GOOD,,89.16458333333334,3.1839434133982687,115.16458333333334,3.1839434133982687,102.98958333333333,3.381613248099525,0.29009985127384275,0.0015871467111684481,0.3747857940084366,0.0018056906787116925,0.33511435146056906,0.0021271291969924607,75.825,0.9845684333757608,57.66875,1.616536453089341,115.16458333333334,3.1839434133982687,118.15625,3.2058804205449296,115.79375,0.4046120827409878,131.5875,0.49228421668788036,89.31250717333917,3.1892255682456745,110.79399120125869,3.063110101378274,136.7061653969,4.488680942681504,0.265137339542105,0.0015483690507728425,0.32899107390366594,0.0017554926740821826,0.405871583582272,0.0023010511237562562,106.60833333333333,0.5407684860969207,88.29791666666667,1.79953577154097,136.31875,4.522681553846125,116.82083333333334,3.4328655627947655,127.09166666666667,0.5700268024887564,111.17291666666667,0.9249413457379638,150.67291666666668,207.88958333333332,199.66875,background_blank_patch,1,,,
A_pH_test_dataset/wine_training/13.jpg,A_pH_test_dataset,wine_training,13.jpg,d5e236ee04ef25039f1b1f9cf9676738,563,1001,dataset_annotation,199,405,16,30,1,4.355,132.37675113518807,79.60586795702496,256.791383738975,480,88.54791666666667,0.0,GOOD,,74.7875,3.7700367482735935,90.27916666666667,3.848861213253719,116.1,3.751999466950921,0.2658873321666009,0.0033274889393916265,0.32106008152784327,0.0022026507570992934,0.4130525827433111,0.003748531550531641,108.8,0.9069178573608527,90.85208333333334,3.435870194442094,116.1,3.751999466950921,97.1625,4.037151687762054,128.91666666666666,0.7283924461137387,111.45625,0.5720599655339172,75.58269291504368,3.810122411140805,87.5982938810164,3.7345678755620386,156.64052618264608,5.062146173472866,0.23623016031163951,0.003173709968882523,0.27386447727609325,0.0020619410222663527,0.4899053592808125,0.0038818236863285573,115.29166666666667,0.4982608642958916,132.87916666666666,2.5368088823471813,156.12916666666666,5.010404106013362,99.98958333333333,4.124860582660811,143.38541666666666,0.5621719722548332,88.85208333333334,0.7562213034041174,148.2375,206.12083333333334,197.89583333333334,background_blank_patch,1,,,
A_pH_test_dataset/wine_training/14.jpg,A_pH_test_dataset,wine_training,14.jpg,f1c22b437f6c161de4ea7e0bb5b87d43,563,1001,dataset_annotation,197,399,16,30,1,4.355,132.52981831667444,79.49235874788401,274.3190933267541,480,102.16666666666667,0.0,GOOD,,85.07708333333333,5.795139471406668,106.26458333333333,5.809367061885677,124.2,5.647049377034582,0.26942765623970727,0.0038645254779452057,0.3367683004546855,0.0016055128044820612,0.3938040401272367,0.0041582894620795985,103.42708333333333,0.6574063885620692,80.50208333333333,4.24656673008391,124.2,5.647049377034582,112.05208333333333,5.970011501361524,124.77083333333333,0.47607699540678877,115.48958333333333,0.5122416354178521,,,,,,,,,,,,,,,,,,,,,,,,,,,,none,0,,,
A_pH_test_dataset/wine_training/15.jpg,A_pH_test_dataset,wine_training,15.jpg,be409689ae5eb8096a0b69fd3e9e92da,563,1001,dataset_annotation,203,403,16,30,1,4.355,126.89157911360398,78.67975141211302,223.03764713259056,480,83.33125,0.0,GOOD,,72.25833333333334,3.076106395356889,83.36875,3.1217420517236842,111.60208333333334,3.0730677928939705,0.27032654067447925,0.002515551302011168,0.3119450180671688,0.0015864619470902532,0.41772843751186767,0.0034097761597070863,111.92708333333333,0.3831011525113903,89.94166666666666,2.85057255457371,111.60208333333334,3.0730677928939705,90.62291666666667,3.450467334490922,131.10625,0.41728599804770194,110.36875,0.6978109372650062,,,,,,,,,,,,,,,,,,,,,,,,,,,,none,0,,,
